persona,family,topology,n_live_continuous,n_dead_continuous,continuous_MPR,continuous_meanNodeMPR,n_live_dual,n_dead_dual,discrete_MPR,discrete_meanNodeMPR,kStar_rate_continuous,kStar_rate_dual
conspiracy_believer,conspiracy,linear_chain,6,0,2.3854166666666665,2.3854166666666665,5,1,2.625,2.625,0.5,0.4
conspiracy_believer,conspiracy,ring,6,0,2.4270833333333335,2.4270833333333335,3,3,3.5416666666666665,3.5416666666666665,0.5,1.0
conspiracy_believer,conspiracy,random_er,4,2,2.7708250000000003,2.77565,4,2,3.87005,3.8689999999999998,0.5,0.75
conspiracy_believer,conspiracy,small_world,5,1,2.0733200000000003,2.08102,6,0,3.3878500000000003,3.4638666666666666,0.4,0.6666666666666666
conspiracy_believer,conspiracy,scale_free,6,0,2.327083333333334,2.3492166666666665,4,2,3.3536,3.353425,0.5,0.75
conspiracy_believer,conspiracy,echo_chamber,6,0,2.5512,2.5894666666666666,5,1,3.45664,3.46336,0.5,0.6
conspiracy_believer,conspiracy,polarized,5,1,2.52178,2.47342,5,1,3.6333399999999996,3.5885800000000003,0.4,0.6
conspiracy_believer,conspiracy,hierarchical,6,0,2.8503166666666666,2.884133333333334,6,0,3.160083333333333,3.1681166666666667,0.5,0.6666666666666666
conspiracy_haarp_weather,conspiracy,linear_chain,6,0,2.658333333333333,2.658333333333333,6,0,3.3958333333333335,3.3958333333333335,0.5,0.6666666666666666
conspiracy_haarp_weather,conspiracy,ring,5,1,2.725,2.725,5,1,3.225,3.225,0.4,0.6
conspiracy_haarp_weather,conspiracy,random_er,3,3,2.1889333333333334,2.1932666666666667,5,1,3.4386200000000002,3.44422,0.3333333333333333,0.6
conspiracy_haarp_weather,conspiracy,small_world,6,0,2.3736166666666665,2.376983333333333,6,0,2.9283333333333332,2.9315833333333337,0.5,0.6666666666666666
conspiracy_haarp_weather,conspiracy,scale_free,5,1,2.8322200000000004,2.8399799999999997,5,1,3.61564,3.60702,0.6,0.8
conspiracy_haarp_weather,conspiracy,echo_chamber,5,1,2.26696,2.2731000000000003,6,0,3.3220666666666663,3.3271333333333337,0.4,0.6666666666666666
conspiracy_haarp_weather,conspiracy,polarized,6,0,2.60555,2.6375,5,1,4.14062,4.1666799999999995,0.6666666666666666,1.0
conspiracy_haarp_weather,conspiracy,hierarchical,4,2,1.950775,1.9369,6,0,2.9556833333333334,2.9956833333333326,0.25,0.6666666666666666
conspiracy_depopulation,conspiracy,linear_chain,6,0,2.0729166666666665,2.0729166666666665,4,2,3.071425,3.071425,0.3333333333333333,0.25
conspiracy_depopulation,conspiracy,ring,5,1,1.7225000000000001,1.7225000000000001,5,1,3.425,3.425,0.4,0.6
conspiracy_depopulation,conspiracy,random_er,6,0,2.13985,1.929,5,1,3.4277,3.42752,0.5,0.6
conspiracy_depopulation,conspiracy,small_world,4,2,1.0984500000000001,1.101225,4,2,2.721275,2.7188000000000003,0.25,0.5
conspiracy_depopulation,conspiracy,scale_free,5,1,1.82606,1.8134799999999998,5,1,3.0595799999999995,3.0919,0.4,0.6
conspiracy_depopulation,conspiracy,echo_chamber,6,0,2.0005166666666665,2.0232666666666668,6,0,3.3071333333333333,3.310933333333333,0.16666666666666666,0.6666666666666666
conspiracy_depopulation,conspiracy,polarized,6,0,2.5729166666666665,2.5736166666666667,5,1,3.1542600000000003,3.13444,0.5,0.6
conspiracy_depopulation,conspiracy,hierarchical,5,1,1.82892,1.8165799999999996,3,3,4.3661,4.385566666666667,0.2,1.0
conspiracy_climate_piggyback,conspiracy,linear_chain,5,1,1.27584,1.27584,5,1,2.96428,2.96428,0.2,0.6
conspiracy_climate_piggyback,conspiracy,ring,6,0,2.3541666666666665,2.3541666666666665,5,1,2.625,2.625,0.5,0.4
conspiracy_climate_piggyback,conspiracy,random_er,6,0,2.1926833333333335,2.1941,4,2,2.98645,2.9998750000000003,0.3333333333333333,0.5
conspiracy_climate_piggyback,conspiracy,small_world,4,2,1.8378999999999999,1.843175,5,1,2.8253999999999997,2.99578,0.25,0.4
conspiracy_climate_piggyback,conspiracy,scale_free,5,1,2.0031,2.00274,6,0,2.2371,2.2373999999999996,0.4,0.3333333333333333
conspiracy_climate_piggyback,conspiracy,echo_chamber,6,0,2.054066666666667,2.035416666666667,6,0,2.5014166666666666,2.49495,0.3333333333333333,0.3333333333333333
conspiracy_climate_piggyback,conspiracy,polarized,4,2,2.0979,2.049625,4,2,2.916675,2.916675,0.25,0.25
conspiracy_climate_piggyback,conspiracy,hierarchical,5,1,1.6983800000000002,1.7144399999999997,5,1,2.6471399999999994,2.6457800000000002,0.2,0.6
climate_action_advocate,climate_action,linear_chain,6,0,0.15625,0.15625,6,0,1.1666666666666667,1.1666666666666667,0.0,0.0
climate_action_advocate,climate_action,ring,6,0,0.28125,0.28125,4,2,1.5,1.5,0.0,0.0
climate_action_advocate,climate_action,random_er,5,1,0.3317,0.33198,4,2,1.10745,1.1248,0.0,0.0
climate_action_advocate,climate_action,small_world,4,2,0.259125,0.25927500000000003,5,1,0.9313600000000001,0.9339000000000001,0.0,0.0
climate_action_advocate,climate_action,scale_free,5,1,0.32374,0.32548,6,0,0.9703333333333334,0.9703333333333332,0.0,0.0
climate_action_advocate,climate_action,echo_chamber,3,3,0.027766666666666665,0.027766666666666665,5,1,1.1901800000000002,1.18594,0.0,0.0
climate_action_advocate,climate_action,polarized,5,1,0.0,0.0,3,3,0.7916666666666666,0.7533333333333333,0.0,0.0
climate_action_advocate,climate_action,hierarchical,3,3,0.4444333333333333,0.39999999999999997,4,2,0.806775,0.829725,0.0,0.0
climate_justice_youth,climate_action,linear_chain,5,1,0.5375,0.5375,6,0,1.375,1.375,0.0,0.0
climate_justice_youth,climate_action,ring,5,1,0.25,0.25,6,0,1.375,1.375,0.0,0.0
climate_justice_youth,climate_action,random_er,5,1,0.275,0.29378000000000004,6,0,1.3230000000000002,1.3320499999999997,0.0,0.0
climate_justice_youth,climate_action,small_world,6,0,0.31255,0.31015,6,0,1.1096833333333334,1.1108666666666667,0.0,0.0
climate_justice_youth,climate_action,scale_free,4,2,0.33532500000000004,0.33465000000000006,6,0,1.3864500000000002,1.3829,0.0,0.0
climate_justice_youth,climate_action,echo_chamber,6,0,0.03985,0.0399,6,0,1.4912833333333333,1.5012166666666664,0.0,0.16666666666666666
climate_justice_youth,climate_action,polarized,6,0,0.006883333333333334,0.0070999999999999995,4,2,1.104175,1.133675,0.0,0.0
climate_justice_youth,climate_action,hierarchical,4,2,0.3125,0.3125,6,0,1.2256,1.20505,0.0,0.0
mitigation_first_policy,climate_action,linear_chain,4,2,0.125,0.125,6,0,1.0277833333333335,1.0277833333333335,0.0,0.0
mitigation_first_policy,climate_action,ring,5,1,0.1,0.1,6,0,0.9166666666666666,0.9166666666666666,0.0,0.0
mitigation_first_policy,climate_action,random_er,5,1,0.045880000000000004,0.04564,6,0,0.7542833333333333,0.7535000000000002,0.0,0.0
mitigation_first_policy,climate_action,small_world,6,0,0.008333333333333333,0.008333333333333333,5,1,0.8419800000000001,0.8423400000000001,0.0,0.0
mitigation_first_policy,climate_action,scale_free,4,2,0.032075,0.031175,6,0,0.5522333333333332,0.5494833333333333,0.0,0.0
mitigation_first_policy,climate_action,echo_chamber,6,0,0.01065,0.010033333333333333,5,1,0.51996,0.50934,0.0,0.0
mitigation_first_policy,climate_action,polarized,6,0,0.0008166666666666666,0.0014833333333333332,5,1,0.70588,0.7044,0.0,0.0
mitigation_first_policy,climate_action,hierarchical,3,3,0.11109999999999999,0.11109999999999999,4,2,0.677225,0.6676500000000001,0.0,0.0
environmental_concern,science_env,linear_chain,5,1,0.22858,0.22858,6,0,1.0833333333333333,1.0833333333333333,0.0,0.0
environmental_concern,science_env,ring,6,0,0.28125,0.28125,6,0,0.75,0.75,0.0,0.0
environmental_concern,science_env,random_er,4,2,0.34235000000000004,0.34475,4,2,0.930075,0.9312,0.0,0.0
environmental_concern,science_env,small_world,3,3,0.007933333333333334,0.020833333333333332,1,5,1.8,1.875,0.0,0.0
environmental_concern,science_env,scale_free,5,1,0.26364,0.26666,3,3,0.8333333333333334,0.8333333333333334,0.0,0.0
environmental_concern,science_env,echo_chamber,6,0,0.004116666666666667,0.0061,5,1,0.8779,0.87684,0.0,0.0
environmental_concern,science_env,polarized,6,0,0.021183333333333332,0.02415,6,0,0.48491666666666666,0.4931666666666667,0.0,0.0
environmental_concern,science_env,hierarchical,5,1,0.0,0.0,6,0,0.7681,0.7285666666666666,0.0,0.0
biodiversity_food_security,science_env,linear_chain,5,1,0.3,0.3,6,0,1.18055,1.18055,0.0,0.0
biodiversity_food_security,science_env,ring,5,1,0.33584,0.33584,5,1,1.28572,1.28572,0.0,0.0
biodiversity_food_security,science_env,random_er,6,0,0.21866666666666668,0.21995,4,2,1.327425,1.3322,0.0,0.0
biodiversity_food_security,science_env,small_world,3,3,0.0625,0.07143333333333333,5,1,0.8745200000000001,0.81836,0.0,0.0
biodiversity_food_security,science_env,scale_free,5,1,0.26568,0.26694,6,0,1.1907500000000002,1.1907833333333333,0.0,0.0
biodiversity_food_security,science_env,echo_chamber,5,1,0.21936000000000005,0.2205,4,2,1.4068999999999998,1.40025,0.0,0.0
biodiversity_food_security,science_env,polarized,5,1,0.17104,0.17246,2,4,1.0,1.0,0.0,0.0
biodiversity_food_security,science_env,hierarchical,5,1,0.0,0.0,5,1,0.8949,0.8988200000000001,0.0,0.0
ozone_stratosphere_specialist,science_env,linear_chain,6,0,0.125,0.125,6,0,0.9682666666666666,0.9682666666666666,0.0,0.0
ozone_stratosphere_specialist,science_env,ring,5,1,0.225,0.225,5,1,0.85,0.85,0.0,0.0
ozone_stratosphere_specialist,science_env,random_er,3,3,0.0,0.0,3,3,1.223,1.2206666666666666,0.0,0.0
ozone_stratosphere_specialist,science_env,small_world,5,1,0.16666,0.16666,5,1,0.88666,0.9000000000000001,0.0,0.0
ozone_stratosphere_specialist,science_env,scale_free,5,1,0.36666,0.35416,3,3,1.0071333333333332,1.0194333333333334,0.0,0.0
ozone_stratosphere_specialist,science_env,echo_chamber,6,0,0.15446666666666664,0.15695,4,2,0.9177500000000001,0.8689000000000001,0.0,0.0
ozone_stratosphere_specialist,science_env,polarized,6,0,0.1755833333333333,0.19268333333333332,6,0,1.0549833333333332,1.0419833333333333,0.0,0.0
ozone_stratosphere_specialist,science_env,hierarchical,3,3,0.0,0.0,5,1,0.8959999999999999,0.8973599999999999,0.0,0.0
science_journalist,science_env,linear_chain,3,3,0.0,0.0,6,0,0.625,0.625,0.0,0.0
science_journalist,science_env,ring,5,1,0.1125,0.1125,6,0,0.7708333333333334,0.7708333333333334,0.0,0.0
science_journalist,science_env,random_er,5,1,0.00992,0.018820000000000003,5,1,0.67294,0.6613600000000001,0.0,0.0
science_journalist,science_env,small_world,4,2,0.004900000000000001,0.00505,5,1,0.4156000000000001,0.41938,0.0,0.0
science_journalist,science_env,scale_free,5,1,0.05174000000000001,0.051480000000000005,3,3,0.8321999999999999,0.8404000000000001,0.0,0.0
science_journalist,science_env,echo_chamber,4,2,0.02205,0.02175,4,2,0.7544249999999999,0.684175,0.0,0.0
science_journalist,science_env,polarized,5,1,0.02382,0.02436,6,0,0.7463833333333333,0.7573166666666666,0.0,0.0
science_journalist,science_env,hierarchical,6,0,0.008133333333333334,0.005583333333333333,4,2,0.62405,0.633075,0.0,0.0
climate_scientist,science_env,linear_chain,5,1,0.0,0.0,6,0,0.75,0.75,0.0,0.0
climate_scientist,science_env,ring,6,0,0.020833333333333332,0.020833333333333332,5,1,0.7,0.7,0.0,0.0
climate_scientist,science_env,random_er,5,1,0.0316,0.031439999999999996,6,0,0.83595,0.8604333333333333,0.0,0.0
climate_scientist,science_env,small_world,6,0,0.003933333333333333,0.005566666666666667,6,0,0.5239666666666666,0.5233,0.0,0.0
climate_scientist,science_env,scale_free,6,0,0.022416666666666668,0.022316666666666665,4,2,1.0658500000000002,1.070975,0.0,0.0
climate_scientist,science_env,echo_chamber,6,0,0.00325,0.003133333333333333,5,1,0.68648,0.6904,0.0,0.0
climate_scientist,science_env,polarized,5,1,0.00886,0.00778,6,0,0.7638833333333332,0.7777666666666666,0.0,0.0
climate_scientist,science_env,hierarchical,3,3,0.0,0.0,5,1,0.77668,0.76954,0.0,0.0
