runDir,experimentName,slice,arm,topology,rest,miScoringMode,articleId,status,llmCalls,nEvents,nScored,dead,meanMI,meanNodeMPR,maxMI,meanDiscreteMI,meanContinuousMI,meanDualGap,meanAgreement,kStarDiscrete,kStarContinuous,kStarCensoredDiscrete,hatchStatus,hatchNote
T2c_H_echo_chamber_biodiversity_food_security_2026-09-19_04-43-08,T2c_H_echo_chamber_biodiversity_food_security,T2c_H,H,echo_chamber,biodiversity_food_security,continuous,climate_consensus,complete,1076,1,0,true,,,,,,,,,,false,hatched_dead_after_llm,nScored <= 1 but llmCalls>0; keep the row; do not drop; do not read as mix immunises
T2c_H_echo_chamber_climate_action_advocate_2026-09-19_04-30-38,T2c_H_echo_chamber_climate_action_advocate,T2c_H,H,echo_chamber,climate_action_advocate,continuous,sai_geoengineering,complete,38,1,0,true,,,,,,,,,,false,hatched_dead_after_llm,nScored <= 1 but llmCalls>0; keep the row; do not drop; do not read as mix immunises
T2c_H_echo_chamber_climate_action_advocate_2026-09-19_04-30-38,T2c_H_echo_chamber_climate_action_advocate,T2c_H,H,echo_chamber,climate_action_advocate,continuous,climate_consensus,complete,38,1,0,true,,,,,,,,,,false,hatched_dead_after_llm,nScored <= 1 but llmCalls>0; keep the row; do not drop; do not read as mix immunises
T2c_H_echo_chamber_climate_action_advocate_2026-09-19_04-30-38,T2c_H_echo_chamber_climate_action_advocate,T2c_H,H,echo_chamber,climate_action_advocate,continuous,polar_bears,complete,38,1,0,true,,,,,,,,,,false,hatched_dead_after_llm,nScored <= 1 but llmCalls>0; keep the row; do not drop; do not read as mix immunises
T2c_H_echo_chamber_climate_scientist_2026-09-19_04-45-38,T2c_H_echo_chamber_climate_scientist,T2c_H,H,echo_chamber,climate_scientist,continuous,climate_consensus,complete,1122,1,0,true,,,,,,,,,,false,hatched_dead_after_llm,nScored <= 1 but llmCalls>0; keep the row; do not drop; do not read as mix immunises
T2c_H_echo_chamber_conspiracy_haarp_weather_2026-09-19_04-13-27,T2c_H_echo_chamber_conspiracy_haarp_weather,T2c_H,H,echo_chamber,conspiracy_haarp_weather,continuous,scopex_2017,complete,673,1,0,true,,,,,,,,,,false,hatched_dead_after_llm,nScored <= 1 but llmCalls>0; keep the row; do not drop; do not read as mix immunises
T2c_H_echo_chamber_ozone_stratosphere_specialist_2026-09-19_04-32-32,T2c_H_echo_chamber_ozone_stratosphere_specialist,T2c_H,H,echo_chamber,ozone_stratosphere_specialist,continuous,sai_geoengineering,complete,1053,1,0,true,,,,,,,,,,false,hatched_dead_after_llm,nScored <= 1 but llmCalls>0; keep the row; do not drop; do not read as mix immunises
T2c_H_echo_chamber_science_journalist_2026-09-19_04-45-58,T2c_H_echo_chamber_science_journalist,T2c_H,H,echo_chamber,science_journalist,continuous,sai_geoengineering,complete,880,1,0,true,,,,,,,,,,false,hatched_dead_after_llm,nScored <= 1 but llmCalls>0; keep the row; do not drop; do not read as mix immunises
T2c_H_echo_chamber_science_journalist_2026-09-19_04-45-58,T2c_H_echo_chamber_science_journalist,T2c_H,H,echo_chamber,science_journalist,continuous,polar_bears,complete,880,1,0,true,,,,,,,,,,false,hatched_dead_after_llm,nScored <= 1 but llmCalls>0; keep the row; do not drop; do not read as mix immunises
T2c_H_hierarchical_biodiversity_food_security_2026-09-19_04-31-12,T2c_H_hierarchical_biodiversity_food_security,T2c_H,H,hierarchical,biodiversity_food_security,continuous,sai_geoengineering,complete,45,1,0,true,,,,,,,,,,false,hatched_dead_after_llm,nScored <= 1 but llmCalls>0; keep the row; do not drop; do not read as mix immunises
T2c_H_hierarchical_climate_action_advocate_2026-09-19_04-26-01,T2c_H_hierarchical_climate_action_advocate,T2c_H,H,hierarchical,climate_action_advocate,continuous,scopex_2017,complete,143,71,0,true,,,,,,,,,,false,hatched_dead_after_llm,nScored <= 1 but llmCalls>0; keep the row; do not drop; do not read as mix immunises
T2c_H_hierarchical_climate_action_advocate_2026-09-19_04-26-01,T2c_H_hierarchical_climate_action_advocate,T2c_H,H,hierarchical,climate_action_advocate,continuous,paris_agreement,complete,143,75,0,true,,,,,,,,,,false,hatched_dead_after_llm,nScored <= 1 but llmCalls>0; keep the row; do not drop; do not read as mix immunises
T2c_H_hierarchical_climate_action_advocate_2026-09-19_04-26-01,T2c_H_hierarchical_climate_action_advocate,T2c_H,H,hierarchical,climate_action_advocate,continuous,climate_consensus,complete,143,72,1,true,0,0,0,,0,,,,,false,hatched_dead_after_llm,nScored <= 1 but llmCalls>0; keep the row; do not drop; do not read as mix immunises
T2c_H_hierarchical_climate_justice_youth_2026-09-19_04-26-51,T2c_H_hierarchical_climate_justice_youth,T2c_H,H,hierarchical,climate_justice_youth,continuous,scopex_2017,complete,119,78,0,true,,,,,,,,,,false,hatched_dead_after_llm,nScored <= 1 but llmCalls>0; keep the row; do not drop; do not read as mix immunises
T2c_H_hierarchical_climate_justice_youth_2026-09-19_04-26-51,T2c_H_hierarchical_climate_justice_youth,T2c_H,H,hierarchical,climate_justice_youth,continuous,paris_agreement,complete,119,69,0,true,,,,,,,,,,false,hatched_dead_after_llm,nScored <= 1 but llmCalls>0; keep the row; do not drop; do not read as mix immunises
T2c_H_hierarchical_climate_scientist_2026-09-19_04-31-18,T2c_H_hierarchical_climate_scientist,T2c_H,H,hierarchical,climate_scientist,continuous,chemtrails_gates_2018_2021,complete,30,76,1,true,0,0,0,,0,,,,,false,hatched_dead_after_llm,nScored <= 1 but llmCalls>0; keep the row; do not drop; do not read as mix immunises
T2c_H_hierarchical_climate_scientist_2026-09-19_04-31-18,T2c_H_hierarchical_climate_scientist,T2c_H,H,hierarchical,climate_scientist,continuous,sai_geoengineering,complete,30,1,0,true,,,,,,,,,,false,hatched_dead_after_llm,nScored <= 1 but llmCalls>0; keep the row; do not drop; do not read as mix immunises
T2c_H_hierarchical_climate_scientist_2026-09-19_04-31-18,T2c_H_hierarchical_climate_scientist,T2c_H,H,hierarchical,climate_scientist,continuous,climate_consensus,complete,30,1,0,true,,,,,,,,,,false,hatched_dead_after_llm,nScored <= 1 but llmCalls>0; keep the row; do not drop; do not read as mix immunises
T2c_H_hierarchical_conspiracy_climate_piggyback_2026-09-19_04-17-53,T2c_H_hierarchical_conspiracy_climate_piggyback,T2c_H,H,hierarchical,conspiracy_climate_piggyback,continuous,climate_consensus,complete,435,1,0,true,,,,,,,,,,false,hatched_dead_after_llm,nScored <= 1 but llmCalls>0; keep the row; do not drop; do not read as mix immunises
T2c_H_hierarchical_conspiracy_depopulation_2026-09-19_04-17-53,T2c_H_hierarchical_conspiracy_depopulation,T2c_H,H,hierarchical,conspiracy_depopulation,continuous,chemtrails_gates_2018_2021,complete,504,1,0,true,,,,,,,,,,false,hatched_dead_after_llm,nScored <= 1 but llmCalls>0; keep the row; do not drop; do not read as mix immunises
T2c_H_hierarchical_conspiracy_haarp_weather_2026-09-19_04-17-53,T2c_H_hierarchical_conspiracy_haarp_weather,T2c_H,H,hierarchical,conspiracy_haarp_weather,continuous,chemtrails_gates_2018_2021,complete,410,1,0,true,,,,,,,,,,false,hatched_dead_after_llm,nScored <= 1 but llmCalls>0; keep the row; do not drop; do not read as mix immunises
T2c_H_hierarchical_conspiracy_haarp_weather_2026-09-19_04-17-53,T2c_H_hierarchical_conspiracy_haarp_weather,T2c_H,H,hierarchical,conspiracy_haarp_weather,continuous,climate_consensus,complete,410,4,1,true,0,0,0,,0,,,,,false,hatched_dead_after_llm,nScored <= 1 but llmCalls>0; keep the row; do not drop; do not read as mix immunises
T2c_H_hierarchical_environmental_concern_2026-09-19_04-28-19,T2c_H_hierarchical_environmental_concern,T2c_H,H,hierarchical,environmental_concern,continuous,chemtrails_gates_2018_2021,complete,67,64,0,true,,,,,,,,,,false,hatched_dead_after_llm,nScored <= 1 but llmCalls>0; keep the row; do not drop; do not read as mix immunises
T2c_H_hierarchical_mitigation_first_policy_2026-09-19_04-28-02,T2c_H_hierarchical_mitigation_first_policy,T2c_H,H,hierarchical,mitigation_first_policy,continuous,chemtrails_gates_2018_2021,complete,72,81,0,true,,,,,,,,,,false,hatched_dead_after_llm,nScored <= 1 but llmCalls>0; keep the row; do not drop; do not read as mix immunises
T2c_H_hierarchical_mitigation_first_policy_2026-09-19_04-28-02,T2c_H_hierarchical_mitigation_first_policy,T2c_H,H,hierarchical,mitigation_first_policy,continuous,sai_geoengineering,complete,72,82,1,true,0,0,0,,0,,,,,false,hatched_dead_after_llm,nScored <= 1 but llmCalls>0; keep the row; do not drop; do not read as mix immunises
T2c_H_hierarchical_mitigation_first_policy_2026-09-19_04-28-02,T2c_H_hierarchical_mitigation_first_policy,T2c_H,H,hierarchical,mitigation_first_policy,continuous,climate_consensus,complete,72,75,1,true,0,0,0,,0,,,,,false,hatched_dead_after_llm,nScored <= 1 but llmCalls>0; keep the row; do not drop; do not read as mix immunises
T2c_H_hierarchical_ozone_stratosphere_specialist_2026-09-19_04-31-07,T2c_H_hierarchical_ozone_stratosphere_specialist,T2c_H,H,hierarchical,ozone_stratosphere_specialist,continuous,scopex_2017,complete,30,43,0,true,,,,,,,,,,false,hatched_dead_after_llm,nScored <= 1 but llmCalls>0; keep the row; do not drop; do not read as mix immunises
T2c_H_hierarchical_ozone_stratosphere_specialist_2026-09-19_04-31-07,T2c_H_hierarchical_ozone_stratosphere_specialist,T2c_H,H,hierarchical,ozone_stratosphere_specialist,continuous,paris_agreement,complete,30,82,1,true,0,0,0,,0,,,,,false,hatched_dead_after_llm,nScored <= 1 but llmCalls>0; keep the row; do not drop; do not read as mix immunises
T2c_H_hierarchical_ozone_stratosphere_specialist_2026-09-19_04-31-07,T2c_H_hierarchical_ozone_stratosphere_specialist,T2c_H,H,hierarchical,ozone_stratosphere_specialist,continuous,polar_bears,complete,30,67,1,true,0,0,0,,0,,,,,false,hatched_dead_after_llm,nScored <= 1 but llmCalls>0; keep the row; do not drop; do not read as mix immunises
T2c_H_linear_chain_biodiversity_food_security_2026-09-19_02-52-45,T2c_H_linear_chain_biodiversity_food_security,T2c_H,H,linear_chain,biodiversity_food_security,continuous,climate_consensus,complete,61,2,1,true,0,0,0,,0,,,,,false,hatched_dead_after_llm,nScored <= 1 but llmCalls>0; keep the row; do not drop; do not read as mix immunises
T2c_H_linear_chain_climate_justice_youth_2026-09-19_02-51-20,T2c_H_linear_chain_climate_justice_youth,T2c_H,H,linear_chain,climate_justice_youth,continuous,polar_bears,complete,66,2,1,true,0,0,0,,0,,,,,false,hatched_dead_after_llm,nScored <= 1 but llmCalls>0; keep the row; do not drop; do not read as mix immunises
T2c_H_linear_chain_climate_scientist_2026-09-19_02-53-23,T2c_H_linear_chain_climate_scientist,T2c_H,H,linear_chain,climate_scientist,continuous,paris_agreement,complete,80,2,1,true,0,0,0,,0,,,,,false,hatched_dead_after_llm,nScored <= 1 but llmCalls>0; keep the row; do not drop; do not read as mix immunises
T2c_H_linear_chain_conspiracy_climate_piggyback_2026-09-19_02-49-25,T2c_H_linear_chain_conspiracy_climate_piggyback,T2c_H,H,linear_chain,conspiracy_climate_piggyback,continuous,climate_consensus,complete,53,2,1,true,5,5,5,,5,,,,1,false,hatched_dead_after_llm,nScored <= 1 but llmCalls>0; keep the row; do not drop; do not read as mix immunises
T2c_H_linear_chain_environmental_concern_2026-09-19_02-51-57,T2c_H_linear_chain_environmental_concern,T2c_H,H,linear_chain,environmental_concern,continuous,sai_geoengineering,complete,67,2,1,true,0,0,0,,0,,,,,false,hatched_dead_after_llm,nScored <= 1 but llmCalls>0; keep the row; do not drop; do not read as mix immunises
T2c_H_linear_chain_mitigation_first_policy_2026-09-19_02-51-40,T2c_H_linear_chain_mitigation_first_policy,T2c_H,H,linear_chain,mitigation_first_policy,continuous,paris_agreement,complete,51,1,0,true,,,,,,,,,,false,hatched_dead_after_llm,nScored <= 1 but llmCalls>0; keep the row; do not drop; do not read as mix immunises
T2c_H_linear_chain_mitigation_first_policy_2026-09-19_02-51-40,T2c_H_linear_chain_mitigation_first_policy,T2c_H,H,linear_chain,mitigation_first_policy,continuous,polar_bears,complete,51,1,0,true,,,,,,,,,,false,hatched_dead_after_llm,nScored <= 1 but llmCalls>0; keep the row; do not drop; do not read as mix immunises
T2c_H_linear_chain_science_journalist_2026-09-19_02-53-41,T2c_H_linear_chain_science_journalist,T2c_H,H,linear_chain,science_journalist,continuous,paris_agreement,complete,45,2,1,true,0,0,0,,0,,,,,false,hatched_dead_after_llm,nScored <= 1 but llmCalls>0; keep the row; do not drop; do not read as mix immunises
T2c_H_linear_chain_science_journalist_2026-09-19_02-53-41,T2c_H_linear_chain_science_journalist,T2c_H,H,linear_chain,science_journalist,continuous,climate_consensus,complete,45,1,0,true,,,,,,,,,,false,hatched_dead_after_llm,nScored <= 1 but llmCalls>0; keep the row; do not drop; do not read as mix immunises
T2c_H_linear_chain_science_journalist_2026-09-19_02-53-41,T2c_H_linear_chain_science_journalist,T2c_H,H,linear_chain,science_journalist,continuous,polar_bears,complete,45,1,0,true,,,,,,,,,,false,hatched_dead_after_llm,nScored <= 1 but llmCalls>0; keep the row; do not drop; do not read as mix immunises
T2c_H_polarized_biodiversity_food_security_2026-09-19_04-36-59,T2c_H_polarized_biodiversity_food_security,T2c_H,H,polarized,biodiversity_food_security,continuous,chemtrails_gates_2018_2021,complete,918,1,0,true,,,,,,,,,,false,hatched_dead_after_llm,nScored <= 1 but llmCalls>0; keep the row; do not drop; do not read as mix immunises
T2c_H_polarized_climate_action_advocate_2026-09-19_04-30-42,T2c_H_polarized_climate_action_advocate,T2c_H,H,polarized,climate_action_advocate,continuous,chemtrails_gates_2018_2021,complete,37,1,0,true,,,,,,,,,,false,hatched_dead_after_llm,nScored <= 1 but llmCalls>0; keep the row; do not drop; do not read as mix immunises
T2c_H_polarized_climate_scientist_2026-09-19_04-42-33,T2c_H_polarized_climate_scientist,T2c_H,H,polarized,climate_scientist,continuous,sai_geoengineering,complete,920,1,0,true,,,,,,,,,,false,hatched_dead_after_llm,nScored <= 1 but llmCalls>0; keep the row; do not drop; do not read as mix immunises
T2c_H_polarized_conspiracy_believer_2026-09-19_04-17-42,T2c_H_polarized_conspiracy_believer,T2c_H,H,polarized,conspiracy_believer,continuous,chemtrails_gates_2018_2021,complete,460,1,0,true,,,,,,,,,,false,hatched_dead_after_llm,nScored <= 1 but llmCalls>0; keep the row; do not drop; do not read as mix immunises
T2c_H_polarized_conspiracy_climate_piggyback_2026-09-19_04-17-42,T2c_H_polarized_conspiracy_climate_piggyback,T2c_H,H,polarized,conspiracy_climate_piggyback,continuous,sai_geoengineering,complete,402,1,0,true,,,,,,,,,,false,hatched_dead_after_llm,nScored <= 1 but llmCalls>0; keep the row; do not drop; do not read as mix immunises
T2c_H_polarized_conspiracy_climate_piggyback_2026-09-19_04-17-42,T2c_H_polarized_conspiracy_climate_piggyback,T2c_H,H,polarized,conspiracy_climate_piggyback,continuous,climate_consensus,complete,402,131,0,true,,,,,,,,,,false,hatched_dead_after_llm,nScored <= 1 but llmCalls>0; keep the row; do not drop; do not read as mix immunises
T2c_H_polarized_science_journalist_2026-09-19_04-43-11,T2c_H_polarized_science_journalist,T2c_H,H,polarized,science_journalist,continuous,sai_geoengineering,complete,859,3,1,true,0,0,0,,0,,,,,false,hatched_dead_after_llm,nScored <= 1 but llmCalls>0; keep the row; do not drop; do not read as mix immunises
T2c_H_random_er_climate_action_advocate_2026-09-19_03-10-51,T2c_H_random_er_climate_action_advocate,T2c_H,H,random_er,climate_action_advocate,continuous,polar_bears,complete,781,1,0,true,,,,,,,,,,false,hatched_dead_after_llm,nScored <= 1 but llmCalls>0; keep the row; do not drop; do not read as mix immunises
T2c_H_random_er_climate_justice_youth_2026-09-19_03-21-04,T2c_H_random_er_climate_justice_youth,T2c_H,H,random_er,climate_justice_youth,continuous,polar_bears,complete,634,1,0,true,,,,,,,,,,false,hatched_dead_after_llm,nScored <= 1 but llmCalls>0; keep the row; do not drop; do not read as mix immunises
T2c_H_random_er_climate_scientist_2026-09-19_03-34-55,T2c_H_random_er_climate_scientist,T2c_H,H,random_er,climate_scientist,continuous,paris_agreement,complete,1018,1,0,true,,,,,,,,,,false,hatched_dead_after_llm,nScored <= 1 but llmCalls>0; keep the row; do not drop; do not read as mix immunises
T2c_H_random_er_conspiracy_believer_2026-09-19_02-59-38,T2c_H_random_er_conspiracy_believer,T2c_H,H,random_er,conspiracy_believer,continuous,chemtrails_gates_2018_2021,complete,951,1,0,true,,,,,,,,,,false,hatched_dead_after_llm,nScored <= 1 but llmCalls>0; keep the row; do not drop; do not read as mix immunises
T2c_H_random_er_conspiracy_believer_2026-09-19_02-59-38,T2c_H_random_er_conspiracy_believer,T2c_H,H,random_er,conspiracy_believer,continuous,sai_geoengineering,complete,951,1,0,true,,,,,,,,,,false,hatched_dead_after_llm,nScored <= 1 but llmCalls>0; keep the row; do not drop; do not read as mix immunises
T2c_H_random_er_conspiracy_haarp_weather_2026-09-19_02-59-41,T2c_H_random_er_conspiracy_haarp_weather,T2c_H,H,random_er,conspiracy_haarp_weather,continuous,chemtrails_gates_2018_2021,complete,570,1,0,true,,,,,,,,,,false,hatched_dead_after_llm,nScored <= 1 but llmCalls>0; keep the row; do not drop; do not read as mix immunises
T2c_H_random_er_conspiracy_haarp_weather_2026-09-19_02-59-41,T2c_H_random_er_conspiracy_haarp_weather,T2c_H,H,random_er,conspiracy_haarp_weather,continuous,climate_consensus,complete,570,1,0,true,,,,,,,,,,false,hatched_dead_after_llm,nScored <= 1 but llmCalls>0; keep the row; do not drop; do not read as mix immunises
T2c_H_random_er_conspiracy_haarp_weather_2026-09-19_02-59-41,T2c_H_random_er_conspiracy_haarp_weather,T2c_H,H,random_er,conspiracy_haarp_weather,continuous,polar_bears,complete,570,1,0,true,,,,,,,,,,false,hatched_dead_after_llm,nScored <= 1 but llmCalls>0; keep the row; do not drop; do not read as mix immunises
T2c_H_random_er_environmental_concern_2026-09-19_03-26-13,T2c_H_random_er_environmental_concern,T2c_H,H,random_er,environmental_concern,continuous,sai_geoengineering,complete,828,1,0,true,,,,,,,,,,false,hatched_dead_after_llm,nScored <= 1 but llmCalls>0; keep the row; do not drop; do not read as mix immunises
T2c_H_random_er_environmental_concern_2026-09-19_03-26-13,T2c_H_random_er_environmental_concern,T2c_H,H,random_er,environmental_concern,continuous,polar_bears,complete,828,1,0,true,,,,,,,,,,false,hatched_dead_after_llm,nScored <= 1 but llmCalls>0; keep the row; do not drop; do not read as mix immunises
T2c_H_random_er_mitigation_first_policy_2026-09-19_03-24-12,T2c_H_random_er_mitigation_first_policy,T2c_H,H,random_er,mitigation_first_policy,continuous,climate_consensus,complete,822,1,0,true,,,,,,,,,,false,hatched_dead_after_llm,nScored <= 1 but llmCalls>0; keep the row; do not drop; do not read as mix immunises
T2c_H_random_er_ozone_stratosphere_specialist_2026-09-19_03-33-20,T2c_H_random_er_ozone_stratosphere_specialist,T2c_H,H,random_er,ozone_stratosphere_specialist,continuous,chemtrails_gates_2018_2021,complete,78,1,0,true,,,,,,,,,,false,hatched_dead_after_llm,nScored <= 1 but llmCalls>0; keep the row; do not drop; do not read as mix immunises
T2c_H_random_er_ozone_stratosphere_specialist_2026-09-19_03-33-20,T2c_H_random_er_ozone_stratosphere_specialist,T2c_H,H,random_er,ozone_stratosphere_specialist,continuous,paris_agreement,complete,78,2,1,true,0,0,0,,0,,,,,false,hatched_dead_after_llm,nScored <= 1 but llmCalls>0; keep the row; do not drop; do not read as mix immunises
T2c_H_random_er_ozone_stratosphere_specialist_2026-09-19_03-33-20,T2c_H_random_er_ozone_stratosphere_specialist,T2c_H,H,random_er,ozone_stratosphere_specialist,continuous,climate_consensus,complete,78,1,0,true,,,,,,,,,,false,hatched_dead_after_llm,nScored <= 1 but llmCalls>0; keep the row; do not drop; do not read as mix immunises
T2c_H_random_er_science_journalist_2026-09-19_03-41-14,T2c_H_random_er_science_journalist,T2c_H,H,random_er,science_journalist,continuous,climate_consensus,complete,868,1,0,true,,,,,,,,,,false,hatched_dead_after_llm,nScored <= 1 but llmCalls>0; keep the row; do not drop; do not read as mix immunises
T2c_H_ring_biodiversity_food_security_2026-09-19_02-58-51,T2c_H_ring_biodiversity_food_security,T2c_H,H,ring,biodiversity_food_security,continuous,sai_geoengineering,complete,72,1,0,true,,,,,,,,,,false,hatched_dead_after_llm,nScored <= 1 but llmCalls>0; keep the row; do not drop; do not read as mix immunises
T2c_H_ring_climate_justice_youth_2026-09-19_02-56-14,T2c_H_ring_climate_justice_youth,T2c_H,H,ring,climate_justice_youth,continuous,scopex_2017,complete,59,1,0,true,,,,,,,,,,false,hatched_dead_after_llm,nScored <= 1 but llmCalls>0; keep the row; do not drop; do not read as mix immunises
T2c_H_ring_conspiracy_depopulation_2026-09-19_02-54-43,T2c_H_ring_conspiracy_depopulation,T2c_H,H,ring,conspiracy_depopulation,continuous,climate_consensus,complete,75,1,0,true,,,,,,,,,,false,hatched_dead_after_llm,nScored <= 1 but llmCalls>0; keep the row; do not drop; do not read as mix immunises
T2c_H_ring_conspiracy_haarp_weather_2026-09-19_02-54-16,T2c_H_ring_conspiracy_haarp_weather,T2c_H,H,ring,conspiracy_haarp_weather,continuous,paris_agreement,complete,75,1,0,true,,,,,,,,,,false,hatched_dead_after_llm,nScored <= 1 but llmCalls>0; keep the row; do not drop; do not read as mix immunises
T2c_H_ring_mitigation_first_policy_2026-09-19_02-56-48,T2c_H_ring_mitigation_first_policy,T2c_H,H,ring,mitigation_first_policy,continuous,sai_geoengineering,complete,64,1,0,true,,,,,,,,,,false,hatched_dead_after_llm,nScored <= 1 but llmCalls>0; keep the row; do not drop; do not read as mix immunises
T2c_H_ring_ozone_stratosphere_specialist_2026-09-19_02-58-51,T2c_H_ring_ozone_stratosphere_specialist,T2c_H,H,ring,ozone_stratosphere_specialist,continuous,polar_bears,complete,76,2,1,true,0,0,0,,0,,,,,false,hatched_dead_after_llm,nScored <= 1 but llmCalls>0; keep the row; do not drop; do not read as mix immunises
T2c_H_ring_science_journalist_2026-09-19_03-00-29,T2c_H_ring_science_journalist,T2c_H,H,ring,science_journalist,continuous,paris_agreement,complete,65,1,0,true,,,,,,,,,,false,hatched_dead_after_llm,nScored <= 1 but llmCalls>0; keep the row; do not drop; do not read as mix immunises
T2c_H_scale_free_biodiversity_food_security_2026-09-19_04-32-40,T2c_H_scale_free_biodiversity_food_security,T2c_H,H,scale_free,biodiversity_food_security,continuous,sai_geoengineering,complete,1166,1,0,true,,,,,,,,,,false,hatched_dead_after_llm,nScored <= 1 but llmCalls>0; keep the row; do not drop; do not read as mix immunises
T2c_H_scale_free_climate_action_advocate_2026-09-19_03-57-46,T2c_H_scale_free_climate_action_advocate,T2c_H,H,scale_free,climate_action_advocate,continuous,polar_bears,complete,1167,1,0,true,,,,,,,,,,false,hatched_dead_after_llm,nScored <= 1 but llmCalls>0; keep the row; do not drop; do not read as mix immunises
T2c_H_scale_free_climate_justice_youth_2026-09-19_04-01-22,T2c_H_scale_free_climate_justice_youth,T2c_H,H,scale_free,climate_justice_youth,continuous,sai_geoengineering,complete,913,1,0,true,,,,,,,,,,false,hatched_dead_after_llm,nScored <= 1 but llmCalls>0; keep the row; do not drop; do not read as mix immunises
T2c_H_scale_free_climate_justice_youth_2026-09-19_04-01-22,T2c_H_scale_free_climate_justice_youth,T2c_H,H,scale_free,climate_justice_youth,continuous,paris_agreement,complete,913,1,0,true,,,,,,,,,,false,hatched_dead_after_llm,nScored <= 1 but llmCalls>0; keep the row; do not drop; do not read as mix immunises
T2c_H_scale_free_conspiracy_climate_piggyback_2026-09-19_03-57-14,T2c_H_scale_free_conspiracy_climate_piggyback,T2c_H,H,scale_free,conspiracy_climate_piggyback,continuous,scopex_2017,complete,1176,1,0,true,,,,,,,,,,false,hatched_dead_after_llm,nScored <= 1 but llmCalls>0; keep the row; do not drop; do not read as mix immunises
T2c_H_scale_free_conspiracy_depopulation_2026-09-19_03-35-38,T2c_H_scale_free_conspiracy_depopulation,T2c_H,H,scale_free,conspiracy_depopulation,continuous,climate_consensus,complete,1101,1,0,true,,,,,,,,,,false,hatched_dead_after_llm,nScored <= 1 but llmCalls>0; keep the row; do not drop; do not read as mix immunises
T2c_H_scale_free_conspiracy_haarp_weather_2026-09-19_03-35-38,T2c_H_scale_free_conspiracy_haarp_weather,T2c_H,H,scale_free,conspiracy_haarp_weather,continuous,polar_bears,complete,1133,1,0,true,,,,,,,,,,false,hatched_dead_after_llm,nScored <= 1 but llmCalls>0; keep the row; do not drop; do not read as mix immunises
T2c_H_scale_free_environmental_concern_2026-09-19_04-21-27,T2c_H_scale_free_environmental_concern,T2c_H,H,scale_free,environmental_concern,continuous,chemtrails_gates_2018_2021,complete,253,1,0,true,,,,,,,,,,false,hatched_dead_after_llm,nScored <= 1 but llmCalls>0; keep the row; do not drop; do not read as mix immunises
T2c_H_scale_free_mitigation_first_policy_2026-09-19_04-32-32,T2c_H_scale_free_mitigation_first_policy,T2c_H,H,scale_free,mitigation_first_policy,continuous,scopex_2017,complete,807,1,0,true,,,,,,,,,,false,hatched_dead_after_llm,nScored <= 1 but llmCalls>0; keep the row; do not drop; do not read as mix immunises
T2c_H_scale_free_mitigation_first_policy_2026-09-19_04-32-32,T2c_H_scale_free_mitigation_first_policy,T2c_H,H,scale_free,mitigation_first_policy,continuous,climate_consensus,complete,807,3,1,true,0,0,0,,0,,,,,false,hatched_dead_after_llm,nScored <= 1 but llmCalls>0; keep the row; do not drop; do not read as mix immunises
T2c_H_scale_free_ozone_stratosphere_specialist_2026-09-19_04-21-34,T2c_H_scale_free_ozone_stratosphere_specialist,T2c_H,H,scale_free,ozone_stratosphere_specialist,continuous,sai_geoengineering,complete,287,1,0,true,,,,,,,,,,false,hatched_dead_after_llm,nScored <= 1 but llmCalls>0; keep the row; do not drop; do not read as mix immunises
T2c_H_scale_free_science_journalist_2026-09-19_04-43-56,T2c_H_scale_free_science_journalist,T2c_H,H,scale_free,science_journalist,continuous,sai_geoengineering,complete,1114,1,0,true,,,,,,,,,,false,hatched_dead_after_llm,nScored <= 1 but llmCalls>0; keep the row; do not drop; do not read as mix immunises
T2c_H_small_world_biodiversity_food_security_2026-09-19_04-30-46,T2c_H_small_world_biodiversity_food_security,T2c_H,H,small_world,biodiversity_food_security,continuous,chemtrails_gates_2018_2021,complete,41,1,0,true,,,,,,,,,,false,hatched_dead_after_llm,nScored <= 1 but llmCalls>0; keep the row; do not drop; do not read as mix immunises
T2c_H_small_world_biodiversity_food_security_2026-09-19_04-30-46,T2c_H_small_world_biodiversity_food_security,T2c_H,H,small_world,biodiversity_food_security,continuous,climate_consensus,complete,41,1,0,true,,,,,,,,,,false,hatched_dead_after_llm,nScored <= 1 but llmCalls>0; keep the row; do not drop; do not read as mix immunises
T2c_H_small_world_biodiversity_food_security_2026-09-19_04-30-46,T2c_H_small_world_biodiversity_food_security,T2c_H,H,small_world,biodiversity_food_security,continuous,polar_bears,complete,41,1,0,true,,,,,,,,,,false,hatched_dead_after_llm,nScored <= 1 but llmCalls>0; keep the row; do not drop; do not read as mix immunises
T2c_H_small_world_climate_action_advocate_2026-09-19_03-51-13,T2c_H_small_world_climate_action_advocate,T2c_H,H,small_world,climate_action_advocate,continuous,paris_agreement,complete,856,1,0,true,,,,,,,,,,false,hatched_dead_after_llm,nScored <= 1 but llmCalls>0; keep the row; do not drop; do not read as mix immunises
T2c_H_small_world_climate_action_advocate_2026-09-19_03-51-13,T2c_H_small_world_climate_action_advocate,T2c_H,H,small_world,climate_action_advocate,continuous,climate_consensus,complete,856,1,0,true,,,,,,,,,,false,hatched_dead_after_llm,nScored <= 1 but llmCalls>0; keep the row; do not drop; do not read as mix immunises
T2c_H_small_world_conspiracy_believer_2026-09-19_03-43-57,T2c_H_small_world_conspiracy_believer,T2c_H,H,small_world,conspiracy_believer,continuous,paris_agreement,complete,1078,1,0,true,,,,,,,,,,false,hatched_dead_after_llm,nScored <= 1 but llmCalls>0; keep the row; do not drop; do not read as mix immunises
T2c_H_small_world_conspiracy_climate_piggyback_2026-09-19_04-00-45,T2c_H_small_world_conspiracy_climate_piggyback,T2c_H,H,small_world,conspiracy_climate_piggyback,continuous,sai_geoengineering,complete,927,1,0,true,,,,,,,,,,false,hatched_dead_after_llm,nScored <= 1 but llmCalls>0; keep the row; do not drop; do not read as mix immunises
T2c_H_small_world_conspiracy_climate_piggyback_2026-09-19_04-00-45,T2c_H_small_world_conspiracy_climate_piggyback,T2c_H,H,small_world,conspiracy_climate_piggyback,continuous,climate_consensus,complete,927,1,0,true,,,,,,,,,,false,hatched_dead_after_llm,nScored <= 1 but llmCalls>0; keep the row; do not drop; do not read as mix immunises
T2c_H_small_world_conspiracy_depopulation_2026-09-19_03-57-43,T2c_H_small_world_conspiracy_depopulation,T2c_H,H,small_world,conspiracy_depopulation,continuous,scopex_2017,complete,890,1,0,true,,,,,,,,,,false,hatched_dead_after_llm,nScored <= 1 but llmCalls>0; keep the row; do not drop; do not read as mix immunises
T2c_H_small_world_conspiracy_depopulation_2026-09-19_03-57-43,T2c_H_small_world_conspiracy_depopulation,T2c_H,H,small_world,conspiracy_depopulation,continuous,climate_consensus,complete,890,1,0,true,,,,,,,,,,false,hatched_dead_after_llm,nScored <= 1 but llmCalls>0; keep the row; do not drop; do not read as mix immunises
T2c_H_small_world_environmental_concern_2026-09-19_04-19-28,T2c_H_small_world_environmental_concern,T2c_H,H,small_world,environmental_concern,continuous,chemtrails_gates_2018_2021,complete,299,1,0,true,,,,,,,,,,false,hatched_dead_after_llm,nScored <= 1 but llmCalls>0; keep the row; do not drop; do not read as mix immunises
T2c_H_small_world_environmental_concern_2026-09-19_04-19-28,T2c_H_small_world_environmental_concern,T2c_H,H,small_world,environmental_concern,continuous,sai_geoengineering,complete,299,1,0,true,,,,,,,,,,false,hatched_dead_after_llm,nScored <= 1 but llmCalls>0; keep the row; do not drop; do not read as mix immunises
T2c_H_small_world_environmental_concern_2026-09-19_04-19-28,T2c_H_small_world_environmental_concern,T2c_H,H,small_world,environmental_concern,continuous,paris_agreement,complete,299,1,0,true,,,,,,,,,,false,hatched_dead_after_llm,nScored <= 1 but llmCalls>0; keep the row; do not drop; do not read as mix immunises
T2c_H_small_world_ozone_stratosphere_specialist_2026-09-19_04-20-38,T2c_H_small_world_ozone_stratosphere_specialist,T2c_H,H,small_world,ozone_stratosphere_specialist,continuous,polar_bears,complete,284,1,0,true,,,,,,,,,,false,hatched_dead_after_llm,nScored <= 1 but llmCalls>0; keep the row; do not drop; do not read as mix immunises
T2c_H_small_world_science_journalist_2026-09-19_04-32-03,T2c_H_small_world_science_journalist,T2c_H,H,small_world,science_journalist,continuous,paris_agreement,complete,750,1,0,true,,,,,,,,,,false,hatched_dead_after_llm,nScored <= 1 but llmCalls>0; keep the row; do not drop; do not read as mix immunises
T2c_H_small_world_science_journalist_2026-09-19_04-32-03,T2c_H_small_world_science_journalist,T2c_H,H,small_world,science_journalist,continuous,climate_consensus,complete,750,1,0,true,,,,,,,,,,false,hatched_dead_after_llm,nScored <= 1 but llmCalls>0; keep the row; do not drop; do not read as mix immunises
T2c_He_echo_chamber_mix_00_2026-09-19_04-13-27,T2c_He_echo_chamber_mix_00,T2c_He,He,echo_chamber,mix_00,continuous,polar_bears,complete,771,1,0,true,,,,,,,,,,false,hatched_dead_after_llm,nScored <= 1 but llmCalls>0; keep the row; do not drop; do not read as mix immunises
T2c_He_echo_chamber_mix_01_2026-09-19_04-13-27,T2c_He_echo_chamber_mix_01,T2c_He,He,echo_chamber,mix_01,continuous,sai_geoengineering,complete,726,1,0,true,,,,,,,,,,false,hatched_dead_after_llm,nScored <= 1 but llmCalls>0; keep the row; do not drop; do not read as mix immunises
T2c_He_echo_chamber_mix_02_2026-09-19_04-13-27,T2c_He_echo_chamber_mix_02,T2c_He,He,echo_chamber,mix_02,continuous,paris_agreement,complete,597,160,1,true,0,0,0,,0,,,,,false,hatched_dead_after_llm,nScored <= 1 but llmCalls>0; keep the row; do not drop; do not read as mix immunises
T2c_He_echo_chamber_mix_04_2026-09-19_04-30-04,T2c_He_echo_chamber_mix_04,T2c_He,He,echo_chamber,mix_04,continuous,climate_consensus,complete,57,1,0,true,,,,,,,,,,false,hatched_dead_after_llm,nScored <= 1 but llmCalls>0; keep the row; do not drop; do not read as mix immunises
T2c_He_hierarchical_mix_00_2026-09-19_04-14-39,T2c_He_hierarchical_mix_00,T2c_He,He,hierarchical,mix_00,continuous,scopex_2017,complete,44,1,0,true,,,,,,,,,,false,hatched_dead_after_llm,nScored <= 1 but llmCalls>0; keep the row; do not drop; do not read as mix immunises
T2c_He_hierarchical_mix_01_2026-09-19_04-14-39,T2c_He_hierarchical_mix_01,T2c_He,He,hierarchical,mix_01,continuous,paris_agreement,complete,39,1,0,true,,,,,,,,,,false,hatched_dead_after_llm,nScored <= 1 but llmCalls>0; keep the row; do not drop; do not read as mix immunises
T2c_He_hierarchical_mix_02_2026-09-19_04-15-22,T2c_He_hierarchical_mix_02,T2c_He,He,hierarchical,mix_02,continuous,scopex_2017,complete,128,1,0,true,,,,,,,,,,false,hatched_dead_after_llm,nScored <= 1 but llmCalls>0; keep the row; do not drop; do not read as mix immunises
T2c_He_hierarchical_mix_02_2026-09-19_04-15-22,T2c_He_hierarchical_mix_02,T2c_He,He,hierarchical,mix_02,continuous,paris_agreement,complete,128,1,0,true,,,,,,,,,,false,hatched_dead_after_llm,nScored <= 1 but llmCalls>0; keep the row; do not drop; do not read as mix immunises
T2c_He_hierarchical_mix_02_2026-09-19_04-15-22,T2c_He_hierarchical_mix_02,T2c_He,He,hierarchical,mix_02,continuous,polar_bears,complete,128,1,0,true,,,,,,,,,,false,hatched_dead_after_llm,nScored <= 1 but llmCalls>0; keep the row; do not drop; do not read as mix immunises
T2c_He_hierarchical_mix_03_2026-09-19_04-15-33,T2c_He_hierarchical_mix_03,T2c_He,He,hierarchical,mix_03,continuous,paris_agreement,complete,37,4,1,true,5,5,5,,5,,,,1,false,hatched_dead_after_llm,nScored <= 1 but llmCalls>0; keep the row; do not drop; do not read as mix immunises
T2c_He_hierarchical_mix_03_2026-09-19_04-15-33,T2c_He_hierarchical_mix_03,T2c_He,He,hierarchical,mix_03,continuous,climate_consensus,complete,37,1,0,true,,,,,,,,,,false,hatched_dead_after_llm,nScored <= 1 but llmCalls>0; keep the row; do not drop; do not read as mix immunises
T2c_He_hierarchical_mix_04_2026-09-19_04-16-17,T2c_He_hierarchical_mix_04,T2c_He,He,hierarchical,mix_04,continuous,chemtrails_gates_2018_2021,complete,16,1,0,true,,,,,,,,,,false,hatched_dead_after_llm,nScored <= 1 but llmCalls>0; keep the row; do not drop; do not read as mix immunises
T2c_He_hierarchical_mix_04_2026-09-19_04-16-17,T2c_He_hierarchical_mix_04,T2c_He,He,hierarchical,mix_04,continuous,paris_agreement,complete,16,4,1,true,0,0,0,,0,,,,,false,hatched_dead_after_llm,nScored <= 1 but llmCalls>0; keep the row; do not drop; do not read as mix immunises
T2c_He_hierarchical_mix_04_2026-09-19_04-16-17,T2c_He_hierarchical_mix_04,T2c_He,He,hierarchical,mix_04,continuous,climate_consensus,complete,16,4,1,true,0,0,0,,0,,,,,false,hatched_dead_after_llm,nScored <= 1 but llmCalls>0; keep the row; do not drop; do not read as mix immunises
T2c_He_linear_chain_mix_03_2026-09-19_02-49-24,T2c_He_linear_chain_mix_03,T2c_He,He,linear_chain,mix_03,continuous,sai_geoengineering,complete,53,1,0,true,,,,,,,,,,false,hatched_dead_after_llm,nScored <= 1 but llmCalls>0; keep the row; do not drop; do not read as mix immunises
T2c_He_linear_chain_mix_03_2026-09-19_02-49-24,T2c_He_linear_chain_mix_03,T2c_He,He,linear_chain,mix_03,continuous,polar_bears,complete,53,1,0,true,,,,,,,,,,false,hatched_dead_after_llm,nScored <= 1 but llmCalls>0; keep the row; do not drop; do not read as mix immunises
T2c_He_linear_chain_mix_04_2026-09-19_02-50-57,T2c_He_linear_chain_mix_04,T2c_He,He,linear_chain,mix_04,continuous,climate_consensus,complete,78,1,0,true,,,,,,,,,,false,hatched_dead_after_llm,nScored <= 1 but llmCalls>0; keep the row; do not drop; do not read as mix immunises
T2c_He_linear_chain_mix_05_2026-09-19_02-51-10,T2c_He_linear_chain_mix_05,T2c_He,He,linear_chain,mix_05,continuous,climate_consensus,complete,66,1,0,true,,,,,,,,,,false,hatched_dead_after_llm,nScored <= 1 but llmCalls>0; keep the row; do not drop; do not read as mix immunises
T2c_He_polarized_mix_00_2026-09-19_04-17-42,T2c_He_polarized_mix_00,T2c_He,He,polarized,mix_00,continuous,paris_agreement,complete,529,1,0,true,,,,,,,,,,false,hatched_dead_after_llm,nScored <= 1 but llmCalls>0; keep the row; do not drop; do not read as mix immunises
T2c_He_polarized_mix_00_2026-09-19_04-17-42,T2c_He_polarized_mix_00,T2c_He,He,polarized,mix_00,continuous,climate_consensus,complete,529,1,0,true,,,,,,,,,,false,hatched_dead_after_llm,nScored <= 1 but llmCalls>0; keep the row; do not drop; do not read as mix immunises
T2c_He_polarized_mix_00_2026-09-19_04-17-42,T2c_He_polarized_mix_00,T2c_He,He,polarized,mix_00,continuous,polar_bears,complete,529,1,0,true,,,,,,,,,,false,hatched_dead_after_llm,nScored <= 1 but llmCalls>0; keep the row; do not drop; do not read as mix immunises
T2c_He_polarized_mix_01_2026-09-19_04-17-42,T2c_He_polarized_mix_01,T2c_He,He,polarized,mix_01,continuous,paris_agreement,complete,428,1,0,true,,,,,,,,,,false,hatched_dead_after_llm,nScored <= 1 but llmCalls>0; keep the row; do not drop; do not read as mix immunises
T2c_He_polarized_mix_02_2026-09-19_04-17-42,T2c_He_polarized_mix_02,T2c_He,He,polarized,mix_02,continuous,chemtrails_gates_2018_2021,complete,455,1,0,true,,,,,,,,,,false,hatched_dead_after_llm,nScored <= 1 but llmCalls>0; keep the row; do not drop; do not read as mix immunises
T2c_He_polarized_mix_02_2026-09-19_04-17-42,T2c_He_polarized_mix_02,T2c_He,He,polarized,mix_02,continuous,polar_bears,complete,455,107,0,true,,,,,,,,,,false,hatched_dead_after_llm,nScored <= 1 but llmCalls>0; keep the row; do not drop; do not read as mix immunises
T2c_He_polarized_mix_03_2026-09-19_04-17-42,T2c_He_polarized_mix_03,T2c_He,He,polarized,mix_03,continuous,scopex_2017,complete,486,1,0,true,,,,,,,,,,false,hatched_dead_after_llm,nScored <= 1 but llmCalls>0; keep the row; do not drop; do not read as mix immunises
T2c_He_polarized_mix_04_2026-09-19_04-18-19,T2c_He_polarized_mix_04,T2c_He,He,polarized,mix_04,continuous,scopex_2017,complete,509,1,0,true,,,,,,,,,,false,hatched_dead_after_llm,nScored <= 1 but llmCalls>0; keep the row; do not drop; do not read as mix immunises
T2c_He_polarized_mix_04_2026-09-19_04-18-19,T2c_He_polarized_mix_04,T2c_He,He,polarized,mix_04,continuous,polar_bears,complete,509,1,0,true,,,,,,,,,,false,hatched_dead_after_llm,nScored <= 1 but llmCalls>0; keep the row; do not drop; do not read as mix immunises
T2c_He_polarized_mix_05_2026-09-19_04-18-21,T2c_He_polarized_mix_05,T2c_He,He,polarized,mix_05,continuous,scopex_2017,complete,493,1,0,true,,,,,,,,,,false,hatched_dead_after_llm,nScored <= 1 but llmCalls>0; keep the row; do not drop; do not read as mix immunises
T2c_He_polarized_mix_05_2026-09-19_04-18-21,T2c_He_polarized_mix_05,T2c_He,He,polarized,mix_05,continuous,sai_geoengineering,complete,493,1,0,true,,,,,,,,,,false,hatched_dead_after_llm,nScored <= 1 but llmCalls>0; keep the row; do not drop; do not read as mix immunises
T2c_He_random_er_mix_00_2026-09-19_02-54-09,T2c_He_random_er_mix_00,T2c_He,He,random_er,mix_00,continuous,chemtrails_gates_2018_2021,complete,1148,1,0,true,,,,,,,,,,false,hatched_dead_after_llm,nScored <= 1 but llmCalls>0; keep the row; do not drop; do not read as mix immunises
T2c_He_random_er_mix_01_2026-09-19_02-54-39,T2c_He_random_er_mix_01,T2c_He,He,random_er,mix_01,continuous,climate_consensus,complete,795,1,0,true,,,,,,,,,,false,hatched_dead_after_llm,nScored <= 1 but llmCalls>0; keep the row; do not drop; do not read as mix immunises
T2c_He_random_er_mix_04_2026-09-19_03-11-03,T2c_He_random_er_mix_04,T2c_He,He,random_er,mix_04,continuous,chemtrails_gates_2018_2021,complete,646,1,0,true,,,,,,,,,,false,hatched_dead_after_llm,nScored <= 1 but llmCalls>0; keep the row; do not drop; do not read as mix immunises
T2c_He_random_er_mix_05_2026-09-19_03-14-24,T2c_He_random_er_mix_05,T2c_He,He,random_er,mix_05,continuous,chemtrails_gates_2018_2021,complete,399,3,1,true,0,0,0,,0,,,,,false,hatched_dead_after_llm,nScored <= 1 but llmCalls>0; keep the row; do not drop; do not read as mix immunises
T2c_He_random_er_mix_05_2026-09-19_03-14-24,T2c_He_random_er_mix_05,T2c_He,He,random_er,mix_05,continuous,sai_geoengineering,complete,399,1,0,true,,,,,,,,,,false,hatched_dead_after_llm,nScored <= 1 but llmCalls>0; keep the row; do not drop; do not read as mix immunises
T2c_He_random_er_mix_05_2026-09-19_03-14-24,T2c_He_random_er_mix_05,T2c_He,He,random_er,mix_05,continuous,paris_agreement,complete,399,1,0,true,,,,,,,,,,false,hatched_dead_after_llm,nScored <= 1 but llmCalls>0; keep the row; do not drop; do not read as mix immunises
T2c_He_random_er_mix_05_2026-09-19_03-14-24,T2c_He_random_er_mix_05,T2c_He,He,random_er,mix_05,continuous,climate_consensus,complete,399,1,0,true,,,,,,,,,,false,hatched_dead_after_llm,nScored <= 1 but llmCalls>0; keep the row; do not drop; do not read as mix immunises
T2c_He_ring_mix_02_2026-09-19_02-52-45,T2c_He_ring_mix_02,T2c_He,He,ring,mix_02,continuous,polar_bears,complete,77,1,0,true,,,,,,,,,,false,hatched_dead_after_llm,nScored <= 1 but llmCalls>0; keep the row; do not drop; do not read as mix immunises
T2c_He_ring_mix_04_2026-09-19_02-53-12,T2c_He_ring_mix_04,T2c_He,He,ring,mix_04,continuous,chemtrails_gates_2018_2021,complete,71,1,0,true,,,,,,,,,,false,hatched_dead_after_llm,nScored <= 1 but llmCalls>0; keep the row; do not drop; do not read as mix immunises
T2c_He_ring_mix_05_2026-09-19_02-53-31,T2c_He_ring_mix_05,T2c_He,He,ring,mix_05,continuous,paris_agreement,complete,72,2,1,true,0,0,0,,0,,,,,false,hatched_dead_after_llm,nScored <= 1 but llmCalls>0; keep the row; do not drop; do not read as mix immunises
T2c_He_scale_free_mix_00_2026-09-19_03-47-49,T2c_He_scale_free_mix_00,T2c_He,He,scale_free,mix_00,continuous,climate_consensus,complete,1091,1,0,true,,,,,,,,,,false,hatched_dead_after_llm,nScored <= 1 but llmCalls>0; keep the row; do not drop; do not read as mix immunises
T2c_He_scale_free_mix_01_2026-09-19_03-50-20,T2c_He_scale_free_mix_01,T2c_He,He,scale_free,mix_01,continuous,scopex_2017,complete,1191,1,0,true,,,,,,,,,,false,hatched_dead_after_llm,nScored <= 1 but llmCalls>0; keep the row; do not drop; do not read as mix immunises
T2c_He_scale_free_mix_03_2026-09-19_03-35-37,T2c_He_scale_free_mix_03,T2c_He,He,scale_free,mix_03,continuous,scopex_2017,complete,738,1,0,true,,,,,,,,,,false,hatched_dead_after_llm,nScored <= 1 but llmCalls>0; keep the row; do not drop; do not read as mix immunises
T2c_He_scale_free_mix_03_2026-09-19_03-35-37,T2c_He_scale_free_mix_03,T2c_He,He,scale_free,mix_03,continuous,sai_geoengineering,complete,738,1,0,true,,,,,,,,,,false,hatched_dead_after_llm,nScored <= 1 but llmCalls>0; keep the row; do not drop; do not read as mix immunises
T2c_He_scale_free_mix_03_2026-09-19_03-35-37,T2c_He_scale_free_mix_03,T2c_He,He,scale_free,mix_03,continuous,paris_agreement,complete,738,1,0,true,,,,,,,,,,false,hatched_dead_after_llm,nScored <= 1 but llmCalls>0; keep the row; do not drop; do not read as mix immunises
T2c_He_scale_free_mix_04_2026-09-19_04-02-50,T2c_He_scale_free_mix_04,T2c_He,He,scale_free,mix_04,continuous,paris_agreement,complete,1141,1,0,true,,,,,,,,,,false,hatched_dead_after_llm,nScored <= 1 but llmCalls>0; keep the row; do not drop; do not read as mix immunises
T2c_He_small_world_mix_00_2026-09-19_03-18-01,T2c_He_small_world_mix_00,T2c_He,He,small_world,mix_00,continuous,scopex_2017,complete,963,1,0,true,,,,,,,,,,false,hatched_dead_after_llm,nScored <= 1 but llmCalls>0; keep the row; do not drop; do not read as mix immunises
T2c_He_small_world_mix_00_2026-09-19_03-18-01,T2c_He_small_world_mix_00,T2c_He,He,small_world,mix_00,continuous,climate_consensus,complete,963,1,0,true,,,,,,,,,,false,hatched_dead_after_llm,nScored <= 1 but llmCalls>0; keep the row; do not drop; do not read as mix immunises
T2c_He_small_world_mix_01_2026-09-19_03-21-24,T2c_He_small_world_mix_01,T2c_He,He,small_world,mix_01,continuous,chemtrails_gates_2018_2021,complete,981,1,0,true,,,,,,,,,,false,hatched_dead_after_llm,nScored <= 1 but llmCalls>0; keep the row; do not drop; do not read as mix immunises
T2c_He_small_world_mix_01_2026-09-19_03-21-24,T2c_He_small_world_mix_01,T2c_He,He,small_world,mix_01,continuous,climate_consensus,complete,981,1,0,true,,,,,,,,,,false,hatched_dead_after_llm,nScored <= 1 but llmCalls>0; keep the row; do not drop; do not read as mix immunises
T2c_He_small_world_mix_03_2026-09-19_03-23-28,T2c_He_small_world_mix_03,T2c_He,He,small_world,mix_03,continuous,chemtrails_gates_2018_2021,complete,1201,1,0,true,,,,,,,,,,false,hatched_dead_after_llm,nScored <= 1 but llmCalls>0; keep the row; do not drop; do not read as mix immunises
T2d_H_echo_chamber_biodiversity_food_security_2026-09-19_02-50-24,T2d_H_echo_chamber_biodiversity_food_security,T2d_H,H,echo_chamber,biodiversity_food_security,dual,scopex_2017,complete,1372,1,0,true,,,,,,,,,,false,hatched_dead_after_llm,nScored <= 1 but llmCalls>0; keep the row; do not drop; do not read as mix immunises
T2d_H_echo_chamber_biodiversity_food_security_2026-09-19_02-50-24,T2d_H_echo_chamber_biodiversity_food_security,T2d_H,H,echo_chamber,biodiversity_food_security,dual,paris_agreement,complete,1372,1,0,true,,,,,,,,,,false,hatched_dead_after_llm,nScored <= 1 but llmCalls>0; keep the row; do not drop; do not read as mix immunises
T2d_H_echo_chamber_climate_action_advocate_2026-09-19_02-50-24,T2d_H_echo_chamber_climate_action_advocate,T2d_H,H,echo_chamber,climate_action_advocate,dual,chemtrails_gates_2018_2021,complete,1709,1,0,true,,,,,,,,,,false,hatched_dead_after_llm,nScored <= 1 but llmCalls>0; keep the row; do not drop; do not read as mix immunises
T2d_H_echo_chamber_climate_scientist_2026-09-19_02-50-24,T2d_H_echo_chamber_climate_scientist,T2d_H,H,echo_chamber,climate_scientist,dual,paris_agreement,complete,1778,1,0,true,,,,,,,,,,false,hatched_dead_after_llm,nScored <= 1 but llmCalls>0; keep the row; do not drop; do not read as mix immunises
T2d_H_echo_chamber_conspiracy_believer_2026-09-19_03-07-58,T2d_H_echo_chamber_conspiracy_believer,T2d_H,H,echo_chamber,conspiracy_believer,dual,chemtrails_gates_2018_2021,complete,1692,1,0,true,,,,,,,,,,false,hatched_dead_after_llm,nScored <= 1 but llmCalls>0; keep the row; do not drop; do not read as mix immunises
T2d_H_echo_chamber_environmental_concern_2026-09-19_03-32-51,T2d_H_echo_chamber_environmental_concern,T2d_H,H,echo_chamber,environmental_concern,dual,sai_geoengineering,complete,1745,1,0,true,,,,,,,,,,false,hatched_dead_after_llm,nScored <= 1 but llmCalls>0; keep the row; do not drop; do not read as mix immunises
T2d_H_echo_chamber_mitigation_first_policy_2026-09-19_03-38-45,T2d_H_echo_chamber_mitigation_first_policy,T2d_H,H,echo_chamber,mitigation_first_policy,dual,sai_geoengineering,complete,1437,1,0,true,,,,,,,,,,false,hatched_dead_after_llm,nScored <= 1 but llmCalls>0; keep the row; do not drop; do not read as mix immunises
T2d_H_echo_chamber_ozone_stratosphere_specialist_2026-09-19_03-40-35,T2d_H_echo_chamber_ozone_stratosphere_specialist,T2d_H,H,echo_chamber,ozone_stratosphere_specialist,dual,climate_consensus,complete,1293,1,0,true,,,,,,,,,,false,hatched_dead_after_llm,nScored <= 1 but llmCalls>0; keep the row; do not drop; do not read as mix immunises
T2d_H_echo_chamber_ozone_stratosphere_specialist_2026-09-19_03-40-35,T2d_H_echo_chamber_ozone_stratosphere_specialist,T2d_H,H,echo_chamber,ozone_stratosphere_specialist,dual,polar_bears,complete,1293,1,0,true,,,,,,,,,,false,hatched_dead_after_llm,nScored <= 1 but llmCalls>0; keep the row; do not drop; do not read as mix immunises
T2d_H_echo_chamber_science_journalist_2026-09-19_03-42-36,T2d_H_echo_chamber_science_journalist,T2d_H,H,echo_chamber,science_journalist,dual,chemtrails_gates_2018_2021,complete,1017,4,1,true,0,0,0,0,0,0,,,,false,hatched_dead_after_llm,nScored <= 1 but llmCalls>0; keep the row; do not drop; do not read as mix immunises
T2d_H_echo_chamber_science_journalist_2026-09-19_03-42-36,T2d_H_echo_chamber_science_journalist,T2d_H,H,echo_chamber,science_journalist,dual,climate_consensus,complete,1017,1,0,true,,,,,,,,,,false,hatched_dead_after_llm,nScored <= 1 but llmCalls>0; keep the row; do not drop; do not read as mix immunises
T2d_H_hierarchical_biodiversity_food_security_2026-09-19_03-55-30,T2d_H_hierarchical_biodiversity_food_security,T2d_H,H,hierarchical,biodiversity_food_security,dual,climate_consensus,complete,805,1,0,true,,,,,,,,,,false,hatched_dead_after_llm,nScored <= 1 but llmCalls>0; keep the row; do not drop; do not read as mix immunises
T2d_H_hierarchical_climate_action_advocate_2026-09-19_03-57-42,T2d_H_hierarchical_climate_action_advocate,T2d_H,H,hierarchical,climate_action_advocate,dual,sai_geoengineering,complete,664,1,0,true,,,,,,,,,,false,hatched_dead_after_llm,nScored <= 1 but llmCalls>0; keep the row; do not drop; do not read as mix immunises
T2d_H_hierarchical_climate_action_advocate_2026-09-19_03-57-42,T2d_H_hierarchical_climate_action_advocate,T2d_H,H,hierarchical,climate_action_advocate,dual,polar_bears,complete,664,1,0,true,,,,,,,,,,false,hatched_dead_after_llm,nScored <= 1 but llmCalls>0; keep the row; do not drop; do not read as mix immunises
T2d_H_hierarchical_climate_scientist_2026-09-19_03-58-00,T2d_H_hierarchical_climate_scientist,T2d_H,H,hierarchical,climate_scientist,dual,paris_agreement,complete,724,1,0,true,,,,,,,,,,false,hatched_dead_after_llm,nScored <= 1 but llmCalls>0; keep the row; do not drop; do not read as mix immunises
T2d_H_hierarchical_conspiracy_climate_piggyback_2026-09-19_04-05-59,T2d_H_hierarchical_conspiracy_climate_piggyback,T2d_H,H,hierarchical,conspiracy_climate_piggyback,dual,paris_agreement,complete,781,1,0,true,,,,,,,,,,false,hatched_dead_after_llm,nScored <= 1 but llmCalls>0; keep the row; do not drop; do not read as mix immunises
T2d_H_hierarchical_conspiracy_depopulation_2026-09-19_04-06-38,T2d_H_hierarchical_conspiracy_depopulation,T2d_H,H,hierarchical,conspiracy_depopulation,dual,sai_geoengineering,complete,521,1,0,true,,,,,,,,,,false,hatched_dead_after_llm,nScored <= 1 but llmCalls>0; keep the row; do not drop; do not read as mix immunises
T2d_H_hierarchical_conspiracy_depopulation_2026-09-19_04-06-38,T2d_H_hierarchical_conspiracy_depopulation,T2d_H,H,hierarchical,conspiracy_depopulation,dual,paris_agreement,complete,521,1,0,true,,,,,,,,,,false,hatched_dead_after_llm,nScored <= 1 but llmCalls>0; keep the row; do not drop; do not read as mix immunises
T2d_H_hierarchical_conspiracy_depopulation_2026-09-19_04-06-38,T2d_H_hierarchical_conspiracy_depopulation,T2d_H,H,hierarchical,conspiracy_depopulation,dual,polar_bears,complete,521,1,0,true,,,,,,,,,,false,hatched_dead_after_llm,nScored <= 1 but llmCalls>0; keep the row; do not drop; do not read as mix immunises
T2d_H_hierarchical_mitigation_first_policy_2026-09-19_04-16-30,T2d_H_hierarchical_mitigation_first_policy,T2d_H,H,hierarchical,mitigation_first_policy,dual,chemtrails_gates_2018_2021,complete,662,1,0,true,,,,,,,,,,false,hatched_dead_after_llm,nScored <= 1 but llmCalls>0; keep the row; do not drop; do not read as mix immunises
T2d_H_hierarchical_mitigation_first_policy_2026-09-19_04-16-30,T2d_H_hierarchical_mitigation_first_policy,T2d_H,H,hierarchical,mitigation_first_policy,dual,polar_bears,complete,662,1,0,true,,,,,,,,,,false,hatched_dead_after_llm,nScored <= 1 but llmCalls>0; keep the row; do not drop; do not read as mix immunises
T2d_H_hierarchical_ozone_stratosphere_specialist_2026-09-19_04-17-32,T2d_H_hierarchical_ozone_stratosphere_specialist,T2d_H,H,hierarchical,ozone_stratosphere_specialist,dual,polar_bears,complete,850,1,0,true,,,,,,,,,,false,hatched_dead_after_llm,nScored <= 1 but llmCalls>0; keep the row; do not drop; do not read as mix immunises
T2d_H_hierarchical_science_journalist_2026-09-19_04-20-14,T2d_H_hierarchical_science_journalist,T2d_H,H,hierarchical,science_journalist,dual,paris_agreement,complete,664,1,0,true,,,,,,,,,,false,hatched_dead_after_llm,nScored <= 1 but llmCalls>0; keep the row; do not drop; do not read as mix immunises
T2d_H_hierarchical_science_journalist_2026-09-19_04-20-14,T2d_H_hierarchical_science_journalist,T2d_H,H,hierarchical,science_journalist,dual,climate_consensus,complete,664,1,0,true,,,,,,,,,,false,hatched_dead_after_llm,nScored <= 1 but llmCalls>0; keep the row; do not drop; do not read as mix immunises
T2d_H_linear_chain_conspiracy_believer_2026-09-19_02-49-25,T2d_H_linear_chain_conspiracy_believer,T2d_H,H,linear_chain,conspiracy_believer,dual,paris_agreement,complete,100,1,0,true,,,,,,,,,,false,hatched_dead_after_llm,nScored <= 1 but llmCalls>0; keep the row; do not drop; do not read as mix immunises
T2d_H_linear_chain_conspiracy_climate_piggyback_2026-09-19_02-49-25,T2d_H_linear_chain_conspiracy_climate_piggyback,T2d_H,H,linear_chain,conspiracy_climate_piggyback,dual,scopex_2017,complete,116,2,1,true,1,1,1,1,1,0,1,,,false,hatched_dead_after_llm,nScored <= 1 but llmCalls>0; keep the row; do not drop; do not read as mix immunises
T2d_H_linear_chain_conspiracy_depopulation_2026-09-19_02-49-25,T2d_H_linear_chain_conspiracy_depopulation,T2d_H,H,linear_chain,conspiracy_depopulation,dual,paris_agreement,complete,90,1,0,true,,,,,,,,,,false,hatched_dead_after_llm,nScored <= 1 but llmCalls>0; keep the row; do not drop; do not read as mix immunises
T2d_H_linear_chain_conspiracy_depopulation_2026-09-19_02-49-25,T2d_H_linear_chain_conspiracy_depopulation,T2d_H,H,linear_chain,conspiracy_depopulation,dual,climate_consensus,complete,90,1,0,true,,,,,,,,,,false,hatched_dead_after_llm,nScored <= 1 but llmCalls>0; keep the row; do not drop; do not read as mix immunises
T2d_H_polarized_biodiversity_food_security_2026-09-19_04-25-13,T2d_H_polarized_biodiversity_food_security,T2d_H,H,polarized,biodiversity_food_security,dual,scopex_2017,complete,221,78,0,true,,,,,,,,,,false,hatched_dead_after_llm,nScored <= 1 but llmCalls>0; keep the row; do not drop; do not read as mix immunises
T2d_H_polarized_biodiversity_food_security_2026-09-19_04-25-13,T2d_H_polarized_biodiversity_food_security,T2d_H,H,polarized,biodiversity_food_security,dual,sai_geoengineering,complete,221,128,1,true,2,2,2,2,0,2,,,,false,hatched_dead_after_llm,nScored <= 1 but llmCalls>0; keep the row; do not drop; do not read as mix immunises
T2d_H_polarized_biodiversity_food_security_2026-09-19_04-25-13,T2d_H_polarized_biodiversity_food_security,T2d_H,H,polarized,biodiversity_food_security,dual,paris_agreement,complete,221,143,1,true,0,0,0,0,0,0,,,,false,hatched_dead_after_llm,nScored <= 1 but llmCalls>0; keep the row; do not drop; do not read as mix immunises
T2d_H_polarized_biodiversity_food_security_2026-09-19_04-25-13,T2d_H_polarized_biodiversity_food_security,T2d_H,H,polarized,biodiversity_food_security,dual,polar_bears,complete,221,91,1,true,2,2,2,2,0,2,,,,false,hatched_dead_after_llm,nScored <= 1 but llmCalls>0; keep the row; do not drop; do not read as mix immunises
T2d_H_polarized_climate_action_advocate_2026-09-19_04-30-42,T2d_H_polarized_climate_action_advocate,T2d_H,H,polarized,climate_action_advocate,dual,scopex_2017,complete,119,137,1,true,0,0,0,0,0,0,,,,false,hatched_dead_after_llm,nScored <= 1 but llmCalls>0; keep the row; do not drop; do not read as mix immunises
T2d_H_polarized_climate_action_advocate_2026-09-19_04-30-42,T2d_H_polarized_climate_action_advocate,T2d_H,H,polarized,climate_action_advocate,dual,chemtrails_gates_2018_2021,complete,119,141,1,true,0,0,0,0,0,0,,,,false,hatched_dead_after_llm,nScored <= 1 but llmCalls>0; keep the row; do not drop; do not read as mix immunises
T2d_H_polarized_climate_action_advocate_2026-09-19_04-30-42,T2d_H_polarized_climate_action_advocate,T2d_H,H,polarized,climate_action_advocate,dual,polar_bears,complete,119,1,0,true,,,,,,,,,,false,hatched_dead_after_llm,nScored <= 1 but llmCalls>0; keep the row; do not drop; do not read as mix immunises
T2d_H_polarized_climate_justice_youth_2026-09-19_04-30-59,T2d_H_polarized_climate_justice_youth,T2d_H,H,polarized,climate_justice_youth,dual,chemtrails_gates_2018_2021,complete,342,138,1,true,0,0,0,0,0,0,,,,false,hatched_dead_after_llm,nScored <= 1 but llmCalls>0; keep the row; do not drop; do not read as mix immunises
T2d_H_polarized_climate_justice_youth_2026-09-19_04-30-59,T2d_H_polarized_climate_justice_youth,T2d_H,H,polarized,climate_justice_youth,dual,polar_bears,complete,342,1,0,true,,,,,,,,,,false,hatched_dead_after_llm,nScored <= 1 but llmCalls>0; keep the row; do not drop; do not read as mix immunises
T2d_H_polarized_conspiracy_believer_2026-09-19_04-17-42,T2d_H_polarized_conspiracy_believer,T2d_H,H,polarized,conspiracy_believer,dual,chemtrails_gates_2018_2021,complete,457,143,1,true,3,3,3,3,2,1,0.9129,,,false,hatched_dead_after_llm,nScored <= 1 but llmCalls>0; keep the row; do not drop; do not read as mix immunises
T2d_H_polarized_conspiracy_climate_piggyback_2026-09-19_04-17-42,T2d_H_polarized_conspiracy_climate_piggyback,T2d_H,H,polarized,conspiracy_climate_piggyback,dual,sai_geoengineering,complete,433,103,1,true,1,1,1,1,0,1,,,,false,hatched_dead_after_llm,nScored <= 1 but llmCalls>0; keep the row; do not drop; do not read as mix immunises
T2d_H_polarized_conspiracy_climate_piggyback_2026-09-19_04-17-42,T2d_H_polarized_conspiracy_climate_piggyback,T2d_H,H,polarized,conspiracy_climate_piggyback,dual,climate_consensus,complete,433,142,0,true,,,,,,,,,,false,hatched_dead_after_llm,nScored <= 1 but llmCalls>0; keep the row; do not drop; do not read as mix immunises
T2d_H_polarized_conspiracy_depopulation_2026-09-19_04-17-42,T2d_H_polarized_conspiracy_depopulation,T2d_H,H,polarized,conspiracy_depopulation,dual,chemtrails_gates_2018_2021,complete,582,3,0,true,,,,,,,,,,false,hatched_dead_after_llm,nScored <= 1 but llmCalls>0; keep the row; do not drop; do not read as mix immunises
T2d_H_polarized_conspiracy_haarp_weather_2026-09-19_04-17-42,T2d_H_polarized_conspiracy_haarp_weather,T2d_H,H,polarized,conspiracy_haarp_weather,dual,polar_bears,complete,494,109,1,true,0,0,0,0,0,0,,,,false,hatched_dead_after_llm,nScored <= 1 but llmCalls>0; keep the row; do not drop; do not read as mix immunises
T2d_H_polarized_mitigation_first_policy_2026-09-19_04-32-04,T2d_H_polarized_mitigation_first_policy,T2d_H,H,polarized,mitigation_first_policy,dual,scopex_2017,complete,1193,1,0,true,,,,,,,,,,false,hatched_dead_after_llm,nScored <= 1 but llmCalls>0; keep the row; do not drop; do not read as mix immunises
T2d_H_random_er_biodiversity_food_security_2026-09-19_03-35-36,T2d_H_random_er_biodiversity_food_security,T2d_H,H,random_er,biodiversity_food_security,dual,scopex_2017,complete,1468,1,0,true,,,,,,,,,,false,hatched_dead_after_llm,nScored <= 1 but llmCalls>0; keep the row; do not drop; do not read as mix immunises
T2d_H_random_er_biodiversity_food_security_2026-09-19_03-35-36,T2d_H_random_er_biodiversity_food_security,T2d_H,H,random_er,biodiversity_food_security,dual,sai_geoengineering,complete,1468,1,0,true,,,,,,,,,,false,hatched_dead_after_llm,nScored <= 1 but llmCalls>0; keep the row; do not drop; do not read as mix immunises
T2d_H_random_er_climate_action_advocate_2026-09-19_03-08-33,T2d_H_random_er_climate_action_advocate,T2d_H,H,random_er,climate_action_advocate,dual,scopex_2017,complete,1395,1,0,true,,,,,,,,,,false,hatched_dead_after_llm,nScored <= 1 but llmCalls>0; keep the row; do not drop; do not read as mix immunises
T2d_H_random_er_climate_action_advocate_2026-09-19_03-08-33,T2d_H_random_er_climate_action_advocate,T2d_H,H,random_er,climate_action_advocate,dual,climate_consensus,complete,1395,1,0,true,,,,,,,,,,false,hatched_dead_after_llm,nScored <= 1 but llmCalls>0; keep the row; do not drop; do not read as mix immunises
T2d_H_random_er_conspiracy_believer_2026-09-19_02-59-49,T2d_H_random_er_conspiracy_believer,T2d_H,H,random_er,conspiracy_believer,dual,paris_agreement,complete,998,2,1,true,5,5,5,5,3.5,1.5,,1,1,false,hatched_dead_after_llm,nScored <= 1 but llmCalls>0; keep the row; do not drop; do not read as mix immunises
T2d_H_random_er_conspiracy_believer_2026-09-19_02-59-49,T2d_H_random_er_conspiracy_believer,T2d_H,H,random_er,conspiracy_believer,dual,polar_bears,complete,998,2,1,true,0,0,0,0,0,0,,,,false,hatched_dead_after_llm,nScored <= 1 but llmCalls>0; keep the row; do not drop; do not read as mix immunises
T2d_H_random_er_conspiracy_climate_piggyback_2026-09-19_03-01-49,T2d_H_random_er_conspiracy_climate_piggyback,T2d_H,H,random_er,conspiracy_climate_piggyback,dual,paris_agreement,complete,531,1,0,true,,,,,,,,,,false,hatched_dead_after_llm,nScored <= 1 but llmCalls>0; keep the row; do not drop; do not read as mix immunises
T2d_H_random_er_conspiracy_climate_piggyback_2026-09-19_03-01-49,T2d_H_random_er_conspiracy_climate_piggyback,T2d_H,H,random_er,conspiracy_climate_piggyback,dual,climate_consensus,complete,531,1,0,true,,,,,,,,,,false,hatched_dead_after_llm,nScored <= 1 but llmCalls>0; keep the row; do not drop; do not read as mix immunises
T2d_H_random_er_conspiracy_depopulation_2026-09-19_03-01-29,T2d_H_random_er_conspiracy_depopulation,T2d_H,H,random_er,conspiracy_depopulation,dual,polar_bears,complete,1564,1,0,true,,,,,,,,,,false,hatched_dead_after_llm,nScored <= 1 but llmCalls>0; keep the row; do not drop; do not read as mix immunises
T2d_H_random_er_conspiracy_haarp_weather_2026-09-19_02-59-53,T2d_H_random_er_conspiracy_haarp_weather,T2d_H,H,random_er,conspiracy_haarp_weather,dual,polar_bears,complete,1735,1,0,true,,,,,,,,,,false,hatched_dead_after_llm,nScored <= 1 but llmCalls>0; keep the row; do not drop; do not read as mix immunises
T2d_H_random_er_environmental_concern_2026-09-19_03-21-07,T2d_H_random_er_environmental_concern,T2d_H,H,random_er,environmental_concern,dual,paris_agreement,complete,1037,1,0,true,,,,,,,,,,false,hatched_dead_after_llm,nScored <= 1 but llmCalls>0; keep the row; do not drop; do not read as mix immunises
T2d_H_random_er_environmental_concern_2026-09-19_03-21-07,T2d_H_random_er_environmental_concern,T2d_H,H,random_er,environmental_concern,dual,climate_consensus,complete,1037,1,0,true,,,,,,,,,,false,hatched_dead_after_llm,nScored <= 1 but llmCalls>0; keep the row; do not drop; do not read as mix immunises
T2d_H_random_er_ozone_stratosphere_specialist_2026-09-19_03-25-53,T2d_H_random_er_ozone_stratosphere_specialist,T2d_H,H,random_er,ozone_stratosphere_specialist,dual,scopex_2017,complete,923,1,0,true,,,,,,,,,,false,hatched_dead_after_llm,nScored <= 1 but llmCalls>0; keep the row; do not drop; do not read as mix immunises
T2d_H_random_er_ozone_stratosphere_specialist_2026-09-19_03-25-53,T2d_H_random_er_ozone_stratosphere_specialist,T2d_H,H,random_er,ozone_stratosphere_specialist,dual,sai_geoengineering,complete,923,1,0,true,,,,,,,,,,false,hatched_dead_after_llm,nScored <= 1 but llmCalls>0; keep the row; do not drop; do not read as mix immunises
T2d_H_random_er_ozone_stratosphere_specialist_2026-09-19_03-25-53,T2d_H_random_er_ozone_stratosphere_specialist,T2d_H,H,random_er,ozone_stratosphere_specialist,dual,paris_agreement,complete,923,1,0,true,,,,,,,,,,false,hatched_dead_after_llm,nScored <= 1 but llmCalls>0; keep the row; do not drop; do not read as mix immunises
T2d_H_random_er_science_journalist_2026-09-19_03-41-01,T2d_H_random_er_science_journalist,T2d_H,H,random_er,science_journalist,dual,scopex_2017,complete,1081,1,0,true,,,,,,,,,,false,hatched_dead_after_llm,nScored <= 1 but llmCalls>0; keep the row; do not drop; do not read as mix immunises
T2d_H_ring_biodiversity_food_security_2026-09-19_02-58-23,T2d_H_ring_biodiversity_food_security,T2d_H,H,ring,biodiversity_food_security,dual,scopex_2017,complete,93,2,1,true,1,1,1,1,0,1,,,,false,hatched_dead_after_llm,nScored <= 1 but llmCalls>0; keep the row; do not drop; do not read as mix immunises
T2d_H_ring_climate_action_advocate_2026-09-19_02-56-28,T2d_H_ring_climate_action_advocate,T2d_H,H,ring,climate_action_advocate,dual,scopex_2017,complete,101,2,1,true,1,1,1,1,0,1,,,,false,hatched_dead_after_llm,nScored <= 1 but llmCalls>0; keep the row; do not drop; do not read as mix immunises
T2d_H_ring_climate_action_advocate_2026-09-19_02-56-28,T2d_H_ring_climate_action_advocate,T2d_H,H,ring,climate_action_advocate,dual,paris_agreement,complete,101,2,1,true,0,0,0,0,1,1,,,,false,hatched_dead_after_llm,nScored <= 1 but llmCalls>0; keep the row; do not drop; do not read as mix immunises
T2d_H_ring_climate_scientist_2026-09-19_02-59-25,T2d_H_ring_climate_scientist,T2d_H,H,ring,climate_scientist,dual,sai_geoengineering,complete,103,2,1,true,0,0,0,0,0,0,,,,false,hatched_dead_after_llm,nScored <= 1 but llmCalls>0; keep the row; do not drop; do not read as mix immunises
T2d_H_ring_conspiracy_believer_2026-09-19_02-55-05,T2d_H_ring_conspiracy_believer,T2d_H,H,ring,conspiracy_believer,dual,chemtrails_gates_2018_2021,complete,76,2,1,true,4,4,4,4,3,1,1,1,,false,hatched_dead_after_llm,nScored <= 1 but llmCalls>0; keep the row; do not drop; do not read as mix immunises
T2d_H_ring_conspiracy_believer_2026-09-19_02-55-05,T2d_H_ring_conspiracy_believer,T2d_H,H,ring,conspiracy_believer,dual,sai_geoengineering,complete,76,2,1,true,2,2,2,2,0,2,,,,false,hatched_dead_after_llm,nScored <= 1 but llmCalls>0; keep the row; do not drop; do not read as mix immunises
T2d_H_ring_conspiracy_believer_2026-09-19_02-55-05,T2d_H_ring_conspiracy_believer,T2d_H,H,ring,conspiracy_believer,dual,paris_agreement,complete,76,1,0,true,,,,,,,,,,false,hatched_dead_after_llm,nScored <= 1 but llmCalls>0; keep the row; do not drop; do not read as mix immunises
T2d_H_ring_conspiracy_climate_piggyback_2026-09-19_02-56-03,T2d_H_ring_conspiracy_climate_piggyback,T2d_H,H,ring,conspiracy_climate_piggyback,dual,scopex_2017,complete,120,2,1,true,3,3,3,3,0,3,,,,false,hatched_dead_after_llm,nScored <= 1 but llmCalls>0; keep the row; do not drop; do not read as mix immunises
T2d_H_ring_conspiracy_depopulation_2026-09-19_02-56-00,T2d_H_ring_conspiracy_depopulation,T2d_H,H,ring,conspiracy_depopulation,dual,scopex_2017,complete,90,2,1,true,0,0,0,0,0,0,,,,false,hatched_dead_after_llm,nScored <= 1 but llmCalls>0; keep the row; do not drop; do not read as mix immunises
T2d_H_ring_conspiracy_haarp_weather_2026-09-19_02-55-11,T2d_H_ring_conspiracy_haarp_weather,T2d_H,H,ring,conspiracy_haarp_weather,dual,scopex_2017,complete,114,1,0,true,,,,,,,,,,false,hatched_dead_after_llm,nScored <= 1 but llmCalls>0; keep the row; do not drop; do not read as mix immunises
T2d_H_ring_ozone_stratosphere_specialist_2026-09-19_02-58-05,T2d_H_ring_ozone_stratosphere_specialist,T2d_H,H,ring,ozone_stratosphere_specialist,dual,paris_agreement,complete,118,1,0,true,,,,,,,,,,false,hatched_dead_after_llm,nScored <= 1 but llmCalls>0; keep the row; do not drop; do not read as mix immunises
T2d_H_scale_free_biodiversity_food_security_2026-09-19_04-32-52,T2d_H_scale_free_biodiversity_food_security,T2d_H,H,scale_free,biodiversity_food_security,dual,paris_agreement,complete,1915,1,0,true,,,,,,,,,,false,hatched_dead_after_llm,nScored <= 1 but llmCalls>0; keep the row; do not drop; do not read as mix immunises
T2d_H_scale_free_climate_scientist_2026-09-19_04-45-00,T2d_H_scale_free_climate_scientist,T2d_H,H,scale_free,climate_scientist,dual,scopex_2017,complete,1490,1,0,true,,,,,,,,,,false,hatched_dead_after_llm,nScored <= 1 but llmCalls>0; keep the row; do not drop; do not read as mix immunises
T2d_H_scale_free_climate_scientist_2026-09-19_04-45-00,T2d_H_scale_free_climate_scientist,T2d_H,H,scale_free,climate_scientist,dual,chemtrails_gates_2018_2021,complete,1490,1,0,true,,,,,,,,,,false,hatched_dead_after_llm,nScored <= 1 but llmCalls>0; keep the row; do not drop; do not read as mix immunises
T2d_H_scale_free_conspiracy_believer_2026-09-19_03-35-37,T2d_H_scale_free_conspiracy_believer,T2d_H,H,scale_free,conspiracy_believer,dual,sai_geoengineering,complete,1617,1,0,true,,,,,,,,,,false,hatched_dead_after_llm,nScored <= 1 but llmCalls>0; keep the row; do not drop; do not read as mix immunises
T2d_H_scale_free_conspiracy_believer_2026-09-19_03-35-37,T2d_H_scale_free_conspiracy_believer,T2d_H,H,scale_free,conspiracy_believer,dual,paris_agreement,complete,1617,1,0,true,,,,,,,,,,false,hatched_dead_after_llm,nScored <= 1 but llmCalls>0; keep the row; do not drop; do not read as mix immunises
T2d_H_scale_free_conspiracy_depopulation_2026-09-19_03-35-38,T2d_H_scale_free_conspiracy_depopulation,T2d_H,H,scale_free,conspiracy_depopulation,dual,scopex_2017,complete,1622,1,0,true,,,,,,,,,,false,hatched_dead_after_llm,nScored <= 1 but llmCalls>0; keep the row; do not drop; do not read as mix immunises
T2d_H_scale_free_conspiracy_haarp_weather_2026-09-19_03-35-37,T2d_H_scale_free_conspiracy_haarp_weather,T2d_H,H,scale_free,conspiracy_haarp_weather,dual,sai_geoengineering,complete,1793,1,0,true,,,,,,,,,,false,hatched_dead_after_llm,nScored <= 1 but llmCalls>0; keep the row; do not drop; do not read as mix immunises
T2d_H_scale_free_environmental_concern_2026-09-19_04-25-49,T2d_H_scale_free_environmental_concern,T2d_H,H,scale_free,environmental_concern,dual,sai_geoengineering,complete,167,1,0,true,,,,,,,,,,false,hatched_dead_after_llm,nScored <= 1 but llmCalls>0; keep the row; do not drop; do not read as mix immunises
T2d_H_scale_free_environmental_concern_2026-09-19_04-25-49,T2d_H_scale_free_environmental_concern,T2d_H,H,scale_free,environmental_concern,dual,paris_agreement,complete,167,1,0,true,,,,,,,,,,false,hatched_dead_after_llm,nScored <= 1 but llmCalls>0; keep the row; do not drop; do not read as mix immunises
T2d_H_scale_free_environmental_concern_2026-09-19_04-25-49,T2d_H_scale_free_environmental_concern,T2d_H,H,scale_free,environmental_concern,dual,climate_consensus,complete,167,1,0,true,,,,,,,,,,false,hatched_dead_after_llm,nScored <= 1 but llmCalls>0; keep the row; do not drop; do not read as mix immunises
T2d_H_scale_free_ozone_stratosphere_specialist_2026-09-19_04-26-57,T2d_H_scale_free_ozone_stratosphere_specialist,T2d_H,H,scale_free,ozone_stratosphere_specialist,dual,sai_geoengineering,complete,206,181,1,true,0,0,0,0,0,0,,,,false,hatched_dead_after_llm,nScored <= 1 but llmCalls>0; keep the row; do not drop; do not read as mix immunises
T2d_H_scale_free_ozone_stratosphere_specialist_2026-09-19_04-26-57,T2d_H_scale_free_ozone_stratosphere_specialist,T2d_H,H,scale_free,ozone_stratosphere_specialist,dual,paris_agreement,complete,206,1,0,true,,,,,,,,,,false,hatched_dead_after_llm,nScored <= 1 but llmCalls>0; keep the row; do not drop; do not read as mix immunises
T2d_H_scale_free_ozone_stratosphere_specialist_2026-09-19_04-26-57,T2d_H_scale_free_ozone_stratosphere_specialist,T2d_H,H,scale_free,ozone_stratosphere_specialist,dual,climate_consensus,complete,206,179,1,true,0,0,0,0,0,0,,,,false,hatched_dead_after_llm,nScored <= 1 but llmCalls>0; keep the row; do not drop; do not read as mix immunises
T2d_H_scale_free_science_journalist_2026-09-19_04-42-29,T2d_H_scale_free_science_journalist,T2d_H,H,scale_free,science_journalist,dual,chemtrails_gates_2018_2021,complete,1176,1,0,true,,,,,,,,,,false,hatched_dead_after_llm,nScored <= 1 but llmCalls>0; keep the row; do not drop; do not read as mix immunises
T2d_H_scale_free_science_journalist_2026-09-19_04-42-29,T2d_H_scale_free_science_journalist,T2d_H,H,scale_free,science_journalist,dual,paris_agreement,complete,1176,1,0,true,,,,,,,,,,false,hatched_dead_after_llm,nScored <= 1 but llmCalls>0; keep the row; do not drop; do not read as mix immunises
T2d_H_scale_free_science_journalist_2026-09-19_04-42-29,T2d_H_scale_free_science_journalist,T2d_H,H,scale_free,science_journalist,dual,climate_consensus,complete,1176,1,0,true,,,,,,,,,,false,hatched_dead_after_llm,nScored <= 1 but llmCalls>0; keep the row; do not drop; do not read as mix immunises
T2d_H_small_world_biodiversity_food_security_2026-09-19_04-26-39,T2d_H_small_world_biodiversity_food_security,T2d_H,H,small_world,biodiversity_food_security,dual,climate_consensus,complete,408,169,1,true,0,0,0,0,0,0,,,,false,hatched_dead_after_llm,nScored <= 1 but llmCalls>0; keep the row; do not drop; do not read as mix immunises
T2d_H_small_world_climate_action_advocate_2026-09-19_03-58-13,T2d_H_small_world_climate_action_advocate,T2d_H,H,small_world,climate_action_advocate,dual,climate_consensus,complete,1952,1,0,true,,,,,,,,,,false,hatched_dead_after_llm,nScored <= 1 but llmCalls>0; keep the row; do not drop; do not read as mix immunises
T2d_H_small_world_conspiracy_climate_piggyback_2026-09-19_03-35-38,T2d_H_small_world_conspiracy_climate_piggyback,T2d_H,H,small_world,conspiracy_climate_piggyback,dual,paris_agreement,complete,1481,1,0,true,,,,,,,,,,false,hatched_dead_after_llm,nScored <= 1 but llmCalls>0; keep the row; do not drop; do not read as mix immunises
T2d_H_small_world_conspiracy_depopulation_2026-09-19_03-35-37,T2d_H_small_world_conspiracy_depopulation,T2d_H,H,small_world,conspiracy_depopulation,dual,scopex_2017,complete,1537,1,0,true,,,,,,,,,,false,hatched_dead_after_llm,nScored <= 1 but llmCalls>0; keep the row; do not drop; do not read as mix immunises
T2d_H_small_world_conspiracy_depopulation_2026-09-19_03-35-37,T2d_H_small_world_conspiracy_depopulation,T2d_H,H,small_world,conspiracy_depopulation,dual,climate_consensus,complete,1537,1,0,true,,,,,,,,,,false,hatched_dead_after_llm,nScored <= 1 but llmCalls>0; keep the row; do not drop; do not read as mix immunises
T2d_H_small_world_environmental_concern_2026-09-19_04-19-41,T2d_H_small_world_environmental_concern,T2d_H,H,small_world,environmental_concern,dual,scopex_2017,complete,333,173,1,true,0,0,0,0,0,0,,,,false,hatched_dead_after_llm,nScored <= 1 but llmCalls>0; keep the row; do not drop; do not read as mix immunises
T2d_H_small_world_environmental_concern_2026-09-19_04-19-41,T2d_H_small_world_environmental_concern,T2d_H,H,small_world,environmental_concern,dual,sai_geoengineering,complete,333,173,1,true,1,1,1,1,0,1,,,,false,hatched_dead_after_llm,nScored <= 1 but llmCalls>0; keep the row; do not drop; do not read as mix immunises
T2d_H_small_world_environmental_concern_2026-09-19_04-19-41,T2d_H_small_world_environmental_concern,T2d_H,H,small_world,environmental_concern,dual,paris_agreement,complete,333,1,0,true,,,,,,,,,,false,hatched_dead_after_llm,nScored <= 1 but llmCalls>0; keep the row; do not drop; do not read as mix immunises
T2d_H_small_world_environmental_concern_2026-09-19_04-19-41,T2d_H_small_world_environmental_concern,T2d_H,H,small_world,environmental_concern,dual,climate_consensus,complete,333,160,1,true,0,0,0,0,0,0,,,,false,hatched_dead_after_llm,nScored <= 1 but llmCalls>0; keep the row; do not drop; do not read as mix immunises
T2d_H_small_world_environmental_concern_2026-09-19_04-19-41,T2d_H_small_world_environmental_concern,T2d_H,H,small_world,environmental_concern,dual,polar_bears,complete,333,1,0,true,,,,,,,,,,false,hatched_dead_after_llm,nScored <= 1 but llmCalls>0; keep the row; do not drop; do not read as mix immunises
T2d_H_small_world_mitigation_first_policy_2026-09-19_04-00-25,T2d_H_small_world_mitigation_first_policy,T2d_H,H,small_world,mitigation_first_policy,dual,sai_geoengineering,complete,2014,1,0,true,,,,,,,,,,false,hatched_dead_after_llm,nScored <= 1 but llmCalls>0; keep the row; do not drop; do not read as mix immunises
T2d_H_small_world_ozone_stratosphere_specialist_2026-09-19_04-21-34,T2d_H_small_world_ozone_stratosphere_specialist,T2d_H,H,small_world,ozone_stratosphere_specialist,dual,polar_bears,complete,380,176,1,true,2,2,2,2,0,2,,,,false,hatched_dead_after_llm,nScored <= 1 but llmCalls>0; keep the row; do not drop; do not read as mix immunises
T2d_H_small_world_science_journalist_2026-09-19_04-31-18,T2d_H_small_world_science_journalist,T2d_H,H,small_world,science_journalist,dual,polar_bears,complete,1537,1,0,true,,,,,,,,,,false,hatched_dead_after_llm,nScored <= 1 but llmCalls>0; keep the row; do not drop; do not read as mix immunises
T2d_He_echo_chamber_mix_00_2026-09-19_04-17-36,T2d_He_echo_chamber_mix_00,T2d_He,He,echo_chamber,mix_00,dual,sai_geoengineering,complete,482,1,0,true,,,,,,,,,,false,hatched_dead_after_llm,nScored <= 1 but llmCalls>0; keep the row; do not drop; do not read as mix immunises
T2d_He_echo_chamber_mix_01_2026-09-19_04-20-32,T2d_He_echo_chamber_mix_01,T2d_He,He,echo_chamber,mix_01,dual,paris_agreement,complete,351,1,0,true,,,,,,,,,,false,hatched_dead_after_llm,nScored <= 1 but llmCalls>0; keep the row; do not drop; do not read as mix immunises
T2d_He_echo_chamber_mix_01_2026-09-19_04-20-32,T2d_He_echo_chamber_mix_01,T2d_He,He,echo_chamber,mix_01,dual,polar_bears,complete,351,150,0,true,,,,,,,,,,false,hatched_dead_after_llm,nScored <= 1 but llmCalls>0; keep the row; do not drop; do not read as mix immunises
T2d_He_echo_chamber_mix_02_2026-09-19_04-13-27,T2d_He_echo_chamber_mix_02,T2d_He,He,echo_chamber,mix_02,dual,sai_geoengineering,complete,1107,1,0,true,,,,,,,,,,false,hatched_dead_after_llm,nScored <= 1 but llmCalls>0; keep the row; do not drop; do not read as mix immunises
T2d_He_echo_chamber_mix_04_2026-09-19_04-30-50,T2d_He_echo_chamber_mix_04,T2d_He,He,echo_chamber,mix_04,dual,polar_bears,complete,374,1,0,true,,,,,,,,,,false,hatched_dead_after_llm,nScored <= 1 but llmCalls>0; keep the row; do not drop; do not read as mix immunises
T2d_He_echo_chamber_mix_05_2026-09-19_04-30-13,T2d_He_echo_chamber_mix_05,T2d_He,He,echo_chamber,mix_05,dual,paris_agreement,complete,121,159,1,true,1,1,1,1,0,1,,,,false,hatched_dead_after_llm,nScored <= 1 but llmCalls>0; keep the row; do not drop; do not read as mix immunises
T2d_He_hierarchical_mix_00_2026-09-19_04-17-53,T2d_He_hierarchical_mix_00,T2d_He,He,hierarchical,mix_00,dual,paris_agreement,complete,44,1,0,true,,,,,,,,,,false,hatched_dead_after_llm,nScored <= 1 but llmCalls>0; keep the row; do not drop; do not read as mix immunises
T2d_He_hierarchical_mix_01_2026-09-19_04-17-53,T2d_He_hierarchical_mix_01,T2d_He,He,hierarchical,mix_01,dual,scopex_2017,complete,79,1,0,true,,,,,,,,,,false,hatched_dead_after_llm,nScored <= 1 but llmCalls>0; keep the row; do not drop; do not read as mix immunises
T2d_He_hierarchical_mix_01_2026-09-19_04-17-53,T2d_He_hierarchical_mix_01,T2d_He,He,hierarchical,mix_01,dual,chemtrails_gates_2018_2021,complete,79,4,1,true,0,0,0,0,0,0,,,,false,hatched_dead_after_llm,nScored <= 1 but llmCalls>0; keep the row; do not drop; do not read as mix immunises
T2d_He_hierarchical_mix_02_2026-09-19_04-17-53,T2d_He_hierarchical_mix_02,T2d_He,He,hierarchical,mix_02,dual,climate_consensus,complete,256,1,0,true,,,,,,,,,,false,hatched_dead_after_llm,nScored <= 1 but llmCalls>0; keep the row; do not drop; do not read as mix immunises
T2d_He_hierarchical_mix_03_2026-09-19_04-17-53,T2d_He_hierarchical_mix_03,T2d_He,He,hierarchical,mix_03,dual,scopex_2017,complete,86,4,1,true,0,0,0,0,0,0,,,,false,hatched_dead_after_llm,nScored <= 1 but llmCalls>0; keep the row; do not drop; do not read as mix immunises
T2d_He_hierarchical_mix_03_2026-09-19_04-17-53,T2d_He_hierarchical_mix_03,T2d_He,He,hierarchical,mix_03,dual,sai_geoengineering,complete,86,4,1,true,1,1,1,1,0,1,,,,false,hatched_dead_after_llm,nScored <= 1 but llmCalls>0; keep the row; do not drop; do not read as mix immunises
T2d_He_hierarchical_mix_04_2026-09-19_04-18-25,T2d_He_hierarchical_mix_04,T2d_He,He,hierarchical,mix_04,dual,chemtrails_gates_2018_2021,complete,60,4,1,true,0,0,0,0,0,0,,,,false,hatched_dead_after_llm,nScored <= 1 but llmCalls>0; keep the row; do not drop; do not read as mix immunises
T2d_He_hierarchical_mix_04_2026-09-19_04-18-25,T2d_He_hierarchical_mix_04,T2d_He,He,hierarchical,mix_04,dual,climate_consensus,complete,60,1,0,true,,,,,,,,,,false,hatched_dead_after_llm,nScored <= 1 but llmCalls>0; keep the row; do not drop; do not read as mix immunises
T2d_He_linear_chain_mix_00_2026-09-19_02-49-25,T2d_He_linear_chain_mix_00,T2d_He,He,linear_chain,mix_00,dual,paris_agreement,complete,99,1,0,true,,,,,,,,,,false,hatched_dead_after_llm,nScored <= 1 but llmCalls>0; keep the row; do not drop; do not read as mix immunises
T2d_He_linear_chain_mix_03_2026-09-19_02-49-25,T2d_He_linear_chain_mix_03,T2d_He,He,linear_chain,mix_03,dual,sai_geoengineering,complete,118,1,0,true,,,,,,,,,,false,hatched_dead_after_llm,nScored <= 1 but llmCalls>0; keep the row; do not drop; do not read as mix immunises
T2d_He_linear_chain_mix_04_2026-09-19_02-51-04,T2d_He_linear_chain_mix_04,T2d_He,He,linear_chain,mix_04,dual,scopex_2017,complete,107,1,0,true,,,,,,,,,,false,hatched_dead_after_llm,nScored <= 1 but llmCalls>0; keep the row; do not drop; do not read as mix immunises
T2d_He_polarized_mix_00_2026-09-19_04-17-42,T2d_He_polarized_mix_00,T2d_He,He,polarized,mix_00,dual,sai_geoengineering,complete,793,1,0,true,,,,,,,,,,false,hatched_dead_after_llm,nScored <= 1 but llmCalls>0; keep the row; do not drop; do not read as mix immunises
T2d_He_polarized_mix_01_2026-09-19_04-17-42,T2d_He_polarized_mix_01,T2d_He,He,polarized,mix_01,dual,paris_agreement,complete,689,3,0,true,,,,,,,,,,false,hatched_dead_after_llm,nScored <= 1 but llmCalls>0; keep the row; do not drop; do not read as mix immunises
T2d_He_polarized_mix_01_2026-09-19_04-17-42,T2d_He_polarized_mix_01,T2d_He,He,polarized,mix_01,dual,polar_bears,complete,689,1,0,true,,,,,,,,,,false,hatched_dead_after_llm,nScored <= 1 but llmCalls>0; keep the row; do not drop; do not read as mix immunises
T2d_He_polarized_mix_02_2026-09-19_04-30-58,T2d_He_polarized_mix_02,T2d_He,He,polarized,mix_02,dual,scopex_2017,complete,62,3,0,true,,,,,,,,,,false,hatched_dead_after_llm,nScored <= 1 but llmCalls>0; keep the row; do not drop; do not read as mix immunises
T2d_He_polarized_mix_02_2026-09-19_04-30-58,T2d_He_polarized_mix_02,T2d_He,He,polarized,mix_02,dual,paris_agreement,complete,62,1,0,true,,,,,,,,,,false,hatched_dead_after_llm,nScored <= 1 but llmCalls>0; keep the row; do not drop; do not read as mix immunises
T2d_He_polarized_mix_02_2026-09-19_04-30-58,T2d_He_polarized_mix_02,T2d_He,He,polarized,mix_02,dual,polar_bears,complete,62,1,0,true,,,,,,,,,,false,hatched_dead_after_llm,nScored <= 1 but llmCalls>0; keep the row; do not drop; do not read as mix immunises
T2d_He_polarized_mix_03_2026-09-19_04-17-42,T2d_He_polarized_mix_03,T2d_He,He,polarized,mix_03,dual,paris_agreement,complete,515,144,0,true,,,,,,,,,,false,hatched_dead_after_llm,nScored <= 1 but llmCalls>0; keep the row; do not drop; do not read as mix immunises
T2d_He_polarized_mix_03_2026-09-19_04-17-42,T2d_He_polarized_mix_03,T2d_He,He,polarized,mix_03,dual,polar_bears,complete,515,1,0,true,,,,,,,,,,false,hatched_dead_after_llm,nScored <= 1 but llmCalls>0; keep the row; do not drop; do not read as mix immunises
T2d_He_polarized_mix_04_2026-09-19_04-31-09,T2d_He_polarized_mix_04,T2d_He,He,polarized,mix_04,dual,scopex_2017,complete,446,136,1,true,0,0,0,0,0,0,,,,false,hatched_dead_after_llm,nScored <= 1 but llmCalls>0; keep the row; do not drop; do not read as mix immunises
T2d_He_polarized_mix_04_2026-09-19_04-31-09,T2d_He_polarized_mix_04,T2d_He,He,polarized,mix_04,dual,climate_consensus,complete,446,1,0,true,,,,,,,,,,false,hatched_dead_after_llm,nScored <= 1 but llmCalls>0; keep the row; do not drop; do not read as mix immunises
T2d_He_random_er_mix_00_2026-09-19_02-54-27,T2d_He_random_er_mix_00,T2d_He,He,random_er,mix_00,dual,scopex_2017,complete,1470,1,0,true,,,,,,,,,,false,hatched_dead_after_llm,nScored <= 1 but llmCalls>0; keep the row; do not drop; do not read as mix immunises
T2d_He_random_er_mix_02_2026-09-19_02-55-34,T2d_He_random_er_mix_02,T2d_He,He,random_er,mix_02,dual,polar_bears,complete,1400,3,1,true,0,0,0,0,0,0,,,,false,hatched_dead_after_llm,nScored <= 1 but llmCalls>0; keep the row; do not drop; do not read as mix immunises
T2d_He_random_er_mix_03_2026-09-19_02-55-43,T2d_He_random_er_mix_03,T2d_He,He,random_er,mix_03,dual,sai_geoengineering,complete,1104,1,0,true,,,,,,,,,,false,hatched_dead_after_llm,nScored <= 1 but llmCalls>0; keep the row; do not drop; do not read as mix immunises
T2d_He_random_er_mix_03_2026-09-19_02-55-43,T2d_He_random_er_mix_03,T2d_He,He,random_er,mix_03,dual,paris_agreement,complete,1104,1,0,true,,,,,,,,,,false,hatched_dead_after_llm,nScored <= 1 but llmCalls>0; keep the row; do not drop; do not read as mix immunises
T2d_He_random_er_mix_03_2026-09-19_02-55-43,T2d_He_random_er_mix_03,T2d_He,He,random_er,mix_03,dual,polar_bears,complete,1104,1,0,true,,,,,,,,,,false,hatched_dead_after_llm,nScored <= 1 but llmCalls>0; keep the row; do not drop; do not read as mix immunises
T2d_He_random_er_mix_04_2026-09-19_03-10-20,T2d_He_random_er_mix_04,T2d_He,He,random_er,mix_04,dual,climate_consensus,complete,1838,1,0,true,,,,,,,,,,false,hatched_dead_after_llm,nScored <= 1 but llmCalls>0; keep the row; do not drop; do not read as mix immunises
T2d_He_random_er_mix_05_2026-09-19_03-13-24,T2d_He_random_er_mix_05,T2d_He,He,random_er,mix_05,dual,sai_geoengineering,complete,1520,1,0,true,,,,,,,,,,false,hatched_dead_after_llm,nScored <= 1 but llmCalls>0; keep the row; do not drop; do not read as mix immunises
T2d_He_ring_mix_00_2026-09-19_02-51-38,T2d_He_ring_mix_00,T2d_He,He,ring,mix_00,dual,chemtrails_gates_2018_2021,complete,118,2,1,true,3,3,3,3,2,1,0.9129,,,false,hatched_dead_after_llm,nScored <= 1 but llmCalls>0; keep the row; do not drop; do not read as mix immunises
T2d_He_ring_mix_05_2026-09-19_02-53-59,T2d_He_ring_mix_05,T2d_He,He,ring,mix_05,dual,scopex_2017,complete,85,1,0,true,,,,,,,,,,false,hatched_dead_after_llm,nScored <= 1 but llmCalls>0; keep the row; do not drop; do not read as mix immunises
T2d_He_ring_mix_05_2026-09-19_02-53-59,T2d_He_ring_mix_05,T2d_He,He,ring,mix_05,dual,sai_geoengineering,complete,85,2,1,true,1,1,1,1,0,1,,,,false,hatched_dead_after_llm,nScored <= 1 but llmCalls>0; keep the row; do not drop; do not read as mix immunises
T2d_He_scale_free_mix_00_2026-09-19_03-51-44,T2d_He_scale_free_mix_00,T2d_He,He,scale_free,mix_00,dual,chemtrails_gates_2018_2021,complete,1474,1,0,true,,,,,,,,,,false,hatched_dead_after_llm,nScored <= 1 but llmCalls>0; keep the row; do not drop; do not read as mix immunises
T2d_He_scale_free_mix_00_2026-09-19_03-51-44,T2d_He_scale_free_mix_00,T2d_He,He,scale_free,mix_00,dual,sai_geoengineering,complete,1474,1,0,true,,,,,,,,,,false,hatched_dead_after_llm,nScored <= 1 but llmCalls>0; keep the row; do not drop; do not read as mix immunises
T2d_He_scale_free_mix_01_2026-09-19_03-58-06,T2d_He_scale_free_mix_01,T2d_He,He,scale_free,mix_01,dual,sai_geoengineering,complete,1739,1,0,true,,,,,,,,,,false,hatched_dead_after_llm,nScored <= 1 but llmCalls>0; keep the row; do not drop; do not read as mix immunises
T2d_He_scale_free_mix_02_2026-09-19_03-35-38,T2d_He_scale_free_mix_02,T2d_He,He,scale_free,mix_02,dual,polar_bears,complete,1608,1,0,true,,,,,,,,,,false,hatched_dead_after_llm,nScored <= 1 but llmCalls>0; keep the row; do not drop; do not read as mix immunises
T2d_He_scale_free_mix_03_2026-09-19_03-58-06,T2d_He_scale_free_mix_03,T2d_He,He,scale_free,mix_03,dual,scopex_2017,complete,1538,1,0,true,,,,,,,,,,false,hatched_dead_after_llm,nScored <= 1 but llmCalls>0; keep the row; do not drop; do not read as mix immunises
T2d_He_scale_free_mix_03_2026-09-19_03-58-06,T2d_He_scale_free_mix_03,T2d_He,He,scale_free,mix_03,dual,chemtrails_gates_2018_2021,complete,1538,1,0,true,,,,,,,,,,false,hatched_dead_after_llm,nScored <= 1 but llmCalls>0; keep the row; do not drop; do not read as mix immunises
T2d_He_scale_free_mix_05_2026-09-19_04-16-26,T2d_He_scale_free_mix_05,T2d_He,He,scale_free,mix_05,dual,scopex_2017,complete,526,1,0,true,,,,,,,,,,false,hatched_dead_after_llm,nScored <= 1 but llmCalls>0; keep the row; do not drop; do not read as mix immunises
T2d_He_small_world_mix_03_2026-09-19_03-33-19,T2d_He_small_world_mix_03,T2d_He,He,small_world,mix_03,dual,scopex_2017,complete,1497,1,0,true,,,,,,,,,,false,hatched_dead_after_llm,nScored <= 1 but llmCalls>0; keep the row; do not drop; do not read as mix immunises
T2d_He_small_world_mix_03_2026-09-19_03-33-19,T2d_He_small_world_mix_03,T2d_He,He,small_world,mix_03,dual,paris_agreement,complete,1497,1,0,true,,,,,,,,,,false,hatched_dead_after_llm,nScored <= 1 but llmCalls>0; keep the row; do not drop; do not read as mix immunises
T2d_He_small_world_mix_04_2026-09-19_03-42-38,T2d_He_small_world_mix_04,T2d_He,He,small_world,mix_04,dual,chemtrails_gates_2018_2021,complete,1024,1,0,true,,,,,,,,,,false,hatched_dead_after_llm,nScored <= 1 but llmCalls>0; keep the row; do not drop; do not read as mix immunises
T2d_He_small_world_mix_04_2026-09-19_03-42-38,T2d_He_small_world_mix_04,T2d_He,He,small_world,mix_04,dual,climate_consensus,complete,1024,1,0,true,,,,,,,,,,false,hatched_dead_after_llm,nScored <= 1 but llmCalls>0; keep the row; do not drop; do not read as mix immunises
