experimentName,topology,articleId,nEvents,nScored,meanContinuousMI,llmCalls,status,miScoringMode,runDir
T2c_H_linear_chain_biodiversity_food_security,linear_chain,scopex_2017,7,6,0.5,61,complete,continuous,T2c_H_linear_chain_biodiversity_food_security_2026-09-19_02-52-45
T2c_H_linear_chain_biodiversity_food_security,linear_chain,chemtrails_gates_2018_2021,6,5,1.0,61,complete,continuous,T2c_H_linear_chain_biodiversity_food_security_2026-09-19_02-52-45
T2c_H_linear_chain_biodiversity_food_security,linear_chain,sai_geoengineering,6,5,0.0,61,complete,continuous,T2c_H_linear_chain_biodiversity_food_security_2026-09-19_02-52-45
T2c_H_linear_chain_biodiversity_food_security,linear_chain,paris_agreement,8,8,0.0,61,complete,continuous,T2c_H_linear_chain_biodiversity_food_security_2026-09-19_02-52-45
T2c_H_linear_chain_biodiversity_food_security,linear_chain,climate_consensus,2,1,0.0,61,complete,continuous,T2c_H_linear_chain_biodiversity_food_security_2026-09-19_02-52-45
T2c_H_linear_chain_biodiversity_food_security,linear_chain,polar_bears,8,7,0.0,61,complete,continuous,T2c_H_linear_chain_biodiversity_food_security_2026-09-19_02-52-45
T2c_H_linear_chain_climate_action_advocate,linear_chain,scopex_2017,8,8,0.0,67,complete,continuous,T2c_H_linear_chain_climate_action_advocate_2026-09-19_02-50-46
T2c_H_linear_chain_climate_action_advocate,linear_chain,chemtrails_gates_2018_2021,8,8,0.9375,67,complete,continuous,T2c_H_linear_chain_climate_action_advocate_2026-09-19_02-50-46
T2c_H_linear_chain_climate_action_advocate,linear_chain,sai_geoengineering,3,2,0.0,67,complete,continuous,T2c_H_linear_chain_climate_action_advocate_2026-09-19_02-50-46
T2c_H_linear_chain_climate_action_advocate,linear_chain,paris_agreement,8,8,0.0,67,complete,continuous,T2c_H_linear_chain_climate_action_advocate_2026-09-19_02-50-46
T2c_H_linear_chain_climate_action_advocate,linear_chain,climate_consensus,4,3,0.0,67,complete,continuous,T2c_H_linear_chain_climate_action_advocate_2026-09-19_02-50-46
T2c_H_linear_chain_climate_action_advocate,linear_chain,polar_bears,8,8,0.0,67,complete,continuous,T2c_H_linear_chain_climate_action_advocate_2026-09-19_02-50-46
T2c_H_linear_chain_climate_justice_youth,linear_chain,scopex_2017,8,8,1.0625,66,complete,continuous,T2c_H_linear_chain_climate_justice_youth_2026-09-19_02-51-20
T2c_H_linear_chain_climate_justice_youth,linear_chain,chemtrails_gates_2018_2021,8,8,0.875,66,complete,continuous,T2c_H_linear_chain_climate_justice_youth_2026-09-19_02-51-20
T2c_H_linear_chain_climate_justice_youth,linear_chain,sai_geoengineering,8,8,0.0,66,complete,continuous,T2c_H_linear_chain_climate_justice_youth_2026-09-19_02-51-20
T2c_H_linear_chain_climate_justice_youth,linear_chain,paris_agreement,4,3,0.0,66,complete,continuous,T2c_H_linear_chain_climate_justice_youth_2026-09-19_02-51-20
T2c_H_linear_chain_climate_justice_youth,linear_chain,climate_consensus,8,8,0.75,66,complete,continuous,T2c_H_linear_chain_climate_justice_youth_2026-09-19_02-51-20
T2c_H_linear_chain_climate_justice_youth,linear_chain,polar_bears,2,1,0.0,66,complete,continuous,T2c_H_linear_chain_climate_justice_youth_2026-09-19_02-51-20
T2c_H_linear_chain_climate_scientist,linear_chain,scopex_2017,8,8,0.0,80,complete,continuous,T2c_H_linear_chain_climate_scientist_2026-09-19_02-53-23
T2c_H_linear_chain_climate_scientist,linear_chain,chemtrails_gates_2018_2021,8,8,0.0,80,complete,continuous,T2c_H_linear_chain_climate_scientist_2026-09-19_02-53-23
T2c_H_linear_chain_climate_scientist,linear_chain,sai_geoengineering,8,8,0.0,80,complete,continuous,T2c_H_linear_chain_climate_scientist_2026-09-19_02-53-23
T2c_H_linear_chain_climate_scientist,linear_chain,paris_agreement,2,1,0.0,80,complete,continuous,T2c_H_linear_chain_climate_scientist_2026-09-19_02-53-23
T2c_H_linear_chain_climate_scientist,linear_chain,climate_consensus,8,8,0.0,80,complete,continuous,T2c_H_linear_chain_climate_scientist_2026-09-19_02-53-23
T2c_H_linear_chain_climate_scientist,linear_chain,polar_bears,8,8,0.0,80,complete,continuous,T2c_H_linear_chain_climate_scientist_2026-09-19_02-53-23
T2c_H_linear_chain_conspiracy_believer,linear_chain,scopex_2017,8,8,1.5625,83,complete,continuous,T2c_H_linear_chain_conspiracy_believer_2026-09-19_02-49-25
T2c_H_linear_chain_conspiracy_believer,linear_chain,chemtrails_gates_2018_2021,6,5,3.0,83,complete,continuous,T2c_H_linear_chain_conspiracy_believer_2026-09-19_02-49-25
T2c_H_linear_chain_conspiracy_believer,linear_chain,sai_geoengineering,8,8,0.0,83,complete,continuous,T2c_H_linear_chain_conspiracy_believer_2026-09-19_02-49-25
T2c_H_linear_chain_conspiracy_believer,linear_chain,paris_agreement,8,8,4.75,83,complete,continuous,T2c_H_linear_chain_conspiracy_believer_2026-09-19_02-49-25
T2c_H_linear_chain_conspiracy_believer,linear_chain,climate_consensus,8,8,5.0,83,complete,continuous,T2c_H_linear_chain_conspiracy_believer_2026-09-19_02-49-25
T2c_H_linear_chain_conspiracy_believer,linear_chain,polar_bears,8,8,0.0,83,complete,continuous,T2c_H_linear_chain_conspiracy_believer_2026-09-19_02-49-25
T2c_H_linear_chain_conspiracy_climate_piggyback,linear_chain,scopex_2017,3,2,0.25,53,complete,continuous,T2c_H_linear_chain_conspiracy_climate_piggyback_2026-09-19_02-49-25
T2c_H_linear_chain_conspiracy_climate_piggyback,linear_chain,chemtrails_gates_2018_2021,8,8,2.9625,53,complete,continuous,T2c_H_linear_chain_conspiracy_climate_piggyback_2026-09-19_02-49-25
T2c_H_linear_chain_conspiracy_climate_piggyback,linear_chain,sai_geoengineering,3,2,0.0,53,complete,continuous,T2c_H_linear_chain_conspiracy_climate_piggyback_2026-09-19_02-49-25
T2c_H_linear_chain_conspiracy_climate_piggyback,linear_chain,paris_agreement,7,6,3.1667,53,complete,continuous,T2c_H_linear_chain_conspiracy_climate_piggyback_2026-09-19_02-49-25
T2c_H_linear_chain_conspiracy_climate_piggyback,linear_chain,climate_consensus,2,1,5.0,53,complete,continuous,T2c_H_linear_chain_conspiracy_climate_piggyback_2026-09-19_02-49-25
T2c_H_linear_chain_conspiracy_climate_piggyback,linear_chain,polar_bears,8,8,0.0,53,complete,continuous,T2c_H_linear_chain_conspiracy_climate_piggyback_2026-09-19_02-49-25
T2c_H_linear_chain_conspiracy_depopulation,linear_chain,scopex_2017,8,8,1.875,91,complete,continuous,T2c_H_linear_chain_conspiracy_depopulation_2026-09-19_02-49-24
T2c_H_linear_chain_conspiracy_depopulation,linear_chain,chemtrails_gates_2018_2021,8,8,3.5625,91,complete,continuous,T2c_H_linear_chain_conspiracy_depopulation_2026-09-19_02-49-24
T2c_H_linear_chain_conspiracy_depopulation,linear_chain,sai_geoengineering,8,8,0.0,91,complete,continuous,T2c_H_linear_chain_conspiracy_depopulation_2026-09-19_02-49-24
T2c_H_linear_chain_conspiracy_depopulation,linear_chain,paris_agreement,8,8,2.75,91,complete,continuous,T2c_H_linear_chain_conspiracy_depopulation_2026-09-19_02-49-24
T2c_H_linear_chain_conspiracy_depopulation,linear_chain,climate_consensus,8,8,4.25,91,complete,continuous,T2c_H_linear_chain_conspiracy_depopulation_2026-09-19_02-49-24
T2c_H_linear_chain_conspiracy_depopulation,linear_chain,polar_bears,8,8,0.0,91,complete,continuous,T2c_H_linear_chain_conspiracy_depopulation_2026-09-19_02-49-24
T2c_H_linear_chain_conspiracy_haarp_weather,linear_chain,scopex_2017,8,8,2.425,84,complete,continuous,T2c_H_linear_chain_conspiracy_haarp_weather_2026-09-19_02-49-24
T2c_H_linear_chain_conspiracy_haarp_weather,linear_chain,chemtrails_gates_2018_2021,8,8,3.65,84,complete,continuous,T2c_H_linear_chain_conspiracy_haarp_weather_2026-09-19_02-49-24
T2c_H_linear_chain_conspiracy_haarp_weather,linear_chain,sai_geoengineering,8,8,0.125,84,complete,continuous,T2c_H_linear_chain_conspiracy_haarp_weather_2026-09-19_02-49-24
T2c_H_linear_chain_conspiracy_haarp_weather,linear_chain,paris_agreement,8,8,4.75,84,complete,continuous,T2c_H_linear_chain_conspiracy_haarp_weather_2026-09-19_02-49-24
T2c_H_linear_chain_conspiracy_haarp_weather,linear_chain,climate_consensus,6,5,5.0,84,complete,continuous,T2c_H_linear_chain_conspiracy_haarp_weather_2026-09-19_02-49-24
T2c_H_linear_chain_conspiracy_haarp_weather,linear_chain,polar_bears,8,8,0.0,84,complete,continuous,T2c_H_linear_chain_conspiracy_haarp_weather_2026-09-19_02-49-24
T2c_H_linear_chain_environmental_concern,linear_chain,scopex_2017,8,8,0.0,67,complete,continuous,T2c_H_linear_chain_environmental_concern_2026-09-19_02-51-57
T2c_H_linear_chain_environmental_concern,linear_chain,chemtrails_gates_2018_2021,8,7,1.1429,67,complete,continuous,T2c_H_linear_chain_environmental_concern_2026-09-19_02-51-57
T2c_H_linear_chain_environmental_concern,linear_chain,sai_geoengineering,2,1,0.0,67,complete,continuous,T2c_H_linear_chain_environmental_concern_2026-09-19_02-51-57
T2c_H_linear_chain_environmental_concern,linear_chain,paris_agreement,8,8,0.0,67,complete,continuous,T2c_H_linear_chain_environmental_concern_2026-09-19_02-51-57
T2c_H_linear_chain_environmental_concern,linear_chain,climate_consensus,4,3,0.0,67,complete,continuous,T2c_H_linear_chain_environmental_concern_2026-09-19_02-51-57
T2c_H_linear_chain_environmental_concern,linear_chain,polar_bears,8,8,0.0,67,complete,continuous,T2c_H_linear_chain_environmental_concern_2026-09-19_02-51-57
T2c_H_linear_chain_mitigation_first_policy,linear_chain,scopex_2017,4,3,0.0,51,complete,continuous,T2c_H_linear_chain_mitigation_first_policy_2026-09-19_02-51-40
T2c_H_linear_chain_mitigation_first_policy,linear_chain,chemtrails_gates_2018_2021,8,8,0.3125,51,complete,continuous,T2c_H_linear_chain_mitigation_first_policy_2026-09-19_02-51-40
T2c_H_linear_chain_mitigation_first_policy,linear_chain,sai_geoengineering,8,8,0.0,51,complete,continuous,T2c_H_linear_chain_mitigation_first_policy_2026-09-19_02-51-40
T2c_H_linear_chain_mitigation_first_policy,linear_chain,paris_agreement,1,0,,51,complete,continuous,T2c_H_linear_chain_mitigation_first_policy_2026-09-19_02-51-40
T2c_H_linear_chain_mitigation_first_policy,linear_chain,climate_consensus,8,8,0.1875,51,complete,continuous,T2c_H_linear_chain_mitigation_first_policy_2026-09-19_02-51-40
T2c_H_linear_chain_mitigation_first_policy,linear_chain,polar_bears,1,0,,51,complete,continuous,T2c_H_linear_chain_mitigation_first_policy_2026-09-19_02-51-40
T2c_H_linear_chain_ozone_stratosphere_specialist,linear_chain,scopex_2017,8,8,0.0,76,complete,continuous,T2c_H_linear_chain_ozone_stratosphere_specialist_2026-09-19_02-52-16
T2c_H_linear_chain_ozone_stratosphere_specialist,linear_chain,chemtrails_gates_2018_2021,8,8,0.5,76,complete,continuous,T2c_H_linear_chain_ozone_stratosphere_specialist_2026-09-19_02-52-16
T2c_H_linear_chain_ozone_stratosphere_specialist,linear_chain,sai_geoengineering,4,3,0.0,76,complete,continuous,T2c_H_linear_chain_ozone_stratosphere_specialist_2026-09-19_02-52-16
T2c_H_linear_chain_ozone_stratosphere_specialist,linear_chain,paris_agreement,8,8,0.0,76,complete,continuous,T2c_H_linear_chain_ozone_stratosphere_specialist_2026-09-19_02-52-16
T2c_H_linear_chain_ozone_stratosphere_specialist,linear_chain,climate_consensus,8,8,0.0,76,complete,continuous,T2c_H_linear_chain_ozone_stratosphere_specialist_2026-09-19_02-52-16
T2c_H_linear_chain_ozone_stratosphere_specialist,linear_chain,polar_bears,7,6,0.25,76,complete,continuous,T2c_H_linear_chain_ozone_stratosphere_specialist_2026-09-19_02-52-16
T2c_H_linear_chain_science_journalist,linear_chain,scopex_2017,8,8,0.0,45,complete,continuous,T2c_H_linear_chain_science_journalist_2026-09-19_02-53-41
T2c_H_linear_chain_science_journalist,linear_chain,chemtrails_gates_2018_2021,8,8,0.0,45,complete,continuous,T2c_H_linear_chain_science_journalist_2026-09-19_02-53-41
T2c_H_linear_chain_science_journalist,linear_chain,sai_geoengineering,8,8,0.0,45,complete,continuous,T2c_H_linear_chain_science_journalist_2026-09-19_02-53-41
T2c_H_linear_chain_science_journalist,linear_chain,paris_agreement,2,1,0.0,45,complete,continuous,T2c_H_linear_chain_science_journalist_2026-09-19_02-53-41
T2c_H_linear_chain_science_journalist,linear_chain,climate_consensus,1,0,,45,complete,continuous,T2c_H_linear_chain_science_journalist_2026-09-19_02-53-41
T2c_H_linear_chain_science_journalist,linear_chain,polar_bears,1,0,,45,complete,continuous,T2c_H_linear_chain_science_journalist_2026-09-19_02-53-41
T2c_H_ring_biodiversity_food_security,ring,scopex_2017,8,8,0.0,72,complete,continuous,T2c_H_ring_biodiversity_food_security_2026-09-19_02-58-51
T2c_H_ring_biodiversity_food_security,ring,chemtrails_gates_2018_2021,8,8,1.0,72,complete,continuous,T2c_H_ring_biodiversity_food_security_2026-09-19_02-58-51
T2c_H_ring_biodiversity_food_security,ring,sai_geoengineering,1,0,,72,complete,continuous,T2c_H_ring_biodiversity_food_security_2026-09-19_02-58-51
T2c_H_ring_biodiversity_food_security,ring,paris_agreement,8,8,0.5625,72,complete,continuous,T2c_H_ring_biodiversity_food_security_2026-09-19_02-58-51
T2c_H_ring_biodiversity_food_security,ring,climate_consensus,7,6,0.1167,72,complete,continuous,T2c_H_ring_biodiversity_food_security_2026-09-19_02-58-51
T2c_H_ring_biodiversity_food_security,ring,polar_bears,8,8,0.0,72,complete,continuous,T2c_H_ring_biodiversity_food_security_2026-09-19_02-58-51
T2c_H_ring_climate_action_advocate,ring,scopex_2017,8,8,0.3125,77,complete,continuous,T2c_H_ring_climate_action_advocate_2026-09-19_02-56-04
T2c_H_ring_climate_action_advocate,ring,chemtrails_gates_2018_2021,8,8,1.0,77,complete,continuous,T2c_H_ring_climate_action_advocate_2026-09-19_02-56-04
T2c_H_ring_climate_action_advocate,ring,sai_geoengineering,8,8,0.0,77,complete,continuous,T2c_H_ring_climate_action_advocate_2026-09-19_02-56-04
T2c_H_ring_climate_action_advocate,ring,paris_agreement,6,5,0.0,77,complete,continuous,T2c_H_ring_climate_action_advocate_2026-09-19_02-56-04
T2c_H_ring_climate_action_advocate,ring,climate_consensus,8,8,0.375,77,complete,continuous,T2c_H_ring_climate_action_advocate_2026-09-19_02-56-04
T2c_H_ring_climate_action_advocate,ring,polar_bears,5,4,0.0,77,complete,continuous,T2c_H_ring_climate_action_advocate_2026-09-19_02-56-04
T2c_H_ring_climate_justice_youth,ring,scopex_2017,1,0,,59,complete,continuous,T2c_H_ring_climate_justice_youth_2026-09-19_02-56-14
T2c_H_ring_climate_justice_youth,ring,chemtrails_gates_2018_2021,5,4,0.625,59,complete,continuous,T2c_H_ring_climate_justice_youth_2026-09-19_02-56-14
T2c_H_ring_climate_justice_youth,ring,sai_geoengineering,8,8,0.0625,59,complete,continuous,T2c_H_ring_climate_justice_youth_2026-09-19_02-56-14
T2c_H_ring_climate_justice_youth,ring,paris_agreement,4,3,0.0,59,complete,continuous,T2c_H_ring_climate_justice_youth_2026-09-19_02-56-14
T2c_H_ring_climate_justice_youth,ring,climate_consensus,8,8,0.5625,59,complete,continuous,T2c_H_ring_climate_justice_youth_2026-09-19_02-56-14
T2c_H_ring_climate_justice_youth,ring,polar_bears,8,8,0.0,59,complete,continuous,T2c_H_ring_climate_justice_youth_2026-09-19_02-56-14
T2c_H_ring_climate_scientist,ring,scopex_2017,4,3,0.0,83,complete,continuous,T2c_H_ring_climate_scientist_2026-09-19_02-58-51
T2c_H_ring_climate_scientist,ring,chemtrails_gates_2018_2021,8,8,0.0,83,complete,continuous,T2c_H_ring_climate_scientist_2026-09-19_02-58-51
T2c_H_ring_climate_scientist,ring,sai_geoengineering,8,8,0.125,83,complete,continuous,T2c_H_ring_climate_scientist_2026-09-19_02-58-51
T2c_H_ring_climate_scientist,ring,paris_agreement,8,8,0.0,83,complete,continuous,T2c_H_ring_climate_scientist_2026-09-19_02-58-51
T2c_H_ring_climate_scientist,ring,climate_consensus,8,8,0.0,83,complete,continuous,T2c_H_ring_climate_scientist_2026-09-19_02-58-51
T2c_H_ring_climate_scientist,ring,polar_bears,8,8,0.0,83,complete,continuous,T2c_H_ring_climate_scientist_2026-09-19_02-58-51
T2c_H_ring_conspiracy_believer,ring,scopex_2017,8,8,1.5625,67,complete,continuous,T2c_H_ring_conspiracy_believer_2026-09-19_02-54-16
T2c_H_ring_conspiracy_believer,ring,chemtrails_gates_2018_2021,8,8,3.25,67,complete,continuous,T2c_H_ring_conspiracy_believer_2026-09-19_02-54-16
T2c_H_ring_conspiracy_believer,ring,sai_geoengineering,3,2,0.5,67,complete,continuous,T2c_H_ring_conspiracy_believer_2026-09-19_02-54-16
T2c_H_ring_conspiracy_believer,ring,paris_agreement,8,8,4.25,67,complete,continuous,T2c_H_ring_conspiracy_believer_2026-09-19_02-54-16
T2c_H_ring_conspiracy_believer,ring,climate_consensus,6,5,5.0,67,complete,continuous,T2c_H_ring_conspiracy_believer_2026-09-19_02-54-16
T2c_H_ring_conspiracy_believer,ring,polar_bears,6,5,0.0,67,complete,continuous,T2c_H_ring_conspiracy_believer_2026-09-19_02-54-16
T2c_H_ring_conspiracy_climate_piggyback,ring,scopex_2017,8,8,2.125,91,complete,continuous,T2c_H_ring_conspiracy_climate_piggyback_2026-09-19_02-55-28
T2c_H_ring_conspiracy_climate_piggyback,ring,chemtrails_gates_2018_2021,8,8,3.5625,91,complete,continuous,T2c_H_ring_conspiracy_climate_piggyback_2026-09-19_02-55-28
T2c_H_ring_conspiracy_climate_piggyback,ring,sai_geoengineering,8,8,0.1875,91,complete,continuous,T2c_H_ring_conspiracy_climate_piggyback_2026-09-19_02-55-28
T2c_H_ring_conspiracy_climate_piggyback,ring,paris_agreement,8,8,3.25,91,complete,continuous,T2c_H_ring_conspiracy_climate_piggyback_2026-09-19_02-55-28
T2c_H_ring_conspiracy_climate_piggyback,ring,climate_consensus,8,8,5.0,91,complete,continuous,T2c_H_ring_conspiracy_climate_piggyback_2026-09-19_02-55-28
T2c_H_ring_conspiracy_climate_piggyback,ring,polar_bears,8,8,0.0,91,complete,continuous,T2c_H_ring_conspiracy_climate_piggyback_2026-09-19_02-55-28
T2c_H_ring_conspiracy_depopulation,ring,scopex_2017,8,8,1.75,75,complete,continuous,T2c_H_ring_conspiracy_depopulation_2026-09-19_02-54-43
T2c_H_ring_conspiracy_depopulation,ring,chemtrails_gates_2018_2021,8,8,3.025,75,complete,continuous,T2c_H_ring_conspiracy_depopulation_2026-09-19_02-54-43
T2c_H_ring_conspiracy_depopulation,ring,sai_geoengineering,8,8,0.25,75,complete,continuous,T2c_H_ring_conspiracy_depopulation_2026-09-19_02-54-43
T2c_H_ring_conspiracy_depopulation,ring,paris_agreement,8,8,3.5875,75,complete,continuous,T2c_H_ring_conspiracy_depopulation_2026-09-19_02-54-43
T2c_H_ring_conspiracy_depopulation,ring,climate_consensus,1,0,,75,complete,continuous,T2c_H_ring_conspiracy_depopulation_2026-09-19_02-54-43
T2c_H_ring_conspiracy_depopulation,ring,polar_bears,7,6,0.0,75,complete,continuous,T2c_H_ring_conspiracy_depopulation_2026-09-19_02-54-43
T2c_H_ring_conspiracy_haarp_weather,ring,scopex_2017,8,8,3.4375,75,complete,continuous,T2c_H_ring_conspiracy_haarp_weather_2026-09-19_02-54-16
T2c_H_ring_conspiracy_haarp_weather,ring,chemtrails_gates_2018_2021,8,8,3.375,75,complete,continuous,T2c_H_ring_conspiracy_haarp_weather_2026-09-19_02-54-16
T2c_H_ring_conspiracy_haarp_weather,ring,sai_geoengineering,8,8,2.0625,75,complete,continuous,T2c_H_ring_conspiracy_haarp_weather_2026-09-19_02-54-16
T2c_H_ring_conspiracy_haarp_weather,ring,paris_agreement,1,0,,75,complete,continuous,T2c_H_ring_conspiracy_haarp_weather_2026-09-19_02-54-16
T2c_H_ring_conspiracy_haarp_weather,ring,climate_consensus,8,8,4.75,75,complete,continuous,T2c_H_ring_conspiracy_haarp_weather_2026-09-19_02-54-16
T2c_H_ring_conspiracy_haarp_weather,ring,polar_bears,8,8,0.0,75,complete,continuous,T2c_H_ring_conspiracy_haarp_weather_2026-09-19_02-54-16
T2c_H_ring_environmental_concern,ring,scopex_2017,8,8,0.0,79,complete,continuous,T2c_H_ring_environmental_concern_2026-09-19_02-58-51
T2c_H_ring_environmental_concern,ring,chemtrails_gates_2018_2021,8,8,1.0,79,complete,continuous,T2c_H_ring_environmental_concern_2026-09-19_02-58-51
T2c_H_ring_environmental_concern,ring,sai_geoengineering,8,8,0.1875,79,complete,continuous,T2c_H_ring_environmental_concern_2026-09-19_02-58-51
T2c_H_ring_environmental_concern,ring,paris_agreement,3,2,0.25,79,complete,continuous,T2c_H_ring_environmental_concern_2026-09-19_02-58-51
T2c_H_ring_environmental_concern,ring,climate_consensus,8,8,0.25,79,complete,continuous,T2c_H_ring_environmental_concern_2026-09-19_02-58-51
T2c_H_ring_environmental_concern,ring,polar_bears,8,8,0.0,79,complete,continuous,T2c_H_ring_environmental_concern_2026-09-19_02-58-51
T2c_H_ring_mitigation_first_policy,ring,scopex_2017,8,8,0.0,64,complete,continuous,T2c_H_ring_mitigation_first_policy_2026-09-19_02-56-48
T2c_H_ring_mitigation_first_policy,ring,chemtrails_gates_2018_2021,8,8,0.5,64,complete,continuous,T2c_H_ring_mitigation_first_policy_2026-09-19_02-56-48
T2c_H_ring_mitigation_first_policy,ring,sai_geoengineering,1,0,,64,complete,continuous,T2c_H_ring_mitigation_first_policy_2026-09-19_02-56-48
T2c_H_ring_mitigation_first_policy,ring,paris_agreement,8,8,0.0,64,complete,continuous,T2c_H_ring_mitigation_first_policy_2026-09-19_02-56-48
T2c_H_ring_mitigation_first_policy,ring,climate_consensus,3,2,0.0,64,complete,continuous,T2c_H_ring_mitigation_first_policy_2026-09-19_02-56-48
T2c_H_ring_mitigation_first_policy,ring,polar_bears,8,8,0.0,64,complete,continuous,T2c_H_ring_mitigation_first_policy_2026-09-19_02-56-48
T2c_H_ring_ozone_stratosphere_specialist,ring,scopex_2017,8,7,0.0,76,complete,continuous,T2c_H_ring_ozone_stratosphere_specialist_2026-09-19_02-58-51
T2c_H_ring_ozone_stratosphere_specialist,ring,chemtrails_gates_2018_2021,8,8,1.0625,76,complete,continuous,T2c_H_ring_ozone_stratosphere_specialist_2026-09-19_02-58-51
T2c_H_ring_ozone_stratosphere_specialist,ring,sai_geoengineering,8,8,0.0,76,complete,continuous,T2c_H_ring_ozone_stratosphere_specialist_2026-09-19_02-58-51
T2c_H_ring_ozone_stratosphere_specialist,ring,paris_agreement,8,8,0.0,76,complete,continuous,T2c_H_ring_ozone_stratosphere_specialist_2026-09-19_02-58-51
T2c_H_ring_ozone_stratosphere_specialist,ring,climate_consensus,8,8,0.0625,76,complete,continuous,T2c_H_ring_ozone_stratosphere_specialist_2026-09-19_02-58-51
T2c_H_ring_ozone_stratosphere_specialist,ring,polar_bears,2,1,0.0,76,complete,continuous,T2c_H_ring_ozone_stratosphere_specialist_2026-09-19_02-58-51
T2c_H_ring_science_journalist,ring,scopex_2017,8,8,0.0,65,complete,continuous,T2c_H_ring_science_journalist_2026-09-19_03-00-29
T2c_H_ring_science_journalist,ring,chemtrails_gates_2018_2021,4,3,0.5,65,complete,continuous,T2c_H_ring_science_journalist_2026-09-19_03-00-29
T2c_H_ring_science_journalist,ring,sai_geoengineering,8,8,0.0625,65,complete,continuous,T2c_H_ring_science_journalist_2026-09-19_03-00-29
T2c_H_ring_science_journalist,ring,paris_agreement,1,0,,65,complete,continuous,T2c_H_ring_science_journalist_2026-09-19_03-00-29
T2c_H_ring_science_journalist,ring,climate_consensus,8,8,0.0,65,complete,continuous,T2c_H_ring_science_journalist_2026-09-19_03-00-29
T2c_H_ring_science_journalist,ring,polar_bears,8,8,0.0,65,complete,continuous,T2c_H_ring_science_journalist_2026-09-19_03-00-29
T2c_H_random_er_biodiversity_food_security,random_er,scopex_2017,118,95,0.1,975,complete,continuous,T2c_H_random_er_biodiversity_food_security_2026-09-19_03-33-32
T2c_H_random_er_biodiversity_food_security,random_er,chemtrails_gates_2018_2021,127,110,1.0,975,complete,continuous,T2c_H_random_er_biodiversity_food_security_2026-09-19_03-33-32
T2c_H_random_er_biodiversity_food_security,random_er,sai_geoengineering,108,90,0.0167,975,complete,continuous,T2c_H_random_er_biodiversity_food_security_2026-09-19_03-33-32
T2c_H_random_er_biodiversity_food_security,random_er,paris_agreement,125,115,0.0,975,complete,continuous,T2c_H_random_er_biodiversity_food_security_2026-09-19_03-33-32
T2c_H_random_er_biodiversity_food_security,random_er,climate_consensus,116,106,0.1953,975,complete,continuous,T2c_H_random_er_biodiversity_food_security_2026-09-19_03-33-32
T2c_H_random_er_biodiversity_food_security,random_er,polar_bears,119,102,0.0,975,complete,continuous,T2c_H_random_er_biodiversity_food_security_2026-09-19_03-33-32
T2c_H_random_er_climate_action_advocate,random_er,scopex_2017,118,99,0.5606,781,complete,continuous,T2c_H_random_er_climate_action_advocate_2026-09-19_03-10-51
T2c_H_random_er_climate_action_advocate,random_er,chemtrails_gates_2018_2021,125,109,1.0183,781,complete,continuous,T2c_H_random_er_climate_action_advocate_2026-09-19_03-10-51
T2c_H_random_er_climate_action_advocate,random_er,sai_geoengineering,114,103,0.0,781,complete,continuous,T2c_H_random_er_climate_action_advocate_2026-09-19_03-10-51
T2c_H_random_er_climate_action_advocate,random_er,paris_agreement,99,86,0.0116,781,complete,continuous,T2c_H_random_er_climate_action_advocate_2026-09-19_03-10-51
T2c_H_random_er_climate_action_advocate,random_er,climate_consensus,114,103,0.068,781,complete,continuous,T2c_H_random_er_climate_action_advocate_2026-09-19_03-10-51
T2c_H_random_er_climate_action_advocate,random_er,polar_bears,1,0,,781,complete,continuous,T2c_H_random_er_climate_action_advocate_2026-09-19_03-10-51
T2c_H_random_er_climate_justice_youth,random_er,scopex_2017,105,96,0.1719,634,complete,continuous,T2c_H_random_er_climate_justice_youth_2026-09-19_03-21-04
T2c_H_random_er_climate_justice_youth,random_er,chemtrails_gates_2018_2021,66,57,0.6667,634,complete,continuous,T2c_H_random_er_climate_justice_youth_2026-09-19_03-21-04
T2c_H_random_er_climate_justice_youth,random_er,sai_geoengineering,65,57,0.3158,634,complete,continuous,T2c_H_random_er_climate_justice_youth_2026-09-19_03-21-04
T2c_H_random_er_climate_justice_youth,random_er,paris_agreement,109,95,0.0,634,complete,continuous,T2c_H_random_er_climate_justice_youth_2026-09-19_03-21-04
T2c_H_random_er_climate_justice_youth,random_er,climate_consensus,118,102,0.2206,634,complete,continuous,T2c_H_random_er_climate_justice_youth_2026-09-19_03-21-04
T2c_H_random_er_climate_justice_youth,random_er,polar_bears,1,0,,634,complete,continuous,T2c_H_random_er_climate_justice_youth_2026-09-19_03-21-04
T2c_H_random_er_climate_scientist,random_er,scopex_2017,162,132,0.0,1018,complete,continuous,T2c_H_random_er_climate_scientist_2026-09-19_03-34-55
T2c_H_random_er_climate_scientist,random_er,chemtrails_gates_2018_2021,146,126,0.1222,1018,complete,continuous,T2c_H_random_er_climate_scientist_2026-09-19_03-34-55
T2c_H_random_er_climate_scientist,random_er,sai_geoengineering,158,136,0.0294,1018,complete,continuous,T2c_H_random_er_climate_scientist_2026-09-19_03-34-55
T2c_H_random_er_climate_scientist,random_er,paris_agreement,1,0,,1018,complete,continuous,T2c_H_random_er_climate_scientist_2026-09-19_03-34-55
T2c_H_random_er_climate_scientist,random_er,climate_consensus,157,137,0.0,1018,complete,continuous,T2c_H_random_er_climate_scientist_2026-09-19_03-34-55
T2c_H_random_er_climate_scientist,random_er,polar_bears,158,78,0.0064,1018,complete,continuous,T2c_H_random_er_climate_scientist_2026-09-19_03-34-55
T2c_H_random_er_conspiracy_believer,random_er,scopex_2017,166,141,1.9468,951,complete,continuous,T2c_H_random_er_conspiracy_believer_2026-09-19_02-59-38
T2c_H_random_er_conspiracy_believer,random_er,chemtrails_gates_2018_2021,1,0,,951,complete,continuous,T2c_H_random_er_conspiracy_believer_2026-09-19_02-59-38
T2c_H_random_er_conspiracy_believer,random_er,sai_geoengineering,1,0,,951,complete,continuous,T2c_H_random_er_conspiracy_believer_2026-09-19_02-59-38
T2c_H_random_er_conspiracy_believer,random_er,paris_agreement,177,154,4.6026,951,complete,continuous,T2c_H_random_er_conspiracy_believer_2026-09-19_02-59-38
T2c_H_random_er_conspiracy_believer,random_er,climate_consensus,178,155,4.4839,951,complete,continuous,T2c_H_random_er_conspiracy_believer_2026-09-19_02-59-38
T2c_H_random_er_conspiracy_believer,random_er,polar_bears,176,150,0.05,951,complete,continuous,T2c_H_random_er_conspiracy_believer_2026-09-19_02-59-38
T2c_H_random_er_conspiracy_climate_piggyback,random_er,scopex_2017,188,169,2.0136,1544,complete,continuous,T2c_H_random_er_conspiracy_climate_piggyback_2026-09-19_03-00-50
T2c_H_random_er_conspiracy_climate_piggyback,random_er,chemtrails_gates_2018_2021,182,150,3.248,1544,complete,continuous,T2c_H_random_er_conspiracy_climate_piggyback_2026-09-19_03-00-50
T2c_H_random_er_conspiracy_climate_piggyback,random_er,sai_geoengineering,188,153,0.7647,1544,complete,continuous,T2c_H_random_er_conspiracy_climate_piggyback_2026-09-19_03-00-50
T2c_H_random_er_conspiracy_climate_piggyback,random_er,paris_agreement,184,156,2.1564,1544,complete,continuous,T2c_H_random_er_conspiracy_climate_piggyback_2026-09-19_03-00-50
T2c_H_random_er_conspiracy_climate_piggyback,random_er,climate_consensus,188,169,4.9734,1544,complete,continuous,T2c_H_random_er_conspiracy_climate_piggyback_2026-09-19_03-00-50
T2c_H_random_er_conspiracy_climate_piggyback,random_er,polar_bears,180,161,0.0,1544,complete,continuous,T2c_H_random_er_conspiracy_climate_piggyback_2026-09-19_03-00-50
T2c_H_random_er_conspiracy_depopulation,random_er,scopex_2017,142,118,1.0254,1136,complete,continuous,T2c_H_random_er_conspiracy_depopulation_2026-09-19_02-59-53
T2c_H_random_er_conspiracy_depopulation,random_er,chemtrails_gates_2018_2021,141,119,3.1017,1136,complete,continuous,T2c_H_random_er_conspiracy_depopulation_2026-09-19_02-59-53
T2c_H_random_er_conspiracy_depopulation,random_er,sai_geoengineering,142,115,0.1061,1136,complete,continuous,T2c_H_random_er_conspiracy_depopulation_2026-09-19_02-59-53
T2c_H_random_er_conspiracy_depopulation,random_er,paris_agreement,127,104,3.7019,1136,complete,continuous,T2c_H_random_er_conspiracy_depopulation_2026-09-19_02-59-53
T2c_H_random_er_conspiracy_depopulation,random_er,climate_consensus,139,125,4.904,1136,complete,continuous,T2c_H_random_er_conspiracy_depopulation_2026-09-19_02-59-53
T2c_H_random_er_conspiracy_depopulation,random_er,polar_bears,143,120,0.0,1136,complete,continuous,T2c_H_random_er_conspiracy_depopulation_2026-09-19_02-59-53
T2c_H_random_er_conspiracy_haarp_weather,random_er,scopex_2017,132,114,2.6412,570,complete,continuous,T2c_H_random_er_conspiracy_haarp_weather_2026-09-19_02-59-41
T2c_H_random_er_conspiracy_haarp_weather,random_er,chemtrails_gates_2018_2021,1,0,,570,complete,continuous,T2c_H_random_er_conspiracy_haarp_weather_2026-09-19_02-59-41
T2c_H_random_er_conspiracy_haarp_weather,random_er,sai_geoengineering,142,120,0.1458,570,complete,continuous,T2c_H_random_er_conspiracy_haarp_weather_2026-09-19_02-59-41
T2c_H_random_er_conspiracy_haarp_weather,random_er,paris_agreement,149,124,3.7798,570,complete,continuous,T2c_H_random_er_conspiracy_haarp_weather_2026-09-19_02-59-41
T2c_H_random_er_conspiracy_haarp_weather,random_er,climate_consensus,1,0,,570,complete,continuous,T2c_H_random_er_conspiracy_haarp_weather_2026-09-19_02-59-41
T2c_H_random_er_conspiracy_haarp_weather,random_er,polar_bears,1,0,,570,complete,continuous,T2c_H_random_er_conspiracy_haarp_weather_2026-09-19_02-59-41
T2c_H_random_er_environmental_concern,random_er,scopex_2017,137,113,0.0,828,complete,continuous,T2c_H_random_er_environmental_concern_2026-09-19_03-26-13
T2c_H_random_er_environmental_concern,random_er,chemtrails_gates_2018_2021,159,141,1.0071,828,complete,continuous,T2c_H_random_er_environmental_concern_2026-09-19_03-26-13
T2c_H_random_er_environmental_concern,random_er,sai_geoengineering,1,0,,828,complete,continuous,T2c_H_random_er_environmental_concern_2026-09-19_03-26-13
T2c_H_random_er_environmental_concern,random_er,paris_agreement,149,125,0.3008,828,complete,continuous,T2c_H_random_er_environmental_concern_2026-09-19_03-26-13
T2c_H_random_er_environmental_concern,random_er,climate_consensus,157,130,0.0615,828,complete,continuous,T2c_H_random_er_environmental_concern_2026-09-19_03-26-13
T2c_H_random_er_environmental_concern,random_er,polar_bears,1,0,,828,complete,continuous,T2c_H_random_er_environmental_concern_2026-09-19_03-26-13
T2c_H_random_er_mitigation_first_policy,random_er,scopex_2017,65,55,0.1,822,complete,continuous,T2c_H_random_er_mitigation_first_policy_2026-09-19_03-24-12
T2c_H_random_er_mitigation_first_policy,random_er,chemtrails_gates_2018_2021,144,123,0.0894,822,complete,continuous,T2c_H_random_er_mitigation_first_policy_2026-09-19_03-24-12
T2c_H_random_er_mitigation_first_policy,random_er,sai_geoengineering,139,119,0.0252,822,complete,continuous,T2c_H_random_er_mitigation_first_policy_2026-09-19_03-24-12
T2c_H_random_er_mitigation_first_policy,random_er,paris_agreement,131,116,0.0103,822,complete,continuous,T2c_H_random_er_mitigation_first_policy_2026-09-19_03-24-12
T2c_H_random_er_mitigation_first_policy,random_er,climate_consensus,1,0,,822,complete,continuous,T2c_H_random_er_mitigation_first_policy_2026-09-19_03-24-12
T2c_H_random_er_mitigation_first_policy,random_er,polar_bears,131,111,0.0045,822,complete,continuous,T2c_H_random_er_mitigation_first_policy_2026-09-19_03-24-12
T2c_H_random_er_ozone_stratosphere_specialist,random_er,scopex_2017,3,2,0.0,78,complete,continuous,T2c_H_random_er_ozone_stratosphere_specialist_2026-09-19_03-33-20
T2c_H_random_er_ozone_stratosphere_specialist,random_er,chemtrails_gates_2018_2021,1,0,,78,complete,continuous,T2c_H_random_er_ozone_stratosphere_specialist_2026-09-19_03-33-20
T2c_H_random_er_ozone_stratosphere_specialist,random_er,sai_geoengineering,21,17,0.0,78,complete,continuous,T2c_H_random_er_ozone_stratosphere_specialist_2026-09-19_03-33-20
T2c_H_random_er_ozone_stratosphere_specialist,random_er,paris_agreement,2,1,0.0,78,complete,continuous,T2c_H_random_er_ozone_stratosphere_specialist_2026-09-19_03-33-20
T2c_H_random_er_ozone_stratosphere_specialist,random_er,climate_consensus,1,0,,78,complete,continuous,T2c_H_random_er_ozone_stratosphere_specialist_2026-09-19_03-33-20
T2c_H_random_er_ozone_stratosphere_specialist,random_er,polar_bears,35,31,0.0,78,complete,continuous,T2c_H_random_er_ozone_stratosphere_specialist_2026-09-19_03-33-20
T2c_H_random_er_science_journalist,random_er,scopex_2017,158,138,0.0036,868,complete,continuous,T2c_H_random_er_science_journalist_2026-09-19_03-41-14
T2c_H_random_er_science_journalist,random_er,chemtrails_gates_2018_2021,159,97,0.0361,868,complete,continuous,T2c_H_random_er_science_journalist_2026-09-19_03-41-14
T2c_H_random_er_science_journalist,random_er,sai_geoengineering,158,20,0.0,868,complete,continuous,T2c_H_random_er_science_journalist_2026-09-19_03-41-14
T2c_H_random_er_science_journalist,random_er,paris_agreement,155,101,0.0099,868,complete,continuous,T2c_H_random_er_science_journalist_2026-09-19_03-41-14
T2c_H_random_er_science_journalist,random_er,climate_consensus,1,0,,868,complete,continuous,T2c_H_random_er_science_journalist_2026-09-19_03-41-14
T2c_H_random_er_science_journalist,random_er,polar_bears,146,123,0.0,868,complete,continuous,T2c_H_random_er_science_journalist_2026-09-19_03-41-14
T2c_H_small_world_biodiversity_food_security,small_world,scopex_2017,181,14,0.0,41,complete,continuous,T2c_H_small_world_biodiversity_food_security_2026-09-19_04-30-46
T2c_H_small_world_biodiversity_food_security,small_world,chemtrails_gates_2018_2021,1,0,,41,complete,continuous,T2c_H_small_world_biodiversity_food_security_2026-09-19_04-30-46
T2c_H_small_world_biodiversity_food_security,small_world,sai_geoengineering,180,8,0.1875,41,complete,continuous,T2c_H_small_world_biodiversity_food_security_2026-09-19_04-30-46
T2c_H_small_world_biodiversity_food_security,small_world,paris_agreement,181,8,0.0,41,complete,continuous,T2c_H_small_world_biodiversity_food_security_2026-09-19_04-30-46
T2c_H_small_world_biodiversity_food_security,small_world,climate_consensus,1,0,,41,complete,continuous,T2c_H_small_world_biodiversity_food_security_2026-09-19_04-30-46
T2c_H_small_world_biodiversity_food_security,small_world,polar_bears,1,0,,41,complete,continuous,T2c_H_small_world_biodiversity_food_security_2026-09-19_04-30-46
T2c_H_small_world_climate_action_advocate,small_world,scopex_2017,180,156,0.1026,856,complete,continuous,T2c_H_small_world_climate_action_advocate_2026-09-19_03-51-13
T2c_H_small_world_climate_action_advocate,small_world,chemtrails_gates_2018_2021,177,143,0.9266,856,complete,continuous,T2c_H_small_world_climate_action_advocate_2026-09-19_03-51-13
T2c_H_small_world_climate_action_advocate,small_world,sai_geoengineering,180,150,0.0073,856,complete,continuous,T2c_H_small_world_climate_action_advocate_2026-09-19_03-51-13
T2c_H_small_world_climate_action_advocate,small_world,paris_agreement,1,0,,856,complete,continuous,T2c_H_small_world_climate_action_advocate_2026-09-19_03-51-13
T2c_H_small_world_climate_action_advocate,small_world,climate_consensus,1,0,,856,complete,continuous,T2c_H_small_world_climate_action_advocate_2026-09-19_03-51-13
T2c_H_small_world_climate_action_advocate,small_world,polar_bears,159,138,0.0,856,complete,continuous,T2c_H_small_world_climate_action_advocate_2026-09-19_03-51-13
T2c_H_small_world_climate_justice_youth,small_world,scopex_2017,167,139,0.8129,948,complete,continuous,T2c_H_small_world_climate_justice_youth_2026-09-19_04-07-19
T2c_H_small_world_climate_justice_youth,small_world,chemtrails_gates_2018_2021,174,147,1.0068,948,complete,continuous,T2c_H_small_world_climate_justice_youth_2026-09-19_04-07-19
T2c_H_small_world_climate_justice_youth,small_world,sai_geoengineering,169,90,0.0,948,complete,continuous,T2c_H_small_world_climate_justice_youth_2026-09-19_04-07-19
T2c_H_small_world_climate_justice_youth,small_world,paris_agreement,181,16,0.0,948,complete,continuous,T2c_H_small_world_climate_justice_youth_2026-09-19_04-07-19
T2c_H_small_world_climate_justice_youth,small_world,climate_consensus,175,5,0.0,948,complete,continuous,T2c_H_small_world_climate_justice_youth_2026-09-19_04-07-19
T2c_H_small_world_climate_justice_youth,small_world,polar_bears,181,9,0.0556,948,complete,continuous,T2c_H_small_world_climate_justice_youth_2026-09-19_04-07-19
T2c_H_small_world_climate_scientist,small_world,scopex_2017,146,7,0.0,700,complete,continuous,T2c_H_small_world_climate_scientist_2026-09-19_04-30-51
T2c_H_small_world_climate_scientist,small_world,chemtrails_gates_2018_2021,170,104,0.0,700,complete,continuous,T2c_H_small_world_climate_scientist_2026-09-19_04-30-51
T2c_H_small_world_climate_scientist,small_world,sai_geoengineering,171,141,0.0014,700,complete,continuous,T2c_H_small_world_climate_scientist_2026-09-19_04-30-51
T2c_H_small_world_climate_scientist,small_world,paris_agreement,157,135,0.0222,700,complete,continuous,T2c_H_small_world_climate_scientist_2026-09-19_04-30-51
T2c_H_small_world_climate_scientist,small_world,climate_consensus,160,141,0.0,700,complete,continuous,T2c_H_small_world_climate_scientist_2026-09-19_04-30-51
T2c_H_small_world_climate_scientist,small_world,polar_bears,171,146,0.0,700,complete,continuous,T2c_H_small_world_climate_scientist_2026-09-19_04-30-51
T2c_H_small_world_conspiracy_believer,small_world,scopex_2017,160,132,2.072,1078,complete,continuous,T2c_H_small_world_conspiracy_believer_2026-09-19_03-43-57
T2c_H_small_world_conspiracy_believer,small_world,chemtrails_gates_2018_2021,160,134,3.1455,1078,complete,continuous,T2c_H_small_world_conspiracy_believer_2026-09-19_03-43-57
T2c_H_small_world_conspiracy_believer,small_world,sai_geoengineering,164,140,0.3779,1078,complete,continuous,T2c_H_small_world_conspiracy_believer_2026-09-19_03-43-57
T2c_H_small_world_conspiracy_believer,small_world,paris_agreement,1,0,,1078,complete,continuous,T2c_H_small_world_conspiracy_believer_2026-09-19_03-43-57
T2c_H_small_world_conspiracy_believer,small_world,climate_consensus,174,153,4.7712,1078,complete,continuous,T2c_H_small_world_conspiracy_believer_2026-09-19_03-43-57
T2c_H_small_world_conspiracy_believer,small_world,polar_bears,174,153,0.0,1078,complete,continuous,T2c_H_small_world_conspiracy_believer_2026-09-19_03-43-57
T2c_H_small_world_conspiracy_climate_piggyback,small_world,scopex_2017,174,149,1.4544,927,complete,continuous,T2c_H_small_world_conspiracy_climate_piggyback_2026-09-19_04-00-45
T2c_H_small_world_conspiracy_climate_piggyback,small_world,chemtrails_gates_2018_2021,164,137,3.2088,927,complete,continuous,T2c_H_small_world_conspiracy_climate_piggyback_2026-09-19_04-00-45
T2c_H_small_world_conspiracy_climate_piggyback,small_world,sai_geoengineering,1,0,,927,complete,continuous,T2c_H_small_world_conspiracy_climate_piggyback_2026-09-19_04-00-45
T2c_H_small_world_conspiracy_climate_piggyback,small_world,paris_agreement,174,155,2.6884,927,complete,continuous,T2c_H_small_world_conspiracy_climate_piggyback_2026-09-19_04-00-45
T2c_H_small_world_conspiracy_climate_piggyback,small_world,climate_consensus,1,0,,927,complete,continuous,T2c_H_small_world_conspiracy_climate_piggyback_2026-09-19_04-00-45
T2c_H_small_world_conspiracy_climate_piggyback,small_world,polar_bears,163,144,0.0,927,complete,continuous,T2c_H_small_world_conspiracy_climate_piggyback_2026-09-19_04-00-45
T2c_H_small_world_conspiracy_depopulation,small_world,scopex_2017,1,0,,890,complete,continuous,T2c_H_small_world_conspiracy_depopulation_2026-09-19_03-57-43
T2c_H_small_world_conspiracy_depopulation,small_world,chemtrails_gates_2018_2021,177,149,0.6913,890,complete,continuous,T2c_H_small_world_conspiracy_depopulation_2026-09-19_03-57-43
T2c_H_small_world_conspiracy_depopulation,small_world,sai_geoengineering,181,160,0.1094,890,complete,continuous,T2c_H_small_world_conspiracy_depopulation_2026-09-19_03-57-43
T2c_H_small_world_conspiracy_depopulation,small_world,paris_agreement,181,152,3.5803,890,complete,continuous,T2c_H_small_world_conspiracy_depopulation_2026-09-19_03-57-43
T2c_H_small_world_conspiracy_depopulation,small_world,climate_consensus,1,0,,890,complete,continuous,T2c_H_small_world_conspiracy_depopulation_2026-09-19_03-57-43
T2c_H_small_world_conspiracy_depopulation,small_world,polar_bears,181,156,0.0128,890,complete,continuous,T2c_H_small_world_conspiracy_depopulation_2026-09-19_03-57-43
T2c_H_small_world_conspiracy_haarp_weather,small_world,scopex_2017,169,140,2.6479,1355,complete,continuous,T2c_H_small_world_conspiracy_haarp_weather_2026-09-19_03-52-36
T2c_H_small_world_conspiracy_haarp_weather,small_world,chemtrails_gates_2018_2021,173,143,3.142,1355,complete,continuous,T2c_H_small_world_conspiracy_haarp_weather_2026-09-19_03-52-36
T2c_H_small_world_conspiracy_haarp_weather,small_world,sai_geoengineering,173,142,0.193,1355,complete,continuous,T2c_H_small_world_conspiracy_haarp_weather_2026-09-19_03-52-36
T2c_H_small_world_conspiracy_haarp_weather,small_world,paris_agreement,176,156,3.3115,1355,complete,continuous,T2c_H_small_world_conspiracy_haarp_weather_2026-09-19_03-52-36
T2c_H_small_world_conspiracy_haarp_weather,small_world,climate_consensus,169,136,4.9375,1355,complete,continuous,T2c_H_small_world_conspiracy_haarp_weather_2026-09-19_03-52-36
T2c_H_small_world_conspiracy_haarp_weather,small_world,polar_bears,175,153,0.0098,1355,complete,continuous,T2c_H_small_world_conspiracy_haarp_weather_2026-09-19_03-52-36
T2c_H_small_world_environmental_concern,small_world,scopex_2017,181,21,0.0238,299,complete,continuous,T2c_H_small_world_environmental_concern_2026-09-19_04-19-28
T2c_H_small_world_environmental_concern,small_world,chemtrails_gates_2018_2021,1,0,,299,complete,continuous,T2c_H_small_world_environmental_concern_2026-09-19_04-19-28
T2c_H_small_world_environmental_concern,small_world,sai_geoengineering,1,0,,299,complete,continuous,T2c_H_small_world_environmental_concern_2026-09-19_04-19-28
T2c_H_small_world_environmental_concern,small_world,paris_agreement,1,0,,299,complete,continuous,T2c_H_small_world_environmental_concern_2026-09-19_04-19-28
T2c_H_small_world_environmental_concern,small_world,climate_consensus,181,7,0.0,299,complete,continuous,T2c_H_small_world_environmental_concern_2026-09-19_04-19-28
T2c_H_small_world_environmental_concern,small_world,polar_bears,177,9,0.0,299,complete,continuous,T2c_H_small_world_environmental_concern_2026-09-19_04-19-28
T2c_H_small_world_mitigation_first_policy,small_world,scopex_2017,175,7,0.0,429,complete,continuous,T2c_H_small_world_mitigation_first_policy_2026-09-19_04-15-50
T2c_H_small_world_mitigation_first_policy,small_world,chemtrails_gates_2018_2021,178,4,0.05,429,complete,continuous,T2c_H_small_world_mitigation_first_policy_2026-09-19_04-15-50
T2c_H_small_world_mitigation_first_policy,small_world,sai_geoengineering,180,9,0.0,429,complete,continuous,T2c_H_small_world_mitigation_first_policy_2026-09-19_04-15-50
T2c_H_small_world_mitigation_first_policy,small_world,paris_agreement,180,8,0.0,429,complete,continuous,T2c_H_small_world_mitigation_first_policy_2026-09-19_04-15-50
T2c_H_small_world_mitigation_first_policy,small_world,climate_consensus,174,12,0.0,429,complete,continuous,T2c_H_small_world_mitigation_first_policy_2026-09-19_04-15-50
T2c_H_small_world_mitigation_first_policy,small_world,polar_bears,178,7,0.0,429,complete,continuous,T2c_H_small_world_mitigation_first_policy_2026-09-19_04-15-50
T2c_H_small_world_ozone_stratosphere_specialist,small_world,scopex_2017,181,6,0.0,284,complete,continuous,T2c_H_small_world_ozone_stratosphere_specialist_2026-09-19_04-20-38
T2c_H_small_world_ozone_stratosphere_specialist,small_world,chemtrails_gates_2018_2021,175,6,0.8333,284,complete,continuous,T2c_H_small_world_ozone_stratosphere_specialist_2026-09-19_04-20-38
T2c_H_small_world_ozone_stratosphere_specialist,small_world,sai_geoengineering,179,2,0.0,284,complete,continuous,T2c_H_small_world_ozone_stratosphere_specialist_2026-09-19_04-20-38
T2c_H_small_world_ozone_stratosphere_specialist,small_world,paris_agreement,166,6,0.0,284,complete,continuous,T2c_H_small_world_ozone_stratosphere_specialist_2026-09-19_04-20-38
T2c_H_small_world_ozone_stratosphere_specialist,small_world,climate_consensus,172,12,0.0,284,complete,continuous,T2c_H_small_world_ozone_stratosphere_specialist_2026-09-19_04-20-38
T2c_H_small_world_ozone_stratosphere_specialist,small_world,polar_bears,1,0,,284,complete,continuous,T2c_H_small_world_ozone_stratosphere_specialist_2026-09-19_04-20-38
T2c_H_small_world_science_journalist,small_world,scopex_2017,177,158,0.0,750,complete,continuous,T2c_H_small_world_science_journalist_2026-09-19_04-32-03
T2c_H_small_world_science_journalist,small_world,chemtrails_gates_2018_2021,175,154,0.0032,750,complete,continuous,T2c_H_small_world_science_journalist_2026-09-19_04-32-03
T2c_H_small_world_science_journalist,small_world,sai_geoengineering,177,152,0.0132,750,complete,continuous,T2c_H_small_world_science_journalist_2026-09-19_04-32-03
T2c_H_small_world_science_journalist,small_world,paris_agreement,1,0,,750,complete,continuous,T2c_H_small_world_science_journalist_2026-09-19_04-32-03
T2c_H_small_world_science_journalist,small_world,climate_consensus,1,0,,750,complete,continuous,T2c_H_small_world_science_journalist_2026-09-19_04-32-03
T2c_H_small_world_science_journalist,small_world,polar_bears,181,154,0.0032,750,complete,continuous,T2c_H_small_world_science_journalist_2026-09-19_04-32-03
T2c_H_scale_free_biodiversity_food_security,scale_free,scopex_2017,181,155,0.0677,1166,complete,continuous,T2c_H_scale_free_biodiversity_food_security_2026-09-19_04-32-40
T2c_H_scale_free_biodiversity_food_security,scale_free,chemtrails_gates_2018_2021,175,156,0.9968,1166,complete,continuous,T2c_H_scale_free_biodiversity_food_security_2026-09-19_04-32-40
T2c_H_scale_free_biodiversity_food_security,scale_free,sai_geoengineering,1,0,,1166,complete,continuous,T2c_H_scale_free_biodiversity_food_security_2026-09-19_04-32-40
T2c_H_scale_free_biodiversity_food_security,scale_free,paris_agreement,173,145,0.0497,1166,complete,continuous,T2c_H_scale_free_biodiversity_food_security_2026-09-19_04-32-40
T2c_H_scale_free_biodiversity_food_security,scale_free,climate_consensus,180,155,0.2142,1166,complete,continuous,T2c_H_scale_free_biodiversity_food_security_2026-09-19_04-32-40
T2c_H_scale_free_biodiversity_food_security,scale_free,polar_bears,180,162,0.0,1166,complete,continuous,T2c_H_scale_free_biodiversity_food_security_2026-09-19_04-32-40
T2c_H_scale_free_climate_action_advocate,scale_free,scopex_2017,180,147,0.1293,1167,complete,continuous,T2c_H_scale_free_climate_action_advocate_2026-09-19_03-57-46
T2c_H_scale_free_climate_action_advocate,scale_free,chemtrails_gates_2018_2021,177,154,0.8312,1167,complete,continuous,T2c_H_scale_free_climate_action_advocate_2026-09-19_03-57-46
T2c_H_scale_free_climate_action_advocate,scale_free,sai_geoengineering,181,150,0.3533,1167,complete,continuous,T2c_H_scale_free_climate_action_advocate_2026-09-19_03-57-46
T2c_H_scale_free_climate_action_advocate,scale_free,paris_agreement,180,148,0.0439,1167,complete,continuous,T2c_H_scale_free_climate_action_advocate_2026-09-19_03-57-46
T2c_H_scale_free_climate_action_advocate,scale_free,climate_consensus,179,159,0.261,1167,complete,continuous,T2c_H_scale_free_climate_action_advocate_2026-09-19_03-57-46
T2c_H_scale_free_climate_action_advocate,scale_free,polar_bears,1,0,,1167,complete,continuous,T2c_H_scale_free_climate_action_advocate_2026-09-19_03-57-46
T2c_H_scale_free_climate_justice_youth,scale_free,scopex_2017,178,149,0.2919,913,complete,continuous,T2c_H_scale_free_climate_justice_youth_2026-09-19_04-01-22
T2c_H_scale_free_climate_justice_youth,scale_free,chemtrails_gates_2018_2021,175,146,0.9452,913,complete,continuous,T2c_H_scale_free_climate_justice_youth_2026-09-19_04-01-22
T2c_H_scale_free_climate_justice_youth,scale_free,sai_geoengineering,1,0,,913,complete,continuous,T2c_H_scale_free_climate_justice_youth_2026-09-19_04-01-22
T2c_H_scale_free_climate_justice_youth,scale_free,paris_agreement,1,0,,913,complete,continuous,T2c_H_scale_free_climate_justice_youth_2026-09-19_04-01-22
T2c_H_scale_free_climate_justice_youth,scale_free,climate_consensus,179,149,0.1007,913,complete,continuous,T2c_H_scale_free_climate_justice_youth_2026-09-19_04-01-22
T2c_H_scale_free_climate_justice_youth,scale_free,polar_bears,179,143,0.0035,913,complete,continuous,T2c_H_scale_free_climate_justice_youth_2026-09-19_04-01-22
T2c_H_scale_free_climate_scientist,scale_free,scopex_2017,179,153,0.0,1481,complete,continuous,T2c_H_scale_free_climate_scientist_2026-09-19_04-40-48
T2c_H_scale_free_climate_scientist,scale_free,chemtrails_gates_2018_2021,180,156,0.1026,1481,complete,continuous,T2c_H_scale_free_climate_scientist_2026-09-19_04-40-48
T2c_H_scale_free_climate_scientist,scale_free,sai_geoengineering,179,156,0.0064,1481,complete,continuous,T2c_H_scale_free_climate_scientist_2026-09-19_04-40-48
T2c_H_scale_free_climate_scientist,scale_free,paris_agreement,183,157,0.0255,1481,complete,continuous,T2c_H_scale_free_climate_scientist_2026-09-19_04-40-48
T2c_H_scale_free_climate_scientist,scale_free,climate_consensus,176,147,0.0,1481,complete,continuous,T2c_H_scale_free_climate_scientist_2026-09-19_04-40-48
T2c_H_scale_free_climate_scientist,scale_free,polar_bears,179,150,0.0,1481,complete,continuous,T2c_H_scale_free_climate_scientist_2026-09-19_04-40-48
T2c_H_scale_free_conspiracy_believer,scale_free,scopex_2017,163,138,1.9246,1083,complete,continuous,T2c_H_scale_free_conspiracy_believer_2026-09-19_03-35-38
T2c_H_scale_free_conspiracy_believer,scale_free,chemtrails_gates_2018_2021,165,132,3.1606,1083,complete,continuous,T2c_H_scale_free_conspiracy_believer_2026-09-19_03-35-38
T2c_H_scale_free_conspiracy_believer,scale_free,sai_geoengineering,167,51,0.1588,1083,complete,continuous,T2c_H_scale_free_conspiracy_believer_2026-09-19_03-35-38
T2c_H_scale_free_conspiracy_believer,scale_free,paris_agreement,145,24,3.5917,1083,complete,continuous,T2c_H_scale_free_conspiracy_believer_2026-09-19_03-35-38
T2c_H_scale_free_conspiracy_believer,scale_free,climate_consensus,152,118,4.9958,1083,complete,continuous,T2c_H_scale_free_conspiracy_believer_2026-09-19_03-35-38
T2c_H_scale_free_conspiracy_believer,scale_free,polar_bears,168,145,0.131,1083,complete,continuous,T2c_H_scale_free_conspiracy_believer_2026-09-19_03-35-38
T2c_H_scale_free_conspiracy_climate_piggyback,scale_free,scopex_2017,1,0,,1176,complete,continuous,T2c_H_scale_free_conspiracy_climate_piggyback_2026-09-19_03-57-14
T2c_H_scale_free_conspiracy_climate_piggyback,scale_free,chemtrails_gates_2018_2021,182,159,2.6082,1176,complete,continuous,T2c_H_scale_free_conspiracy_climate_piggyback_2026-09-19_03-57-14
T2c_H_scale_free_conspiracy_climate_piggyback,scale_free,sai_geoengineering,178,154,0.6747,1176,complete,continuous,T2c_H_scale_free_conspiracy_climate_piggyback_2026-09-19_03-57-14
T2c_H_scale_free_conspiracy_climate_piggyback,scale_free,paris_agreement,183,156,1.7647,1176,complete,continuous,T2c_H_scale_free_conspiracy_climate_piggyback_2026-09-19_03-57-14
T2c_H_scale_free_conspiracy_climate_piggyback,scale_free,climate_consensus,181,156,4.9679,1176,complete,continuous,T2c_H_scale_free_conspiracy_climate_piggyback_2026-09-19_03-57-14
T2c_H_scale_free_conspiracy_climate_piggyback,scale_free,polar_bears,182,152,0.0,1176,complete,continuous,T2c_H_scale_free_conspiracy_climate_piggyback_2026-09-19_03-57-14
T2c_H_scale_free_conspiracy_depopulation,scale_free,scopex_2017,174,150,2.222,1101,complete,continuous,T2c_H_scale_free_conspiracy_depopulation_2026-09-19_03-35-38
T2c_H_scale_free_conspiracy_depopulation,scale_free,chemtrails_gates_2018_2021,170,149,2.957,1101,complete,continuous,T2c_H_scale_free_conspiracy_depopulation_2026-09-19_03-35-38
T2c_H_scale_free_conspiracy_depopulation,scale_free,sai_geoengineering,170,144,0.0174,1101,complete,continuous,T2c_H_scale_free_conspiracy_depopulation_2026-09-19_03-35-38
T2c_H_scale_free_conspiracy_depopulation,scale_free,paris_agreement,172,145,3.7434,1101,complete,continuous,T2c_H_scale_free_conspiracy_depopulation_2026-09-19_03-35-38
T2c_H_scale_free_conspiracy_depopulation,scale_free,climate_consensus,1,0,,1101,complete,continuous,T2c_H_scale_free_conspiracy_depopulation_2026-09-19_03-35-38
T2c_H_scale_free_conspiracy_depopulation,scale_free,polar_bears,172,84,0.1905,1101,complete,continuous,T2c_H_scale_free_conspiracy_depopulation_2026-09-19_03-35-38
T2c_H_scale_free_conspiracy_haarp_weather,scale_free,scopex_2017,170,150,2.0953,1133,complete,continuous,T2c_H_scale_free_conspiracy_haarp_weather_2026-09-19_03-35-38
T2c_H_scale_free_conspiracy_haarp_weather,scale_free,chemtrails_gates_2018_2021,175,150,3.18,1133,complete,continuous,T2c_H_scale_free_conspiracy_haarp_weather_2026-09-19_03-35-38
T2c_H_scale_free_conspiracy_haarp_weather,scale_free,sai_geoengineering,175,150,0.368,1133,complete,continuous,T2c_H_scale_free_conspiracy_haarp_weather_2026-09-19_03-35-38
T2c_H_scale_free_conspiracy_haarp_weather,scale_free,paris_agreement,175,150,3.774,1133,complete,continuous,T2c_H_scale_free_conspiracy_haarp_weather_2026-09-19_03-35-38
T2c_H_scale_free_conspiracy_haarp_weather,scale_free,climate_consensus,157,121,4.7438,1133,complete,continuous,T2c_H_scale_free_conspiracy_haarp_weather_2026-09-19_03-35-38
T2c_H_scale_free_conspiracy_haarp_weather,scale_free,polar_bears,1,0,,1133,complete,continuous,T2c_H_scale_free_conspiracy_haarp_weather_2026-09-19_03-35-38
T2c_H_scale_free_environmental_concern,scale_free,scopex_2017,176,5,0.0,253,complete,continuous,T2c_H_scale_free_environmental_concern_2026-09-19_04-21-27
T2c_H_scale_free_environmental_concern,scale_free,chemtrails_gates_2018_2021,1,0,,253,complete,continuous,T2c_H_scale_free_environmental_concern_2026-09-19_04-21-27
T2c_H_scale_free_environmental_concern,scale_free,sai_geoengineering,174,4,0.0,253,complete,continuous,T2c_H_scale_free_environmental_concern_2026-09-19_04-21-27
T2c_H_scale_free_environmental_concern,scale_free,paris_agreement,176,11,1.3182,253,complete,continuous,T2c_H_scale_free_environmental_concern_2026-09-19_04-21-27
T2c_H_scale_free_environmental_concern,scale_free,climate_consensus,176,9,0.0,253,complete,continuous,T2c_H_scale_free_environmental_concern_2026-09-19_04-21-27
T2c_H_scale_free_environmental_concern,scale_free,polar_bears,176,6,0.0,253,complete,continuous,T2c_H_scale_free_environmental_concern_2026-09-19_04-21-27
T2c_H_scale_free_mitigation_first_policy,scale_free,scopex_2017,1,0,,807,complete,continuous,T2c_H_scale_free_mitigation_first_policy_2026-09-19_04-32-32
T2c_H_scale_free_mitigation_first_policy,scale_free,chemtrails_gates_2018_2021,162,129,0.0233,807,complete,continuous,T2c_H_scale_free_mitigation_first_policy_2026-09-19_04-32-32
T2c_H_scale_free_mitigation_first_policy,scale_free,sai_geoengineering,165,149,0.0134,807,complete,continuous,T2c_H_scale_free_mitigation_first_policy_2026-09-19_04-32-32
T2c_H_scale_free_mitigation_first_policy,scale_free,paris_agreement,150,128,0.0469,807,complete,continuous,T2c_H_scale_free_mitigation_first_policy_2026-09-19_04-32-32
T2c_H_scale_free_mitigation_first_policy,scale_free,climate_consensus,3,1,0.0,807,complete,continuous,T2c_H_scale_free_mitigation_first_policy_2026-09-19_04-32-32
T2c_H_scale_free_mitigation_first_policy,scale_free,polar_bears,146,123,0.0447,807,complete,continuous,T2c_H_scale_free_mitigation_first_policy_2026-09-19_04-32-32
T2c_H_scale_free_ozone_stratosphere_specialist,scale_free,scopex_2017,181,5,0.2,287,complete,continuous,T2c_H_scale_free_ozone_stratosphere_specialist_2026-09-19_04-21-34
T2c_H_scale_free_ozone_stratosphere_specialist,scale_free,chemtrails_gates_2018_2021,176,6,1.3333,287,complete,continuous,T2c_H_scale_free_ozone_stratosphere_specialist_2026-09-19_04-21-34
T2c_H_scale_free_ozone_stratosphere_specialist,scale_free,sai_geoengineering,1,0,,287,complete,continuous,T2c_H_scale_free_ozone_stratosphere_specialist_2026-09-19_04-21-34
T2c_H_scale_free_ozone_stratosphere_specialist,scale_free,paris_agreement,171,10,0.3,287,complete,continuous,T2c_H_scale_free_ozone_stratosphere_specialist_2026-09-19_04-21-34
T2c_H_scale_free_ozone_stratosphere_specialist,scale_free,climate_consensus,173,9,0.0,287,complete,continuous,T2c_H_scale_free_ozone_stratosphere_specialist_2026-09-19_04-21-34
T2c_H_scale_free_ozone_stratosphere_specialist,scale_free,polar_bears,173,5,0.0,287,complete,continuous,T2c_H_scale_free_ozone_stratosphere_specialist_2026-09-19_04-21-34
T2c_H_scale_free_science_journalist,scale_free,scopex_2017,175,154,0.0032,1114,complete,continuous,T2c_H_scale_free_science_journalist_2026-09-19_04-43-56
T2c_H_scale_free_science_journalist,scale_free,chemtrails_gates_2018_2021,177,141,0.1773,1114,complete,continuous,T2c_H_scale_free_science_journalist_2026-09-19_04-43-56
T2c_H_scale_free_science_journalist,scale_free,sai_geoengineering,1,0,,1114,complete,continuous,T2c_H_scale_free_science_journalist_2026-09-19_04-43-56
T2c_H_scale_free_science_journalist,scale_free,paris_agreement,163,142,0.0782,1114,complete,continuous,T2c_H_scale_free_science_journalist_2026-09-19_04-43-56
T2c_H_scale_free_science_journalist,scale_free,climate_consensus,158,136,0.0,1114,complete,continuous,T2c_H_scale_free_science_journalist_2026-09-19_04-43-56
T2c_H_scale_free_science_journalist,scale_free,polar_bears,165,128,0.0,1114,complete,continuous,T2c_H_scale_free_science_journalist_2026-09-19_04-43-56
T2c_H_echo_chamber_biodiversity_food_security,echo_chamber,scopex_2017,159,136,0.0404,,running,continuous,T2c_H_echo_chamber_biodiversity_food_security_2026-09-19_04-55-16
T2c_H_echo_chamber_biodiversity_food_security,echo_chamber,chemtrails_gates_2018_2021,159,135,1.0074,,running,continuous,T2c_H_echo_chamber_biodiversity_food_security_2026-09-19_04-55-16
T2c_H_echo_chamber_biodiversity_food_security,echo_chamber,sai_geoengineering,157,129,0.0078,,running,continuous,T2c_H_echo_chamber_biodiversity_food_security_2026-09-19_04-55-16
T2c_H_echo_chamber_biodiversity_food_security,echo_chamber,paris_agreement,119,100,0.03,,running,continuous,T2c_H_echo_chamber_biodiversity_food_security_2026-09-19_04-55-16
T2c_H_echo_chamber_biodiversity_food_security,echo_chamber,climate_consensus,1,0,,,running,continuous,T2c_H_echo_chamber_biodiversity_food_security_2026-09-19_04-55-16
T2c_H_echo_chamber_biodiversity_food_security,echo_chamber,polar_bears,154,121,0.0124,,running,continuous,T2c_H_echo_chamber_biodiversity_food_security_2026-09-19_04-55-16
T2c_H_echo_chamber_climate_action_advocate,echo_chamber,scopex_2017,167,8,0.0,38,complete,continuous,T2c_H_echo_chamber_climate_action_advocate_2026-09-19_04-30-38
T2c_H_echo_chamber_climate_action_advocate,echo_chamber,chemtrails_gates_2018_2021,150,6,0.0833,38,complete,continuous,T2c_H_echo_chamber_climate_action_advocate_2026-09-19_04-30-38
T2c_H_echo_chamber_climate_action_advocate,echo_chamber,sai_geoengineering,1,0,,38,complete,continuous,T2c_H_echo_chamber_climate_action_advocate_2026-09-19_04-30-38
T2c_H_echo_chamber_climate_action_advocate,echo_chamber,paris_agreement,167,6,0.0,38,complete,continuous,T2c_H_echo_chamber_climate_action_advocate_2026-09-19_04-30-38
T2c_H_echo_chamber_climate_action_advocate,echo_chamber,climate_consensus,1,0,,38,complete,continuous,T2c_H_echo_chamber_climate_action_advocate_2026-09-19_04-30-38
T2c_H_echo_chamber_climate_action_advocate,echo_chamber,polar_bears,1,0,,38,complete,continuous,T2c_H_echo_chamber_climate_action_advocate_2026-09-19_04-30-38
T2c_H_echo_chamber_climate_justice_youth,echo_chamber,scopex_2017,164,142,0.0176,929,complete,continuous,T2c_H_echo_chamber_climate_justice_youth_2026-09-19_04-31-18
T2c_H_echo_chamber_climate_justice_youth,echo_chamber,chemtrails_gates_2018_2021,161,136,0.0956,929,complete,continuous,T2c_H_echo_chamber_climate_justice_youth_2026-09-19_04-31-18
T2c_H_echo_chamber_climate_justice_youth,echo_chamber,sai_geoengineering,162,139,0.0468,929,complete,continuous,T2c_H_echo_chamber_climate_justice_youth_2026-09-19_04-31-18
T2c_H_echo_chamber_climate_justice_youth,echo_chamber,paris_agreement,159,134,0.0187,929,complete,continuous,T2c_H_echo_chamber_climate_justice_youth_2026-09-19_04-31-18
T2c_H_echo_chamber_climate_justice_youth,echo_chamber,climate_consensus,147,125,0.056,929,complete,continuous,T2c_H_echo_chamber_climate_justice_youth_2026-09-19_04-31-18
T2c_H_echo_chamber_climate_justice_youth,echo_chamber,polar_bears,152,114,0.0044,929,complete,continuous,T2c_H_echo_chamber_climate_justice_youth_2026-09-19_04-31-18
T2c_H_echo_chamber_climate_scientist,echo_chamber,scopex_2017,154,139,0.0,1122,complete,continuous,T2c_H_echo_chamber_climate_scientist_2026-09-19_04-45-38
T2c_H_echo_chamber_climate_scientist,echo_chamber,chemtrails_gates_2018_2021,166,147,0.0102,1122,complete,continuous,T2c_H_echo_chamber_climate_scientist_2026-09-19_04-45-38
T2c_H_echo_chamber_climate_scientist,echo_chamber,sai_geoengineering,159,134,0.0037,1122,complete,continuous,T2c_H_echo_chamber_climate_scientist_2026-09-19_04-45-38
T2c_H_echo_chamber_climate_scientist,echo_chamber,paris_agreement,167,148,0.0338,1122,complete,continuous,T2c_H_echo_chamber_climate_scientist_2026-09-19_04-45-38
T2c_H_echo_chamber_climate_scientist,echo_chamber,climate_consensus,1,0,,1122,complete,continuous,T2c_H_echo_chamber_climate_scientist_2026-09-19_04-45-38
T2c_H_echo_chamber_climate_scientist,echo_chamber,polar_bears,160,135,0.0,1122,complete,continuous,T2c_H_echo_chamber_climate_scientist_2026-09-19_04-45-38
T2c_H_echo_chamber_conspiracy_believer,echo_chamber,scopex_2017,165,59,2.2881,564,complete,continuous,T2c_H_echo_chamber_conspiracy_believer_2026-09-19_04-13-27
T2c_H_echo_chamber_conspiracy_believer,echo_chamber,chemtrails_gates_2018_2021,158,12,2.8333,564,complete,continuous,T2c_H_echo_chamber_conspiracy_believer_2026-09-19_04-13-27
T2c_H_echo_chamber_conspiracy_believer,echo_chamber,sai_geoengineering,162,5,0.4,564,complete,continuous,T2c_H_echo_chamber_conspiracy_believer_2026-09-19_04-13-27
T2c_H_echo_chamber_conspiracy_believer,echo_chamber,paris_agreement,145,7,4.6429,564,complete,continuous,T2c_H_echo_chamber_conspiracy_believer_2026-09-19_04-13-27
T2c_H_echo_chamber_conspiracy_believer,echo_chamber,climate_consensus,165,5,5.0,564,complete,continuous,T2c_H_echo_chamber_conspiracy_believer_2026-09-19_04-13-27
T2c_H_echo_chamber_conspiracy_believer,echo_chamber,polar_bears,167,7,0.1429,564,complete,continuous,T2c_H_echo_chamber_conspiracy_believer_2026-09-19_04-13-27
T2c_H_echo_chamber_conspiracy_climate_piggyback,echo_chamber,scopex_2017,155,13,1.6077,480,complete,continuous,T2c_H_echo_chamber_conspiracy_climate_piggyback_2026-09-19_04-13-27
T2c_H_echo_chamber_conspiracy_climate_piggyback,echo_chamber,chemtrails_gates_2018_2021,150,5,3.8,480,complete,continuous,T2c_H_echo_chamber_conspiracy_climate_piggyback_2026-09-19_04-13-27
T2c_H_echo_chamber_conspiracy_climate_piggyback,echo_chamber,sai_geoengineering,165,6,0.4167,480,complete,continuous,T2c_H_echo_chamber_conspiracy_climate_piggyback_2026-09-19_04-13-27
T2c_H_echo_chamber_conspiracy_climate_piggyback,echo_chamber,paris_agreement,165,2,1.5,480,complete,continuous,T2c_H_echo_chamber_conspiracy_climate_piggyback_2026-09-19_04-13-27
T2c_H_echo_chamber_conspiracy_climate_piggyback,echo_chamber,climate_consensus,157,7,5.0,480,complete,continuous,T2c_H_echo_chamber_conspiracy_climate_piggyback_2026-09-19_04-13-27
T2c_H_echo_chamber_conspiracy_climate_piggyback,echo_chamber,polar_bears,144,5,0.0,480,complete,continuous,T2c_H_echo_chamber_conspiracy_climate_piggyback_2026-09-19_04-13-27
T2c_H_echo_chamber_conspiracy_depopulation,echo_chamber,scopex_2017,143,13,1.9615,515,complete,continuous,T2c_H_echo_chamber_conspiracy_depopulation_2026-09-19_04-13-27
T2c_H_echo_chamber_conspiracy_depopulation,echo_chamber,chemtrails_gates_2018_2021,167,6,3.3333,515,complete,continuous,T2c_H_echo_chamber_conspiracy_depopulation_2026-09-19_04-13-27
T2c_H_echo_chamber_conspiracy_depopulation,echo_chamber,sai_geoengineering,153,8,0.375,515,complete,continuous,T2c_H_echo_chamber_conspiracy_depopulation_2026-09-19_04-13-27
T2c_H_echo_chamber_conspiracy_depopulation,echo_chamber,paris_agreement,167,3,1.3333,515,complete,continuous,T2c_H_echo_chamber_conspiracy_depopulation_2026-09-19_04-13-27
T2c_H_echo_chamber_conspiracy_depopulation,echo_chamber,climate_consensus,166,6,5.0,515,complete,continuous,T2c_H_echo_chamber_conspiracy_depopulation_2026-09-19_04-13-27
T2c_H_echo_chamber_conspiracy_depopulation,echo_chamber,polar_bears,158,8,0.0,515,complete,continuous,T2c_H_echo_chamber_conspiracy_depopulation_2026-09-19_04-13-27
T2c_H_echo_chamber_conspiracy_haarp_weather,echo_chamber,scopex_2017,1,0,,673,complete,continuous,T2c_H_echo_chamber_conspiracy_haarp_weather_2026-09-19_04-13-27
T2c_H_echo_chamber_conspiracy_haarp_weather,echo_chamber,chemtrails_gates_2018_2021,165,137,2.8847,673,complete,continuous,T2c_H_echo_chamber_conspiracy_haarp_weather_2026-09-19_04-13-27
T2c_H_echo_chamber_conspiracy_haarp_weather,echo_chamber,sai_geoengineering,166,105,0.4876,673,complete,continuous,T2c_H_echo_chamber_conspiracy_haarp_weather_2026-09-19_04-13-27
T2c_H_echo_chamber_conspiracy_haarp_weather,echo_chamber,paris_agreement,165,15,3.4,673,complete,continuous,T2c_H_echo_chamber_conspiracy_haarp_weather_2026-09-19_04-13-27
T2c_H_echo_chamber_conspiracy_haarp_weather,echo_chamber,climate_consensus,151,8,4.5625,673,complete,continuous,T2c_H_echo_chamber_conspiracy_haarp_weather_2026-09-19_04-13-27
T2c_H_echo_chamber_conspiracy_haarp_weather,echo_chamber,polar_bears,158,5,0.0,673,complete,continuous,T2c_H_echo_chamber_conspiracy_haarp_weather_2026-09-19_04-13-27
T2c_H_echo_chamber_environmental_concern,echo_chamber,scopex_2017,157,136,0.0,867,complete,continuous,T2c_H_echo_chamber_environmental_concern_2026-09-19_04-31-37
T2c_H_echo_chamber_environmental_concern,echo_chamber,chemtrails_gates_2018_2021,167,139,0.0108,867,complete,continuous,T2c_H_echo_chamber_environmental_concern_2026-09-19_04-31-37
T2c_H_echo_chamber_environmental_concern,echo_chamber,sai_geoengineering,151,132,0.0,867,complete,continuous,T2c_H_echo_chamber_environmental_concern_2026-09-19_04-31-37
T2c_H_echo_chamber_environmental_concern,echo_chamber,paris_agreement,94,72,0.0139,867,complete,continuous,T2c_H_echo_chamber_environmental_concern_2026-09-19_04-31-37
T2c_H_echo_chamber_environmental_concern,echo_chamber,climate_consensus,166,134,0.0,867,complete,continuous,T2c_H_echo_chamber_environmental_concern_2026-09-19_04-31-37
T2c_H_echo_chamber_environmental_concern,echo_chamber,polar_bears,164,136,0.0,867,complete,continuous,T2c_H_echo_chamber_environmental_concern_2026-09-19_04-31-37
T2c_H_echo_chamber_mitigation_first_policy,echo_chamber,scopex_2017,166,143,0.0,818,complete,continuous,T2c_H_echo_chamber_mitigation_first_policy_2026-09-19_04-31-24
T2c_H_echo_chamber_mitigation_first_policy,echo_chamber,chemtrails_gates_2018_2021,164,143,0.0,818,complete,continuous,T2c_H_echo_chamber_mitigation_first_policy_2026-09-19_04-31-24
T2c_H_echo_chamber_mitigation_first_policy,echo_chamber,sai_geoengineering,144,111,0.018,818,complete,continuous,T2c_H_echo_chamber_mitigation_first_policy_2026-09-19_04-31-24
T2c_H_echo_chamber_mitigation_first_policy,echo_chamber,paris_agreement,129,98,0.0459,818,complete,continuous,T2c_H_echo_chamber_mitigation_first_policy_2026-09-19_04-31-24
T2c_H_echo_chamber_mitigation_first_policy,echo_chamber,climate_consensus,157,132,0.0,818,complete,continuous,T2c_H_echo_chamber_mitigation_first_policy_2026-09-19_04-31-24
T2c_H_echo_chamber_mitigation_first_policy,echo_chamber,polar_bears,160,138,0.0,818,complete,continuous,T2c_H_echo_chamber_mitigation_first_policy_2026-09-19_04-31-24
T2c_H_echo_chamber_ozone_stratosphere_specialist,echo_chamber,scopex_2017,157,139,0.0,,running,continuous,T2c_H_echo_chamber_ozone_stratosphere_specialist_2026-09-19_04-49-12
T2c_H_echo_chamber_ozone_stratosphere_specialist,echo_chamber,chemtrails_gates_2018_2021,165,136,0.7463,,running,continuous,T2c_H_echo_chamber_ozone_stratosphere_specialist_2026-09-19_04-49-12
T2c_H_echo_chamber_ozone_stratosphere_specialist,echo_chamber,sai_geoengineering,153,125,0.08,,running,continuous,T2c_H_echo_chamber_ozone_stratosphere_specialist_2026-09-19_04-49-12
T2c_H_echo_chamber_ozone_stratosphere_specialist,echo_chamber,paris_agreement,167,147,0.0476,,running,continuous,T2c_H_echo_chamber_ozone_stratosphere_specialist_2026-09-19_04-49-12
T2c_H_echo_chamber_ozone_stratosphere_specialist,echo_chamber,climate_consensus,167,140,0.0457,,running,continuous,T2c_H_echo_chamber_ozone_stratosphere_specialist_2026-09-19_04-49-12
T2c_H_echo_chamber_ozone_stratosphere_specialist,echo_chamber,polar_bears,160,56,0.0089,,running,continuous,T2c_H_echo_chamber_ozone_stratosphere_specialist_2026-09-19_04-49-12
T2c_H_echo_chamber_science_journalist,echo_chamber,scopex_2017,165,139,0.0,880,complete,continuous,T2c_H_echo_chamber_science_journalist_2026-09-19_04-45-58
T2c_H_echo_chamber_science_journalist,echo_chamber,chemtrails_gates_2018_2021,165,139,0.018,880,complete,continuous,T2c_H_echo_chamber_science_journalist_2026-09-19_04-45-58
T2c_H_echo_chamber_science_journalist,echo_chamber,sai_geoengineering,1,0,,880,complete,continuous,T2c_H_echo_chamber_science_journalist_2026-09-19_04-45-58
T2c_H_echo_chamber_science_journalist,echo_chamber,paris_agreement,158,133,0.0414,880,complete,continuous,T2c_H_echo_chamber_science_journalist_2026-09-19_04-45-58
T2c_H_echo_chamber_science_journalist,echo_chamber,climate_consensus,158,139,0.0288,880,complete,continuous,T2c_H_echo_chamber_science_journalist_2026-09-19_04-45-58
T2c_H_echo_chamber_science_journalist,echo_chamber,polar_bears,1,0,,880,complete,continuous,T2c_H_echo_chamber_science_journalist_2026-09-19_04-45-58
T2c_H_polarized_biodiversity_food_security,polarized,scopex_2017,137,122,0.373,918,complete,continuous,T2c_H_polarized_biodiversity_food_security_2026-09-19_04-36-59
T2c_H_polarized_biodiversity_food_security,polarized,chemtrails_gates_2018_2021,1,0,,918,complete,continuous,T2c_H_polarized_biodiversity_food_security_2026-09-19_04-36-59
T2c_H_polarized_biodiversity_food_security,polarized,sai_geoengineering,144,124,0.225,918,complete,continuous,T2c_H_polarized_biodiversity_food_security_2026-09-19_04-36-59
T2c_H_polarized_biodiversity_food_security,polarized,paris_agreement,128,102,0.0098,918,complete,continuous,T2c_H_polarized_biodiversity_food_security_2026-09-19_04-36-59
T2c_H_polarized_biodiversity_food_security,polarized,climate_consensus,138,114,0.2474,918,complete,continuous,T2c_H_polarized_biodiversity_food_security_2026-09-19_04-36-59
T2c_H_polarized_biodiversity_food_security,polarized,polar_bears,141,117,0.0,918,complete,continuous,T2c_H_polarized_biodiversity_food_security_2026-09-19_04-36-59
T2c_H_polarized_climate_action_advocate,polarized,scopex_2017,143,8,0.0,37,complete,continuous,T2c_H_polarized_climate_action_advocate_2026-09-19_04-30-42
T2c_H_polarized_climate_action_advocate,polarized,chemtrails_gates_2018_2021,1,0,,37,complete,continuous,T2c_H_polarized_climate_action_advocate_2026-09-19_04-30-42
T2c_H_polarized_climate_action_advocate,polarized,sai_geoengineering,125,3,0.0,37,complete,continuous,T2c_H_polarized_climate_action_advocate_2026-09-19_04-30-42
T2c_H_polarized_climate_action_advocate,polarized,paris_agreement,138,4,0.0,37,complete,continuous,T2c_H_polarized_climate_action_advocate_2026-09-19_04-30-42
T2c_H_polarized_climate_action_advocate,polarized,climate_consensus,130,5,0.0,37,complete,continuous,T2c_H_polarized_climate_action_advocate_2026-09-19_04-30-42
T2c_H_polarized_climate_action_advocate,polarized,polar_bears,135,4,0.0,37,complete,continuous,T2c_H_polarized_climate_action_advocate_2026-09-19_04-30-42
T2c_H_polarized_climate_justice_youth,polarized,scopex_2017,142,6,0.0,382,complete,continuous,T2c_H_polarized_climate_justice_youth_2026-09-19_04-30-49
T2c_H_polarized_climate_justice_youth,polarized,chemtrails_gates_2018_2021,132,7,0.0,382,complete,continuous,T2c_H_polarized_climate_justice_youth_2026-09-19_04-30-49
T2c_H_polarized_climate_justice_youth,polarized,sai_geoengineering,97,2,0.0,382,complete,continuous,T2c_H_polarized_climate_justice_youth_2026-09-19_04-30-49
T2c_H_polarized_climate_justice_youth,polarized,paris_agreement,142,109,0.0413,382,complete,continuous,T2c_H_polarized_climate_justice_youth_2026-09-19_04-30-49
T2c_H_polarized_climate_justice_youth,polarized,climate_consensus,125,109,0.0,382,complete,continuous,T2c_H_polarized_climate_justice_youth_2026-09-19_04-30-49
T2c_H_polarized_climate_justice_youth,polarized,polar_bears,142,125,0.0,382,complete,continuous,T2c_H_polarized_climate_justice_youth_2026-09-19_04-30-49
T2c_H_polarized_climate_scientist,polarized,scopex_2017,142,125,0.016,920,complete,continuous,T2c_H_polarized_climate_scientist_2026-09-19_04-42-33
T2c_H_polarized_climate_scientist,polarized,chemtrails_gates_2018_2021,145,126,0.0159,920,complete,continuous,T2c_H_polarized_climate_scientist_2026-09-19_04-42-33
T2c_H_polarized_climate_scientist,polarized,sai_geoengineering,1,0,,920,complete,continuous,T2c_H_polarized_climate_scientist_2026-09-19_04-42-33
T2c_H_polarized_climate_scientist,polarized,paris_agreement,140,121,0.0124,920,complete,continuous,T2c_H_polarized_climate_scientist_2026-09-19_04-42-33
T2c_H_polarized_climate_scientist,polarized,climate_consensus,142,119,0.0,920,complete,continuous,T2c_H_polarized_climate_scientist_2026-09-19_04-42-33
T2c_H_polarized_climate_scientist,polarized,polar_bears,96,75,0.0,920,complete,continuous,T2c_H_polarized_climate_scientist_2026-09-19_04-42-33
T2c_H_polarized_conspiracy_believer,polarized,scopex_2017,118,75,2.7867,460,complete,continuous,T2c_H_polarized_conspiracy_believer_2026-09-19_04-17-42
T2c_H_polarized_conspiracy_believer,polarized,chemtrails_gates_2018_2021,1,0,,460,complete,continuous,T2c_H_polarized_conspiracy_believer_2026-09-19_04-17-42
T2c_H_polarized_conspiracy_believer,polarized,sai_geoengineering,129,18,0.2222,460,complete,continuous,T2c_H_polarized_conspiracy_believer_2026-09-19_04-17-42
T2c_H_polarized_conspiracy_believer,polarized,paris_agreement,135,10,4.6,460,complete,continuous,T2c_H_polarized_conspiracy_believer_2026-09-19_04-17-42
T2c_H_polarized_conspiracy_believer,polarized,climate_consensus,144,2,5.0,460,complete,continuous,T2c_H_polarized_conspiracy_believer_2026-09-19_04-17-42
T2c_H_polarized_conspiracy_believer,polarized,polar_bears,145,8,0.0,460,complete,continuous,T2c_H_polarized_conspiracy_believer_2026-09-19_04-17-42
T2c_H_polarized_conspiracy_climate_piggyback,polarized,scopex_2017,120,65,2.5846,402,complete,continuous,T2c_H_polarized_conspiracy_climate_piggyback_2026-09-19_04-17-42
T2c_H_polarized_conspiracy_climate_piggyback,polarized,chemtrails_gates_2018_2021,126,11,3.0455,402,complete,continuous,T2c_H_polarized_conspiracy_climate_piggyback_2026-09-19_04-17-42
T2c_H_polarized_conspiracy_climate_piggyback,polarized,sai_geoengineering,1,0,,402,complete,continuous,T2c_H_polarized_conspiracy_climate_piggyback_2026-09-19_04-17-42
T2c_H_polarized_conspiracy_climate_piggyback,polarized,paris_agreement,134,13,2.7615,402,complete,continuous,T2c_H_polarized_conspiracy_climate_piggyback_2026-09-19_04-17-42
T2c_H_polarized_conspiracy_climate_piggyback,polarized,climate_consensus,131,0,,402,complete,continuous,T2c_H_polarized_conspiracy_climate_piggyback_2026-09-19_04-17-42
T2c_H_polarized_conspiracy_climate_piggyback,polarized,polar_bears,110,6,0.0,402,complete,continuous,T2c_H_polarized_conspiracy_climate_piggyback_2026-09-19_04-17-42
T2c_H_polarized_conspiracy_depopulation,polarized,scopex_2017,142,3,2.0,387,complete,continuous,T2c_H_polarized_conspiracy_depopulation_2026-09-19_04-17-42
T2c_H_polarized_conspiracy_depopulation,polarized,chemtrails_gates_2018_2021,144,8,3.8125,387,complete,continuous,T2c_H_polarized_conspiracy_depopulation_2026-09-19_04-17-42
T2c_H_polarized_conspiracy_depopulation,polarized,sai_geoengineering,140,4,0.125,387,complete,continuous,T2c_H_polarized_conspiracy_depopulation_2026-09-19_04-17-42
T2c_H_polarized_conspiracy_depopulation,polarized,paris_agreement,138,4,4.75,387,complete,continuous,T2c_H_polarized_conspiracy_depopulation_2026-09-19_04-17-42
T2c_H_polarized_conspiracy_depopulation,polarized,climate_consensus,139,8,4.75,387,complete,continuous,T2c_H_polarized_conspiracy_depopulation_2026-09-19_04-17-42
T2c_H_polarized_conspiracy_depopulation,polarized,polar_bears,103,3,0.0,387,complete,continuous,T2c_H_polarized_conspiracy_depopulation_2026-09-19_04-17-42
T2c_H_polarized_conspiracy_haarp_weather,polarized,scopex_2017,140,4,2.425,411,complete,continuous,T2c_H_polarized_conspiracy_haarp_weather_2026-09-19_04-17-42
T2c_H_polarized_conspiracy_haarp_weather,polarized,chemtrails_gates_2018_2021,125,5,3.3,411,complete,continuous,T2c_H_polarized_conspiracy_haarp_weather_2026-09-19_04-17-42
T2c_H_polarized_conspiracy_haarp_weather,polarized,sai_geoengineering,141,3,1.0,411,complete,continuous,T2c_H_polarized_conspiracy_haarp_weather_2026-09-19_04-17-42
T2c_H_polarized_conspiracy_haarp_weather,polarized,paris_agreement,125,4,4.025,411,complete,continuous,T2c_H_polarized_conspiracy_haarp_weather_2026-09-19_04-17-42
T2c_H_polarized_conspiracy_haarp_weather,polarized,climate_consensus,142,5,4.8,411,complete,continuous,T2c_H_polarized_conspiracy_haarp_weather_2026-09-19_04-17-42
T2c_H_polarized_conspiracy_haarp_weather,polarized,polar_bears,145,6,0.0833,411,complete,continuous,T2c_H_polarized_conspiracy_haarp_weather_2026-09-19_04-17-42
T2c_H_polarized_environmental_concern,polarized,scopex_2017,142,115,0.0,764,complete,continuous,T2c_H_polarized_environmental_concern_2026-09-19_04-31-45
T2c_H_polarized_environmental_concern,polarized,chemtrails_gates_2018_2021,145,126,0.0952,764,complete,continuous,T2c_H_polarized_environmental_concern_2026-09-19_04-31-45
T2c_H_polarized_environmental_concern,polarized,sai_geoengineering,141,122,0.0,764,complete,continuous,T2c_H_polarized_environmental_concern_2026-09-19_04-31-45
T2c_H_polarized_environmental_concern,polarized,paris_agreement,109,94,0.0319,764,complete,continuous,T2c_H_polarized_environmental_concern_2026-09-19_04-31-45
T2c_H_polarized_environmental_concern,polarized,climate_consensus,138,119,0.0,764,complete,continuous,T2c_H_polarized_environmental_concern_2026-09-19_04-31-45
T2c_H_polarized_environmental_concern,polarized,polar_bears,138,111,0.0,764,complete,continuous,T2c_H_polarized_environmental_concern_2026-09-19_04-31-45
T2c_H_polarized_mitigation_first_policy,polarized,scopex_2017,136,118,0.0,727,complete,continuous,T2c_H_polarized_mitigation_first_policy_2026-09-19_04-31-35
T2c_H_polarized_mitigation_first_policy,polarized,chemtrails_gates_2018_2021,130,109,0.0,727,complete,continuous,T2c_H_polarized_mitigation_first_policy_2026-09-19_04-31-35
T2c_H_polarized_mitigation_first_policy,polarized,sai_geoengineering,75,67,0.0,727,complete,continuous,T2c_H_polarized_mitigation_first_policy_2026-09-19_04-31-35
T2c_H_polarized_mitigation_first_policy,polarized,paris_agreement,131,103,0.0049,727,complete,continuous,T2c_H_polarized_mitigation_first_policy_2026-09-19_04-31-35
T2c_H_polarized_mitigation_first_policy,polarized,climate_consensus,144,126,0.0,727,complete,continuous,T2c_H_polarized_mitigation_first_policy_2026-09-19_04-31-35
T2c_H_polarized_mitigation_first_policy,polarized,polar_bears,145,123,0.0,727,complete,continuous,T2c_H_polarized_mitigation_first_policy_2026-09-19_04-31-35
T2c_H_polarized_ozone_stratosphere_specialist,polarized,scopex_2017,144,126,0.0,1061,complete,continuous,T2c_H_polarized_ozone_stratosphere_specialist_2026-09-19_04-32-52
T2c_H_polarized_ozone_stratosphere_specialist,polarized,chemtrails_gates_2018_2021,118,104,0.851,1061,complete,continuous,T2c_H_polarized_ozone_stratosphere_specialist_2026-09-19_04-32-52
T2c_H_polarized_ozone_stratosphere_specialist,polarized,sai_geoengineering,107,95,0.0105,1061,complete,continuous,T2c_H_polarized_ozone_stratosphere_specialist_2026-09-19_04-32-52
T2c_H_polarized_ozone_stratosphere_specialist,polarized,paris_agreement,140,112,0.192,1061,complete,continuous,T2c_H_polarized_ozone_stratosphere_specialist_2026-09-19_04-32-52
T2c_H_polarized_ozone_stratosphere_specialist,polarized,climate_consensus,143,120,0.0,1061,complete,continuous,T2c_H_polarized_ozone_stratosphere_specialist_2026-09-19_04-32-52
T2c_H_polarized_ozone_stratosphere_specialist,polarized,polar_bears,144,124,0.0,1061,complete,continuous,T2c_H_polarized_ozone_stratosphere_specialist_2026-09-19_04-32-52
T2c_H_polarized_science_journalist,polarized,scopex_2017,89,74,0.0,859,complete,continuous,T2c_H_polarized_science_journalist_2026-09-19_04-43-11
T2c_H_polarized_science_journalist,polarized,chemtrails_gates_2018_2021,136,115,0.0365,859,complete,continuous,T2c_H_polarized_science_journalist_2026-09-19_04-43-11
T2c_H_polarized_science_journalist,polarized,sai_geoengineering,3,1,0.0,859,complete,continuous,T2c_H_polarized_science_journalist_2026-09-19_04-43-11
T2c_H_polarized_science_journalist,polarized,paris_agreement,142,121,0.0785,859,complete,continuous,T2c_H_polarized_science_journalist_2026-09-19_04-43-11
T2c_H_polarized_science_journalist,polarized,climate_consensus,140,122,0.0041,859,complete,continuous,T2c_H_polarized_science_journalist_2026-09-19_04-43-11
T2c_H_polarized_science_journalist,polarized,polar_bears,143,121,0.0,859,complete,continuous,T2c_H_polarized_science_journalist_2026-09-19_04-43-11
T2c_H_hierarchical_biodiversity_food_security,hierarchical,scopex_2017,83,3,0.0,45,complete,continuous,T2c_H_hierarchical_biodiversity_food_security_2026-09-19_04-31-12
T2c_H_hierarchical_biodiversity_food_security,hierarchical,chemtrails_gates_2018_2021,78,3,0.0,45,complete,continuous,T2c_H_hierarchical_biodiversity_food_security_2026-09-19_04-31-12
T2c_H_hierarchical_biodiversity_food_security,hierarchical,sai_geoengineering,1,0,,45,complete,continuous,T2c_H_hierarchical_biodiversity_food_security_2026-09-19_04-31-12
T2c_H_hierarchical_biodiversity_food_security,hierarchical,paris_agreement,77,5,0.0,45,complete,continuous,T2c_H_hierarchical_biodiversity_food_security_2026-09-19_04-31-12
T2c_H_hierarchical_biodiversity_food_security,hierarchical,climate_consensus,82,4,0.0,45,complete,continuous,T2c_H_hierarchical_biodiversity_food_security_2026-09-19_04-31-12
T2c_H_hierarchical_biodiversity_food_security,hierarchical,polar_bears,79,10,0.0,45,complete,continuous,T2c_H_hierarchical_biodiversity_food_security_2026-09-19_04-31-12
T2c_H_hierarchical_climate_action_advocate,hierarchical,scopex_2017,71,0,,143,complete,continuous,T2c_H_hierarchical_climate_action_advocate_2026-09-19_04-26-01
T2c_H_hierarchical_climate_action_advocate,hierarchical,chemtrails_gates_2018_2021,64,3,1.0,143,complete,continuous,T2c_H_hierarchical_climate_action_advocate_2026-09-19_04-26-01
T2c_H_hierarchical_climate_action_advocate,hierarchical,sai_geoengineering,75,6,0.3333,143,complete,continuous,T2c_H_hierarchical_climate_action_advocate_2026-09-19_04-26-01
T2c_H_hierarchical_climate_action_advocate,hierarchical,paris_agreement,75,0,,143,complete,continuous,T2c_H_hierarchical_climate_action_advocate_2026-09-19_04-26-01
T2c_H_hierarchical_climate_action_advocate,hierarchical,climate_consensus,72,1,0.0,143,complete,continuous,T2c_H_hierarchical_climate_action_advocate_2026-09-19_04-26-01
T2c_H_hierarchical_climate_action_advocate,hierarchical,polar_bears,79,5,0.0,143,complete,continuous,T2c_H_hierarchical_climate_action_advocate_2026-09-19_04-26-01
T2c_H_hierarchical_climate_justice_youth,hierarchical,scopex_2017,78,0,,119,complete,continuous,T2c_H_hierarchical_climate_justice_youth_2026-09-19_04-26-51
T2c_H_hierarchical_climate_justice_youth,hierarchical,chemtrails_gates_2018_2021,83,5,1.0,119,complete,continuous,T2c_H_hierarchical_climate_justice_youth_2026-09-19_04-26-51
T2c_H_hierarchical_climate_justice_youth,hierarchical,sai_geoengineering,77,4,0.25,119,complete,continuous,T2c_H_hierarchical_climate_justice_youth_2026-09-19_04-26-51
T2c_H_hierarchical_climate_justice_youth,hierarchical,paris_agreement,69,0,,119,complete,continuous,T2c_H_hierarchical_climate_justice_youth_2026-09-19_04-26-51
T2c_H_hierarchical_climate_justice_youth,hierarchical,climate_consensus,83,4,0.0,119,complete,continuous,T2c_H_hierarchical_climate_justice_youth_2026-09-19_04-26-51
T2c_H_hierarchical_climate_justice_youth,hierarchical,polar_bears,76,4,0.0,119,complete,continuous,T2c_H_hierarchical_climate_justice_youth_2026-09-19_04-26-51
T2c_H_hierarchical_climate_scientist,hierarchical,scopex_2017,77,3,0.0,30,complete,continuous,T2c_H_hierarchical_climate_scientist_2026-09-19_04-31-18
T2c_H_hierarchical_climate_scientist,hierarchical,chemtrails_gates_2018_2021,76,1,0.0,30,complete,continuous,T2c_H_hierarchical_climate_scientist_2026-09-19_04-31-18
T2c_H_hierarchical_climate_scientist,hierarchical,sai_geoengineering,1,0,,30,complete,continuous,T2c_H_hierarchical_climate_scientist_2026-09-19_04-31-18
T2c_H_hierarchical_climate_scientist,hierarchical,paris_agreement,74,4,0.0,30,complete,continuous,T2c_H_hierarchical_climate_scientist_2026-09-19_04-31-18
T2c_H_hierarchical_climate_scientist,hierarchical,climate_consensus,1,0,,30,complete,continuous,T2c_H_hierarchical_climate_scientist_2026-09-19_04-31-18
T2c_H_hierarchical_climate_scientist,hierarchical,polar_bears,76,2,0.0,30,complete,continuous,T2c_H_hierarchical_climate_scientist_2026-09-19_04-31-18
T2c_H_hierarchical_conspiracy_believer,hierarchical,scopex_2017,64,54,2.3333,553,complete,continuous,T2c_H_hierarchical_conspiracy_believer_2026-09-19_04-17-53
T2c_H_hierarchical_conspiracy_believer,hierarchical,chemtrails_gates_2018_2021,74,62,3.6468,553,complete,continuous,T2c_H_hierarchical_conspiracy_believer_2026-09-19_04-17-53
T2c_H_hierarchical_conspiracy_believer,hierarchical,sai_geoengineering,65,47,1.6064,553,complete,continuous,T2c_H_hierarchical_conspiracy_believer_2026-09-19_04-17-53
T2c_H_hierarchical_conspiracy_believer,hierarchical,paris_agreement,76,66,4.2909,553,complete,continuous,T2c_H_hierarchical_conspiracy_believer_2026-09-19_04-17-53
T2c_H_hierarchical_conspiracy_believer,hierarchical,climate_consensus,61,53,4.9057,553,complete,continuous,T2c_H_hierarchical_conspiracy_believer_2026-09-19_04-17-53
T2c_H_hierarchical_conspiracy_believer,hierarchical,polar_bears,80,69,0.3188,553,complete,continuous,T2c_H_hierarchical_conspiracy_believer_2026-09-19_04-17-53
T2c_H_hierarchical_conspiracy_climate_piggyback,hierarchical,scopex_2017,60,45,1.9778,435,complete,continuous,T2c_H_hierarchical_conspiracy_climate_piggyback_2026-09-19_04-17-53
T2c_H_hierarchical_conspiracy_climate_piggyback,hierarchical,chemtrails_gates_2018_2021,62,50,3.324,435,complete,continuous,T2c_H_hierarchical_conspiracy_climate_piggyback_2026-09-19_04-17-53
T2c_H_hierarchical_conspiracy_climate_piggyback,hierarchical,sai_geoengineering,75,64,0.1172,435,complete,continuous,T2c_H_hierarchical_conspiracy_climate_piggyback_2026-09-19_04-17-53
T2c_H_hierarchical_conspiracy_climate_piggyback,hierarchical,paris_agreement,75,59,3.0729,435,complete,continuous,T2c_H_hierarchical_conspiracy_climate_piggyback_2026-09-19_04-17-53
T2c_H_hierarchical_conspiracy_climate_piggyback,hierarchical,climate_consensus,1,0,,435,complete,continuous,T2c_H_hierarchical_conspiracy_climate_piggyback_2026-09-19_04-17-53
T2c_H_hierarchical_conspiracy_climate_piggyback,hierarchical,polar_bears,75,64,0.0,435,complete,continuous,T2c_H_hierarchical_conspiracy_climate_piggyback_2026-09-19_04-17-53
T2c_H_hierarchical_conspiracy_depopulation,hierarchical,scopex_2017,73,57,2.0351,504,complete,continuous,T2c_H_hierarchical_conspiracy_depopulation_2026-09-19_04-17-53
T2c_H_hierarchical_conspiracy_depopulation,hierarchical,chemtrails_gates_2018_2021,1,0,,504,complete,continuous,T2c_H_hierarchical_conspiracy_depopulation_2026-09-19_04-17-53
T2c_H_hierarchical_conspiracy_depopulation,hierarchical,sai_geoengineering,71,57,0.2807,504,complete,continuous,T2c_H_hierarchical_conspiracy_depopulation_2026-09-19_04-17-53
T2c_H_hierarchical_conspiracy_depopulation,hierarchical,paris_agreement,73,63,2.6556,504,complete,continuous,T2c_H_hierarchical_conspiracy_depopulation_2026-09-19_04-17-53
T2c_H_hierarchical_conspiracy_depopulation,hierarchical,climate_consensus,80,72,4.1583,504,complete,continuous,T2c_H_hierarchical_conspiracy_depopulation_2026-09-19_04-17-53
T2c_H_hierarchical_conspiracy_depopulation,hierarchical,polar_bears,80,67,0.0149,504,complete,continuous,T2c_H_hierarchical_conspiracy_depopulation_2026-09-19_04-17-53
T2c_H_hierarchical_conspiracy_haarp_weather,hierarchical,scopex_2017,74,61,2.5016,410,complete,continuous,T2c_H_hierarchical_conspiracy_haarp_weather_2026-09-19_04-17-53
T2c_H_hierarchical_conspiracy_haarp_weather,hierarchical,chemtrails_gates_2018_2021,1,0,,410,complete,continuous,T2c_H_hierarchical_conspiracy_haarp_weather_2026-09-19_04-17-53
T2c_H_hierarchical_conspiracy_haarp_weather,hierarchical,sai_geoengineering,73,58,1.5207,410,complete,continuous,T2c_H_hierarchical_conspiracy_haarp_weather_2026-09-19_04-17-53
T2c_H_hierarchical_conspiracy_haarp_weather,hierarchical,paris_agreement,81,73,3.7808,410,complete,continuous,T2c_H_hierarchical_conspiracy_haarp_weather_2026-09-19_04-17-53
T2c_H_hierarchical_conspiracy_haarp_weather,hierarchical,climate_consensus,4,1,0.0,410,complete,continuous,T2c_H_hierarchical_conspiracy_haarp_weather_2026-09-19_04-17-53
T2c_H_hierarchical_conspiracy_haarp_weather,hierarchical,polar_bears,75,62,0.0,410,complete,continuous,T2c_H_hierarchical_conspiracy_haarp_weather_2026-09-19_04-17-53
T2c_H_hierarchical_environmental_concern,hierarchical,scopex_2017,82,2,0.0,67,complete,continuous,T2c_H_hierarchical_environmental_concern_2026-09-19_04-28-19
T2c_H_hierarchical_environmental_concern,hierarchical,chemtrails_gates_2018_2021,64,0,,67,complete,continuous,T2c_H_hierarchical_environmental_concern_2026-09-19_04-28-19
T2c_H_hierarchical_environmental_concern,hierarchical,sai_geoengineering,66,4,0.0,67,complete,continuous,T2c_H_hierarchical_environmental_concern_2026-09-19_04-28-19
T2c_H_hierarchical_environmental_concern,hierarchical,paris_agreement,77,4,0.0,67,complete,continuous,T2c_H_hierarchical_environmental_concern_2026-09-19_04-28-19
T2c_H_hierarchical_environmental_concern,hierarchical,climate_consensus,80,2,0.0,67,complete,continuous,T2c_H_hierarchical_environmental_concern_2026-09-19_04-28-19
T2c_H_hierarchical_environmental_concern,hierarchical,polar_bears,80,4,0.0,67,complete,continuous,T2c_H_hierarchical_environmental_concern_2026-09-19_04-28-19
T2c_H_hierarchical_mitigation_first_policy,hierarchical,scopex_2017,74,5,0.0,72,complete,continuous,T2c_H_hierarchical_mitigation_first_policy_2026-09-19_04-28-02
T2c_H_hierarchical_mitigation_first_policy,hierarchical,chemtrails_gates_2018_2021,81,0,,72,complete,continuous,T2c_H_hierarchical_mitigation_first_policy_2026-09-19_04-28-02
T2c_H_hierarchical_mitigation_first_policy,hierarchical,sai_geoengineering,82,1,0.0,72,complete,continuous,T2c_H_hierarchical_mitigation_first_policy_2026-09-19_04-28-02
T2c_H_hierarchical_mitigation_first_policy,hierarchical,paris_agreement,68,3,0.3333,72,complete,continuous,T2c_H_hierarchical_mitigation_first_policy_2026-09-19_04-28-02
T2c_H_hierarchical_mitigation_first_policy,hierarchical,climate_consensus,75,1,0.0,72,complete,continuous,T2c_H_hierarchical_mitigation_first_policy_2026-09-19_04-28-02
T2c_H_hierarchical_mitigation_first_policy,hierarchical,polar_bears,76,3,0.0,72,complete,continuous,T2c_H_hierarchical_mitigation_first_policy_2026-09-19_04-28-02
T2c_H_hierarchical_ozone_stratosphere_specialist,hierarchical,scopex_2017,43,0,,30,complete,continuous,T2c_H_hierarchical_ozone_stratosphere_specialist_2026-09-19_04-31-07
T2c_H_hierarchical_ozone_stratosphere_specialist,hierarchical,chemtrails_gates_2018_2021,66,2,0.0,30,complete,continuous,T2c_H_hierarchical_ozone_stratosphere_specialist_2026-09-19_04-31-07
T2c_H_hierarchical_ozone_stratosphere_specialist,hierarchical,sai_geoengineering,81,4,0.0,30,complete,continuous,T2c_H_hierarchical_ozone_stratosphere_specialist_2026-09-19_04-31-07
T2c_H_hierarchical_ozone_stratosphere_specialist,hierarchical,paris_agreement,82,1,0.0,30,complete,continuous,T2c_H_hierarchical_ozone_stratosphere_specialist_2026-09-19_04-31-07
T2c_H_hierarchical_ozone_stratosphere_specialist,hierarchical,climate_consensus,74,6,0.0,30,complete,continuous,T2c_H_hierarchical_ozone_stratosphere_specialist_2026-09-19_04-31-07
T2c_H_hierarchical_ozone_stratosphere_specialist,hierarchical,polar_bears,67,1,0.0,30,complete,continuous,T2c_H_hierarchical_ozone_stratosphere_specialist_2026-09-19_04-31-07
T2c_H_hierarchical_science_journalist,hierarchical,scopex_2017,75,3,0.0,220,complete,continuous,T2c_H_hierarchical_science_journalist_2026-09-19_04-31-27
T2c_H_hierarchical_science_journalist,hierarchical,chemtrails_gates_2018_2021,77,3,0.0,220,complete,continuous,T2c_H_hierarchical_science_journalist_2026-09-19_04-31-27
T2c_H_hierarchical_science_journalist,hierarchical,sai_geoengineering,76,3,0.0,220,complete,continuous,T2c_H_hierarchical_science_journalist_2026-09-19_04-31-27
T2c_H_hierarchical_science_journalist,hierarchical,paris_agreement,65,41,0.0488,220,complete,continuous,T2c_H_hierarchical_science_journalist_2026-09-19_04-31-27
T2c_H_hierarchical_science_journalist,hierarchical,climate_consensus,81,72,0.0,220,complete,continuous,T2c_H_hierarchical_science_journalist_2026-09-19_04-31-27
T2c_H_hierarchical_science_journalist,hierarchical,polar_bears,85,75,0.0,220,complete,continuous,T2c_H_hierarchical_science_journalist_2026-09-19_04-31-27
