experimentName,articleId,topology,meanDualGap,meanAgreement,meanDiscreteMI,meanContinuousMI
T2d_H_echo_chamber_biodiversity_food_security,scopex_2017,echo_chamber,,,,
T2d_H_echo_chamber_biodiversity_food_security,chemtrails_gates_2018_2021,echo_chamber,1,1,2,1
T2d_H_echo_chamber_biodiversity_food_security,sai_geoengineering,echo_chamber,1.0556,0.6021,1.0794,0.0238
T2d_H_echo_chamber_biodiversity_food_security,paris_agreement,echo_chamber,,,,
T2d_H_echo_chamber_biodiversity_food_security,climate_consensus,echo_chamber,1.5392,0.7503,1.9392,0.4338
T2d_H_echo_chamber_biodiversity_food_security,polar_bears,echo_chamber,0.609,,0.609,0
T2d_H_echo_chamber_climate_action_advocate,scopex_2017,echo_chamber,0.8014,0.375,0.8085,0.0071
T2d_H_echo_chamber_climate_action_advocate,chemtrails_gates_2018_2021,echo_chamber,,,,
T2d_H_echo_chamber_climate_action_advocate,sai_geoengineering,echo_chamber,2.0812,0.5982,2.7863,0.7308
T2d_H_echo_chamber_climate_action_advocate,paris_agreement,echo_chamber,0.0735,,0.0735,0
T2d_H_echo_chamber_climate_action_advocate,climate_consensus,echo_chamber,1.1589,0.7416,1.186,0.0426
T2d_H_echo_chamber_climate_action_advocate,polar_bears,echo_chamber,1.0966,,1.0966,0
T2d_H_echo_chamber_climate_justice_youth,scopex_2017,echo_chamber,2.292,0.5521,2.6788,0.4307
T2d_H_echo_chamber_climate_justice_youth,chemtrails_gates_2018_2021,echo_chamber,0.9161,0.9725,1.7483,0.8322
T2d_H_echo_chamber_climate_justice_youth,sai_geoengineering,echo_chamber,1.094,1,1.0977,0.0038
T2d_H_echo_chamber_climate_justice_youth,paris_agreement,echo_chamber,0.2748,,0.2748,0
T2d_H_echo_chamber_climate_justice_youth,climate_consensus,echo_chamber,1.6707,0.8938,1.9593,0.3049
T2d_H_echo_chamber_climate_justice_youth,polar_bears,echo_chamber,1.1259,0.6512,1.1888,0.0699
T2d_H_echo_chamber_climate_scientist,scopex_2017,echo_chamber,0.007,,0.007,0
T2d_H_echo_chamber_climate_scientist,chemtrails_gates_2018_2021,echo_chamber,0.0164,,0.0149,0.0015
T2d_H_echo_chamber_climate_scientist,sai_geoengineering,echo_chamber,1.0448,,1.0448,0
T2d_H_echo_chamber_climate_scientist,paris_agreement,echo_chamber,,,,
T2d_H_echo_chamber_climate_scientist,climate_consensus,echo_chamber,0.7333,,0.7333,0
T2d_H_echo_chamber_climate_scientist,polar_bears,echo_chamber,1.6324,,1.6324,0
T2d_H_echo_chamber_conspiracy_believer,scopex_2017,echo_chamber,2.2951,0.2265,4.1111,1.9688
T2d_H_echo_chamber_conspiracy_believer,chemtrails_gates_2018_2021,echo_chamber,,,,
T2d_H_echo_chamber_conspiracy_believer,sai_geoengineering,echo_chamber,1.5263,0.5468,2.3534,1.2406
T2d_H_echo_chamber_conspiracy_believer,paris_agreement,echo_chamber,0.577,-0.0797,4.5159,4.2325
T2d_H_echo_chamber_conspiracy_believer,climate_consensus,echo_chamber,0.0075,,4.9925,5
T2d_H_echo_chamber_conspiracy_believer,polar_bears,echo_chamber,0.8405,,1.3103,0.4698
T2d_H_echo_chamber_conspiracy_climate_piggyback,scopex_2017,echo_chamber,1.0376,0.5582,1.2707,0.5113
T2d_H_echo_chamber_conspiracy_climate_piggyback,chemtrails_gates_2018_2021,echo_chamber,1.0065,0.7872,3.6471,2.7516
T2d_H_echo_chamber_conspiracy_climate_piggyback,sai_geoengineering,echo_chamber,1.4987,0.5425,2.4631,1.1523
T2d_H_echo_chamber_conspiracy_climate_piggyback,paris_agreement,echo_chamber,0.9832,0.579,2.5035,1.8685
T2d_H_echo_chamber_conspiracy_climate_piggyback,climate_consensus,echo_chamber,0.0859,0.7889,4.7344,4.7266
T2d_H_echo_chamber_conspiracy_climate_piggyback,polar_bears,echo_chamber,0.386,0.6124,0.3897,0.0037
T2d_H_echo_chamber_conspiracy_depopulation,scopex_2017,echo_chamber,1.8701,0.0056,3.4488,1.9205
T2d_H_echo_chamber_conspiracy_depopulation,chemtrails_gates_2018_2021,echo_chamber,1.1846,0.6827,4.9371,3.7594
T2d_H_echo_chamber_conspiracy_depopulation,sai_geoengineering,echo_chamber,1.0741,0.5294,1.0963,0.1363
T2d_H_echo_chamber_conspiracy_depopulation,paris_agreement,echo_chamber,1.3566,-0.205,4.4476,3.5944
T2d_H_echo_chamber_conspiracy_depopulation,climate_consensus,echo_chamber,0.1295,1,5,4.8705
T2d_H_echo_chamber_conspiracy_depopulation,polar_bears,echo_chamber,0.9094,0.25,0.913,0.0036
T2d_H_echo_chamber_conspiracy_haarp_weather,scopex_2017,echo_chamber,1.5792,0.2138,3.9931,2.8986
T2d_H_echo_chamber_conspiracy_haarp_weather,chemtrails_gates_2018_2021,echo_chamber,0.8721,0.6347,4.625,3.7721
T2d_H_echo_chamber_conspiracy_haarp_weather,sai_geoengineering,echo_chamber,1.5106,0.4495,1.9574,0.5248
T2d_H_echo_chamber_conspiracy_haarp_weather,paris_agreement,echo_chamber,1.3527,0.3256,3.814,2.7744
T2d_H_echo_chamber_conspiracy_haarp_weather,climate_consensus,echo_chamber,0.0172,1,5,4.9828
T2d_H_echo_chamber_conspiracy_haarp_weather,polar_bears,echo_chamber,0.5429,,0.5429,0
T2d_H_echo_chamber_environmental_concern,scopex_2017,echo_chamber,0.1596,1,0.1773,0.0319
T2d_H_echo_chamber_environmental_concern,chemtrails_gates_2018_2021,echo_chamber,1.0858,0.8538,1.875,0.7892
T2d_H_echo_chamber_environmental_concern,sai_geoengineering,echo_chamber,,,,
T2d_H_echo_chamber_environmental_concern,paris_agreement,echo_chamber,0.3929,0.7357,0.4786,0.0857
T2d_H_echo_chamber_environmental_concern,climate_consensus,echo_chamber,0.6213,1,0.625,0.011
T2d_H_echo_chamber_environmental_concern,polar_bears,echo_chamber,1.219,-0.1345,1.2336,0.0365
T2d_H_echo_chamber_mitigation_first_policy,scopex_2017,echo_chamber,0.066,,0.066,0
T2d_H_echo_chamber_mitigation_first_policy,chemtrails_gates_2018_2021,echo_chamber,0.1529,1,0.1691,0.0162
T2d_H_echo_chamber_mitigation_first_policy,sai_geoengineering,echo_chamber,,,,
T2d_H_echo_chamber_mitigation_first_policy,paris_agreement,echo_chamber,1.1488,0.6124,1.1653,0.0165
T2d_H_echo_chamber_mitigation_first_policy,climate_consensus,echo_chamber,0.5808,0.8062,0.5923,0.0115
T2d_H_echo_chamber_mitigation_first_policy,polar_bears,echo_chamber,0.6071,,0.6071,0
T2d_H_echo_chamber_ozone_stratosphere_specialist,scopex_2017,echo_chamber,0.0071,,0.0071,0
T2d_H_echo_chamber_ozone_stratosphere_specialist,chemtrails_gates_2018_2021,echo_chamber,1.0144,0.9639,1.9209,0.9065
T2d_H_echo_chamber_ozone_stratosphere_specialist,sai_geoengineering,echo_chamber,1.0815,1,1.0815,0.0222
T2d_H_echo_chamber_ozone_stratosphere_specialist,paris_agreement,echo_chamber,0.4662,0.5993,0.6615,0.2631
T2d_H_echo_chamber_ozone_stratosphere_specialist,climate_consensus,echo_chamber,,,,
T2d_H_echo_chamber_ozone_stratosphere_specialist,polar_bears,echo_chamber,,,,
T2d_H_echo_chamber_science_journalist,scopex_2017,echo_chamber,0.146,,0.146,0
T2d_H_echo_chamber_science_journalist,chemtrails_gates_2018_2021,echo_chamber,0,,0,0
T2d_H_echo_chamber_science_journalist,sai_geoengineering,echo_chamber,1.0021,0.7245,1.0352,0.0401
T2d_H_echo_chamber_science_journalist,paris_agreement,echo_chamber,0.4359,1,0.4615,0.0256
T2d_H_echo_chamber_science_journalist,climate_consensus,echo_chamber,,,,
T2d_H_echo_chamber_science_journalist,polar_bears,echo_chamber,1.375,,1.375,0
T2d_H_hierarchical_biodiversity_food_security,scopex_2017,hierarchical,0.5263,1,0.5439,0.0175
T2d_H_hierarchical_biodiversity_food_security,chemtrails_gates_2018_2021,hierarchical,0.9429,1,1.8857,0.9429
T2d_H_hierarchical_biodiversity_food_security,sai_geoengineering,hierarchical,0.775,0.5281,0.8333,0.0583
T2d_H_hierarchical_biodiversity_food_security,paris_agreement,hierarchical,0.403,,0.3881,0.0149
T2d_H_hierarchical_biodiversity_food_security,climate_consensus,hierarchical,,,,
T2d_H_hierarchical_biodiversity_food_security,polar_bears,hierarchical,0.8235,,0.8235,0
T2d_H_hierarchical_climate_action_advocate,scopex_2017,hierarchical,0.2903,0.6723,0.4032,0.1129
T2d_H_hierarchical_climate_action_advocate,chemtrails_gates_2018_2021,hierarchical,1,0.9718,1.9298,0.9298
T2d_H_hierarchical_climate_action_advocate,sai_geoengineering,hierarchical,,,,
T2d_H_hierarchical_climate_action_advocate,paris_agreement,hierarchical,0.2,,0.1538,0.0462
T2d_H_hierarchical_climate_action_advocate,climate_consensus,hierarchical,0.7078,0.9031,0.7403,0.0455
T2d_H_hierarchical_climate_action_advocate,polar_bears,hierarchical,,,,
T2d_H_hierarchical_climate_justice_youth,scopex_2017,hierarchical,1.118,0.468,1.2623,0.1836
T2d_H_hierarchical_climate_justice_youth,chemtrails_gates_2018_2021,hierarchical,1,1,2,1
T2d_H_hierarchical_climate_justice_youth,sai_geoengineering,hierarchical,1.3289,0.8027,1.3684,0.0395
T2d_H_hierarchical_climate_justice_youth,paris_agreement,hierarchical,0.1746,,0.1746,0
T2d_H_hierarchical_climate_justice_youth,climate_consensus,hierarchical,1.4577,0.9545,1.6197,0.1901
T2d_H_hierarchical_climate_justice_youth,polar_bears,hierarchical,0.9357,,0.9286,0.0071
T2d_H_hierarchical_climate_scientist,scopex_2017,hierarchical,0,,0,0
T2d_H_hierarchical_climate_scientist,chemtrails_gates_2018_2021,hierarchical,0.093,1,0.186,0.093
T2d_H_hierarchical_climate_scientist,sai_geoengineering,hierarchical,1.5556,,1.5556,0
T2d_H_hierarchical_climate_scientist,paris_agreement,hierarchical,,,,
T2d_H_hierarchical_climate_scientist,climate_consensus,hierarchical,0.6418,,0.6418,0
T2d_H_hierarchical_climate_scientist,polar_bears,hierarchical,1.5,,1.5,0
T2d_H_hierarchical_conspiracy_believer,scopex_2017,hierarchical,1.7183,0.3659,3.5775,1.9437
T2d_H_hierarchical_conspiracy_believer,chemtrails_gates_2018_2021,hierarchical,0.8657,0.8827,3,2.22
T2d_H_hierarchical_conspiracy_believer,sai_geoengineering,hierarchical,1.5397,-0.0908,1.5873,0.1111
T2d_H_hierarchical_conspiracy_believer,paris_agreement,hierarchical,0.4413,0.233,4.6667,4.2653
T2d_H_hierarchical_conspiracy_believer,climate_consensus,hierarchical,0,,5,5
T2d_H_hierarchical_conspiracy_believer,polar_bears,hierarchical,0.9274,,1.129,0.2016
T2d_H_hierarchical_conspiracy_climate_piggyback,scopex_2017,hierarchical,1.44,0.5825,2.5231,1.2677
T2d_H_hierarchical_conspiracy_climate_piggyback,chemtrails_gates_2018_2021,hierarchical,0.9368,0.7624,3.7941,2.9809
T2d_H_hierarchical_conspiracy_climate_piggyback,sai_geoengineering,hierarchical,1.5069,0.4061,1.7778,0.2847
T2d_H_hierarchical_conspiracy_climate_piggyback,paris_agreement,hierarchical,,,,
T2d_H_hierarchical_conspiracy_climate_piggyback,climate_consensus,hierarchical,0.3,0.6973,4.4348,4.5043
T2d_H_hierarchical_conspiracy_climate_piggyback,polar_bears,hierarchical,0.7059,,0.7059,0
T2d_H_hierarchical_conspiracy_depopulation,scopex_2017,hierarchical,1.6691,-0.0022,4.1029,2.6397
T2d_H_hierarchical_conspiracy_depopulation,chemtrails_gates_2018_2021,hierarchical,0.9741,0.6964,4.0517,3.1362
T2d_H_hierarchical_conspiracy_depopulation,sai_geoengineering,hierarchical,,,,
T2d_H_hierarchical_conspiracy_depopulation,paris_agreement,hierarchical,,,,
T2d_H_hierarchical_conspiracy_depopulation,climate_consensus,hierarchical,0.1775,0.6124,4.9437,4.8789
T2d_H_hierarchical_conspiracy_depopulation,polar_bears,hierarchical,,,,
T2d_H_hierarchical_conspiracy_haarp_weather,scopex_2017,hierarchical,1.7342,0.1673,3.6986,2.1836
T2d_H_hierarchical_conspiracy_haarp_weather,chemtrails_gates_2018_2021,hierarchical,1.0273,0.9,3.6667,2.6545
T2d_H_hierarchical_conspiracy_haarp_weather,sai_geoengineering,hierarchical,1.2111,0.5635,1.2667,1.1444
T2d_H_hierarchical_conspiracy_haarp_weather,paris_agreement,hierarchical,1.266,0.4333,3.3,2.114
T2d_H_hierarchical_conspiracy_haarp_weather,climate_consensus,hierarchical,0.1308,,4.9385,4.9308
T2d_H_hierarchical_conspiracy_haarp_weather,polar_bears,hierarchical,0.8295,0.9031,0.8636,0.0568
T2d_H_hierarchical_environmental_concern,scopex_2017,hierarchical,0,,0,0
T2d_H_hierarchical_environmental_concern,chemtrails_gates_2018_2021,hierarchical,0.9831,0.9841,2,1.0169
T2d_H_hierarchical_environmental_concern,sai_geoengineering,hierarchical,1.0377,0.875,1.0377,0.1509
T2d_H_hierarchical_environmental_concern,paris_agreement,hierarchical,0.2609,,0.2609,0
T2d_H_hierarchical_environmental_concern,climate_consensus,hierarchical,0.6587,0.8708,0.6825,0.0556
T2d_H_hierarchical_environmental_concern,polar_bears,hierarchical,0.6275,,0.6275,0
T2d_H_hierarchical_mitigation_first_policy,scopex_2017,hierarchical,0.4655,,0.4655,0
T2d_H_hierarchical_mitigation_first_policy,chemtrails_gates_2018_2021,hierarchical,,,,
T2d_H_hierarchical_mitigation_first_policy,sai_geoengineering,hierarchical,1.24,0.6124,1.24,0.04
T2d_H_hierarchical_mitigation_first_policy,paris_agreement,hierarchical,0.3784,,0.3784,0
T2d_H_hierarchical_mitigation_first_policy,climate_consensus,hierarchical,0.6042,0.6124,0.625,0.0347
T2d_H_hierarchical_mitigation_first_policy,polar_bears,hierarchical,,,,
T2d_H_hierarchical_ozone_stratosphere_specialist,scopex_2017,hierarchical,0.1,1,0.1077,0.0077
T2d_H_hierarchical_ozone_stratosphere_specialist,chemtrails_gates_2018_2021,hierarchical,1.0714,0.8876,2.0143,0.9429
T2d_H_hierarchical_ozone_stratosphere_specialist,sai_geoengineering,hierarchical,0.9667,0.6124,0.9667,0.0667
T2d_H_hierarchical_ozone_stratosphere_specialist,paris_agreement,hierarchical,0.3768,0.6124,0.3913,0.0435
T2d_H_hierarchical_ozone_stratosphere_specialist,climate_consensus,hierarchical,0.9766,0.8062,1,0.0234
T2d_H_hierarchical_ozone_stratosphere_specialist,polar_bears,hierarchical,,,,
T2d_H_hierarchical_science_journalist,scopex_2017,hierarchical,0,,0,0
T2d_H_hierarchical_science_journalist,chemtrails_gates_2018_2021,hierarchical,0.0615,1,0.0769,0.0154
T2d_H_hierarchical_science_journalist,sai_geoengineering,hierarchical,1.2742,0.9186,1.2903,0.0806
T2d_H_hierarchical_science_journalist,paris_agreement,hierarchical,,,,
T2d_H_hierarchical_science_journalist,climate_consensus,hierarchical,,,,
T2d_H_hierarchical_science_journalist,polar_bears,hierarchical,1.0806,0.4177,1.129,0.0806
T2d_H_linear_chain_biodiversity_food_security,scopex_2017,linear_chain,0.625,-0.0153,0.75,0.375
T2d_H_linear_chain_biodiversity_food_security,chemtrails_gates_2018_2021,linear_chain,1.1,0.9359,2,0.9
T2d_H_linear_chain_biodiversity_food_security,sai_geoengineering,linear_chain,0.8333,0.6124,0.8333,0.3333
T2d_H_linear_chain_biodiversity_food_security,paris_agreement,linear_chain,0.375,,0.375,0
T2d_H_linear_chain_biodiversity_food_security,climate_consensus,linear_chain,1.1625,0.7854,1.625,0.4625
T2d_H_linear_chain_biodiversity_food_security,polar_bears,linear_chain,1.5,,1.5,0
T2d_H_linear_chain_climate_action_advocate,scopex_2017,linear_chain,1,,1,0
T2d_H_linear_chain_climate_action_advocate,chemtrails_gates_2018_2021,linear_chain,1,1,2,1
T2d_H_linear_chain_climate_action_advocate,sai_geoengineering,linear_chain,1.375,0.7041,1.5,0.125
T2d_H_linear_chain_climate_action_advocate,paris_agreement,linear_chain,0.125,,0.125,0
T2d_H_linear_chain_climate_action_advocate,climate_consensus,linear_chain,1.1875,0.4082,1.25,0.0625
T2d_H_linear_chain_climate_action_advocate,polar_bears,linear_chain,1.125,,1.125,0
T2d_H_linear_chain_climate_justice_youth,scopex_2017,linear_chain,2.25,0.239,3,0.75
T2d_H_linear_chain_climate_justice_youth,chemtrails_gates_2018_2021,linear_chain,1,1,2,1
T2d_H_linear_chain_climate_justice_youth,sai_geoengineering,linear_chain,1.4375,0.971,1.75,0.3125
T2d_H_linear_chain_climate_justice_youth,paris_agreement,linear_chain,0,,0,0
T2d_H_linear_chain_climate_justice_youth,climate_consensus,linear_chain,0.5,,0.5,0
T2d_H_linear_chain_climate_justice_youth,polar_bears,linear_chain,1,,1,0
T2d_H_linear_chain_climate_scientist,scopex_2017,linear_chain,0.5,,0.5,0
T2d_H_linear_chain_climate_scientist,chemtrails_gates_2018_2021,linear_chain,0,,0,0
T2d_H_linear_chain_climate_scientist,sai_geoengineering,linear_chain,1,,1,0
T2d_H_linear_chain_climate_scientist,paris_agreement,linear_chain,0.5,,0.5,0
T2d_H_linear_chain_climate_scientist,climate_consensus,linear_chain,0.5,,0.5,0
T2d_H_linear_chain_climate_scientist,polar_bears,linear_chain,2,,2,0
T2d_H_linear_chain_conspiracy_believer,scopex_2017,linear_chain,2.5,-0.147,3.75,1.25
T2d_H_linear_chain_conspiracy_believer,chemtrails_gates_2018_2021,linear_chain,0.625,0.5901,3.75,3.375
T2d_H_linear_chain_conspiracy_believer,sai_geoengineering,linear_chain,1.375,,1,0.375
T2d_H_linear_chain_conspiracy_believer,paris_agreement,linear_chain,,,,
T2d_H_linear_chain_conspiracy_believer,climate_consensus,linear_chain,0,,4.375,4.375
T2d_H_linear_chain_conspiracy_believer,polar_bears,linear_chain,0.25,,0.25,0
T2d_H_linear_chain_conspiracy_climate_piggyback,scopex_2017,linear_chain,0,1,1,1
T2d_H_linear_chain_conspiracy_climate_piggyback,chemtrails_gates_2018_2021,linear_chain,1.4375,0.9094,4,2.5625
T2d_H_linear_chain_conspiracy_climate_piggyback,sai_geoengineering,linear_chain,0.875,,0.875,0
T2d_H_linear_chain_conspiracy_climate_piggyback,paris_agreement,linear_chain,0.7625,0.6045,4.5,3.7375
T2d_H_linear_chain_conspiracy_climate_piggyback,climate_consensus,linear_chain,0.5429,0.6735,4.5714,4.1714
T2d_H_linear_chain_conspiracy_climate_piggyback,polar_bears,linear_chain,0.875,,0.875,0
T2d_H_linear_chain_conspiracy_depopulation,scopex_2017,linear_chain,1.5625,0.4941,3.875,2.4375
T2d_H_linear_chain_conspiracy_depopulation,chemtrails_gates_2018_2021,linear_chain,1.0625,0.5064,4.5,3.4375
T2d_H_linear_chain_conspiracy_depopulation,sai_geoengineering,linear_chain,1.8571,0.5407,2.2857,0.4286
T2d_H_linear_chain_conspiracy_depopulation,paris_agreement,linear_chain,,,,
T2d_H_linear_chain_conspiracy_depopulation,climate_consensus,linear_chain,,,,
T2d_H_linear_chain_conspiracy_depopulation,polar_bears,linear_chain,1.5625,-0.4082,1.625,0.0625
T2d_H_linear_chain_conspiracy_haarp_weather,scopex_2017,linear_chain,2.575,0.5803,3.875,1.3
T2d_H_linear_chain_conspiracy_haarp_weather,chemtrails_gates_2018_2021,linear_chain,1.5,0.9364,4,2.5
T2d_H_linear_chain_conspiracy_haarp_weather,sai_geoengineering,linear_chain,1.8125,0.5715,2.5,0.9375
T2d_H_linear_chain_conspiracy_haarp_weather,paris_agreement,linear_chain,1.9375,0.1361,4.25,2.8125
T2d_H_linear_chain_conspiracy_haarp_weather,climate_consensus,linear_chain,0,,5,5
T2d_H_linear_chain_conspiracy_haarp_weather,polar_bears,linear_chain,0.75,,0.75,0
T2d_H_linear_chain_environmental_concern,scopex_2017,linear_chain,0,,0,0
T2d_H_linear_chain_environmental_concern,chemtrails_gates_2018_2021,linear_chain,0.875,1,1.75,0.875
T2d_H_linear_chain_environmental_concern,sai_geoengineering,linear_chain,1,,1,0
T2d_H_linear_chain_environmental_concern,paris_agreement,linear_chain,1.625,,1.625,0
T2d_H_linear_chain_environmental_concern,climate_consensus,linear_chain,1.1875,0.8062,1.375,0.1875
T2d_H_linear_chain_environmental_concern,polar_bears,linear_chain,0.75,,0.75,0
T2d_H_linear_chain_mitigation_first_policy,scopex_2017,linear_chain,0.75,,0.75,0
T2d_H_linear_chain_mitigation_first_policy,chemtrails_gates_2018_2021,linear_chain,0.625,1,1,0.375
T2d_H_linear_chain_mitigation_first_policy,sai_geoengineering,linear_chain,1.375,,1.375,0
T2d_H_linear_chain_mitigation_first_policy,paris_agreement,linear_chain,1,0.6124,1.1667,0.1667
T2d_H_linear_chain_mitigation_first_policy,climate_consensus,linear_chain,1,,1,0
T2d_H_linear_chain_mitigation_first_policy,polar_bears,linear_chain,0.875,,0.875,0
T2d_H_linear_chain_ozone_stratosphere_specialist,scopex_2017,linear_chain,0.125,1,0.25,0.125
T2d_H_linear_chain_ozone_stratosphere_specialist,chemtrails_gates_2018_2021,linear_chain,0.6875,1,1.375,0.6875
T2d_H_linear_chain_ozone_stratosphere_specialist,sai_geoengineering,linear_chain,1.5,,1.5,0
T2d_H_linear_chain_ozone_stratosphere_specialist,paris_agreement,linear_chain,0.6667,,0.6667,0
T2d_H_linear_chain_ozone_stratosphere_specialist,climate_consensus,linear_chain,1.1429,,1.1429,0
T2d_H_linear_chain_ozone_stratosphere_specialist,polar_bears,linear_chain,0.875,,0.875,0
T2d_H_linear_chain_science_journalist,scopex_2017,linear_chain,0,,0,0
T2d_H_linear_chain_science_journalist,chemtrails_gates_2018_2021,linear_chain,0,,0,0
T2d_H_linear_chain_science_journalist,sai_geoengineering,linear_chain,1.375,,1.375,0
T2d_H_linear_chain_science_journalist,paris_agreement,linear_chain,0.5,,0.5,0
T2d_H_linear_chain_science_journalist,climate_consensus,linear_chain,1,,1,0
T2d_H_linear_chain_science_journalist,polar_bears,linear_chain,0.875,,0.875,0
T2d_H_polarized_biodiversity_food_security,scopex_2017,polarized,,,,
T2d_H_polarized_biodiversity_food_security,chemtrails_gates_2018_2021,polarized,1,1,2,1
T2d_H_polarized_biodiversity_food_security,sai_geoengineering,polarized,2,,2,0
T2d_H_polarized_biodiversity_food_security,paris_agreement,polarized,0,,0,0
T2d_H_polarized_biodiversity_food_security,climate_consensus,polarized,0,,0,0
T2d_H_polarized_biodiversity_food_security,polar_bears,polarized,2,,2,0
T2d_H_polarized_climate_action_advocate,scopex_2017,polarized,0,,0,0
T2d_H_polarized_climate_action_advocate,chemtrails_gates_2018_2021,polarized,0,,0,0
T2d_H_polarized_climate_action_advocate,sai_geoengineering,polarized,1,,1,0
T2d_H_polarized_climate_action_advocate,paris_agreement,polarized,1,,1,0
T2d_H_polarized_climate_action_advocate,climate_consensus,polarized,0.375,,0.375,0
T2d_H_polarized_climate_action_advocate,polar_bears,polarized,,,,
T2d_H_polarized_climate_justice_youth,scopex_2017,polarized,2,0.5103,2.5,0.5
T2d_H_polarized_climate_justice_youth,chemtrails_gates_2018_2021,polarized,0,,0,0
T2d_H_polarized_climate_justice_youth,sai_geoengineering,polarized,1,,1,0
T2d_H_polarized_climate_justice_youth,paris_agreement,polarized,0.7778,,0.7778,0
T2d_H_polarized_climate_justice_youth,climate_consensus,polarized,0.1296,1,0.1389,0.0185
T2d_H_polarized_climate_justice_youth,polar_bears,polarized,,,,
T2d_H_polarized_climate_scientist,scopex_2017,polarized,0,,0,0
T2d_H_polarized_climate_scientist,chemtrails_gates_2018_2021,polarized,0.25,,0.25,0
T2d_H_polarized_climate_scientist,sai_geoengineering,polarized,1.3333,,1.3333,0
T2d_H_polarized_climate_scientist,paris_agreement,polarized,0.25,1,1,0.75
T2d_H_polarized_climate_scientist,climate_consensus,polarized,0,,0,0
T2d_H_polarized_climate_scientist,polar_bears,polarized,2,,2,0
T2d_H_polarized_conspiracy_believer,scopex_2017,polarized,2.0556,0.6125,3.6667,1.6111
T2d_H_polarized_conspiracy_believer,chemtrails_gates_2018_2021,polarized,1,0.9129,3,2
T2d_H_polarized_conspiracy_believer,sai_geoengineering,polarized,1.5,-0.1514,2,0.5
T2d_H_polarized_conspiracy_believer,paris_agreement,polarized,0,,5,5
T2d_H_polarized_conspiracy_believer,climate_consensus,polarized,0,,5,5
T2d_H_polarized_conspiracy_believer,polar_bears,polarized,2.5,,2.5,0
T2d_H_polarized_conspiracy_climate_piggyback,scopex_2017,polarized,1,0.1651,2.6667,1.6667
T2d_H_polarized_conspiracy_climate_piggyback,chemtrails_gates_2018_2021,polarized,0.9,0.75,4,3.1
T2d_H_polarized_conspiracy_climate_piggyback,sai_geoengineering,polarized,1,,1,0
T2d_H_polarized_conspiracy_climate_piggyback,paris_agreement,polarized,1.8833,0.0526,4.5,2.6167
T2d_H_polarized_conspiracy_climate_piggyback,climate_consensus,polarized,,,,
T2d_H_polarized_conspiracy_climate_piggyback,polar_bears,polarized,0,1,0.5,0.5
T2d_H_polarized_conspiracy_depopulation,scopex_2017,polarized,2.9409,0.2684,4.1364,1.5288
T2d_H_polarized_conspiracy_depopulation,chemtrails_gates_2018_2021,polarized,,,,
T2d_H_polarized_conspiracy_depopulation,sai_geoengineering,polarized,1.1111,,1.1111,0
T2d_H_polarized_conspiracy_depopulation,paris_agreement,polarized,0.7143,,4.8571,4.4286
T2d_H_polarized_conspiracy_depopulation,climate_consensus,polarized,0,,5,5
T2d_H_polarized_conspiracy_depopulation,polar_bears,polarized,0.6667,,0.6667,0
T2d_H_polarized_conspiracy_haarp_weather,scopex_2017,polarized,1.8818,0.3031,4.6364,2.7545
T2d_H_polarized_conspiracy_haarp_weather,chemtrails_gates_2018_2021,polarized,0.75,0.8325,3.6667,3.0833
T2d_H_polarized_conspiracy_haarp_weather,sai_geoengineering,polarized,1.6,0.2156,2.4,0.8
T2d_H_polarized_conspiracy_haarp_weather,paris_agreement,polarized,2.3333,,5,2.6667
T2d_H_polarized_conspiracy_haarp_weather,climate_consensus,polarized,0,,5,5
T2d_H_polarized_conspiracy_haarp_weather,polar_bears,polarized,0,,0,0
T2d_H_polarized_environmental_concern,scopex_2017,polarized,0,,0,0
T2d_H_polarized_environmental_concern,chemtrails_gates_2018_2021,polarized,0.0049,1,0.0098,0.0049
T2d_H_polarized_environmental_concern,sai_geoengineering,polarized,0.8926,,0.876,0.0165
T2d_H_polarized_environmental_concern,paris_agreement,polarized,1.0101,,1,0.0101
T2d_H_polarized_environmental_concern,climate_consensus,polarized,0.2992,,0.2992,0
T2d_H_polarized_environmental_concern,polar_bears,polarized,0.7245,,0.7245,0
T2d_H_polarized_mitigation_first_policy,scopex_2017,polarized,,,,
T2d_H_polarized_mitigation_first_policy,chemtrails_gates_2018_2021,polarized,0.0833,1,0.1111,0.0278
T2d_H_polarized_mitigation_first_policy,sai_geoengineering,polarized,0.9912,,0.9823,0.0088
T2d_H_polarized_mitigation_first_policy,paris_agreement,polarized,0.7865,1,0.7978,0.0112
T2d_H_polarized_mitigation_first_policy,climate_consensus,polarized,0.4159,0.8062,0.4299,0.014
T2d_H_polarized_mitigation_first_policy,polar_bears,polarized,1.2058,-0.4082,1.2083,0.0058
T2d_H_polarized_ozone_stratosphere_specialist,scopex_2017,polarized,0.0175,,0.0175,0
T2d_H_polarized_ozone_stratosphere_specialist,chemtrails_gates_2018_2021,polarized,1.1085,0.9154,2.0085,0.9
T2d_H_polarized_ozone_stratosphere_specialist,sai_geoengineering,polarized,1.1653,0.6486,1.1935,0.0444
T2d_H_polarized_ozone_stratosphere_specialist,paris_agreement,polarized,0.6093,0.8222,0.6495,0.1021
T2d_H_polarized_ozone_stratosphere_specialist,climate_consensus,polarized,0.9659,0.6124,0.9773,0.0114
T2d_H_polarized_ozone_stratosphere_specialist,polar_bears,polarized,1.4459,0.3345,1.5405,0.0946
T2d_H_polarized_science_journalist,scopex_2017,polarized,0.6374,1,0.6696,0.0322
T2d_H_polarized_science_journalist,chemtrails_gates_2018_2021,polarized,0,,0,0
T2d_H_polarized_science_journalist,sai_geoengineering,polarized,1.0566,0.8708,1.0849,0.0472
T2d_H_polarized_science_journalist,paris_agreement,polarized,0.5017,0.723,0.8017,0.3121
T2d_H_polarized_science_journalist,climate_consensus,polarized,0.9,0.5332,0.9304,0.0304
T2d_H_polarized_science_journalist,polar_bears,polarized,0.9917,,0.9917,0
T2d_H_random_er_biodiversity_food_security,scopex_2017,random_er,,,,
T2d_H_random_er_biodiversity_food_security,chemtrails_gates_2018_2021,random_er,1.0194,0.9851,2.0069,0.9875
T2d_H_random_er_biodiversity_food_security,sai_geoengineering,random_er,,,,
T2d_H_random_er_biodiversity_food_security,paris_agreement,random_er,0.4082,0.8062,0.415,0.0204
T2d_H_random_er_biodiversity_food_security,climate_consensus,random_er,1.2622,0.9402,1.9301,0.6958
T2d_H_random_er_biodiversity_food_security,polar_bears,random_er,0.9613,,0.9577,0.0035
T2d_H_random_er_climate_action_advocate,scopex_2017,random_er,,,,
T2d_H_random_er_climate_action_advocate,chemtrails_gates_2018_2021,random_er,0.9854,0.9914,1.9781,0.9927
T2d_H_random_er_climate_action_advocate,sai_geoengineering,random_er,1.073,0.6569,1.1168,0.0584
T2d_H_random_er_climate_action_advocate,paris_agreement,random_er,0.3694,1,0.3955,0.0261
T2d_H_random_er_climate_action_advocate,climate_consensus,random_er,,,,
T2d_H_random_er_climate_action_advocate,polar_bears,random_er,0.9394,,0.9394,0
T2d_H_random_er_climate_justice_youth,scopex_2017,random_er,1.6942,0.5173,2.4388,0.8237
T2d_H_random_er_climate_justice_youth,chemtrails_gates_2018_2021,random_er,1.0106,0.9918,2,0.9894
T2d_H_random_er_climate_justice_youth,sai_geoengineering,random_er,0.6204,,0.6204,0
T2d_H_random_er_climate_justice_youth,paris_agreement,random_er,0.1221,,0.1221,0
T2d_H_random_er_climate_justice_youth,climate_consensus,random_er,1.4074,0.8906,1.7333,0.3259
T2d_H_random_er_climate_justice_youth,polar_bears,random_er,1.0234,,1.0234,0
T2d_H_random_er_climate_scientist,scopex_2017,random_er,0,,0,0
T2d_H_random_er_climate_scientist,chemtrails_gates_2018_2021,random_er,0.0085,,0.0085,0
T2d_H_random_er_climate_scientist,sai_geoengineering,random_er,1.4043,0.9186,1.4174,0.013
T2d_H_random_er_climate_scientist,paris_agreement,random_er,1,,1,0
T2d_H_random_er_climate_scientist,climate_consensus,random_er,0.6667,,0.6667,0
T2d_H_random_er_climate_scientist,polar_bears,random_er,1.9231,,1.9231,0
T2d_H_random_er_conspiracy_believer,scopex_2017,random_er,2.732,0.1987,4.3204,1.6175
T2d_H_random_er_conspiracy_believer,chemtrails_gates_2018_2021,random_er,1.6607,0.7332,4.3214,2.7083
T2d_H_random_er_conspiracy_believer,sai_geoengineering,random_er,1.7364,0.669,1.8384,0.2333
T2d_H_random_er_conspiracy_believer,paris_agreement,random_er,1.5,,5,3.5
T2d_H_random_er_conspiracy_believer,climate_consensus,random_er,0,,5,5
T2d_H_random_er_conspiracy_believer,polar_bears,random_er,0,,0,0
T2d_H_random_er_conspiracy_climate_piggyback,scopex_2017,random_er,1.2699,0.2391,2.7312,1.6871
T2d_H_random_er_conspiracy_climate_piggyback,chemtrails_gates_2018_2021,random_er,1.5089,0.7837,4.4889,3.0111
T2d_H_random_er_conspiracy_climate_piggyback,sai_geoengineering,random_er,1.8529,0.6043,2.6176,0.7941
T2d_H_random_er_conspiracy_climate_piggyback,paris_agreement,random_er,,,,
T2d_H_random_er_conspiracy_climate_piggyback,climate_consensus,random_er,,,,
T2d_H_random_er_conspiracy_climate_piggyback,polar_bears,random_er,1.473,0.4994,2.1081,0.7703
T2d_H_random_er_conspiracy_depopulation,scopex_2017,random_er,1.9504,0.2509,2.6612,0.9339
T2d_H_random_er_conspiracy_depopulation,chemtrails_gates_2018_2021,random_er,0.9367,0.6558,3.9531,3.1711
T2d_H_random_er_conspiracy_depopulation,sai_geoengineering,random_er,1.0437,0.7597,1.0556,0.0278
T2d_H_random_er_conspiracy_depopulation,paris_agreement,random_er,1.7832,-0.2171,4.5462,3.0185
T2d_H_random_er_conspiracy_depopulation,climate_consensus,random_er,0.1724,0.9544,4.9224,4.8103
T2d_H_random_er_conspiracy_depopulation,polar_bears,random_er,,,,
T2d_H_random_er_conspiracy_haarp_weather,scopex_2017,random_er,1.3568,0.4468,2.1164,1.1774
T2d_H_random_er_conspiracy_haarp_weather,chemtrails_gates_2018_2021,random_er,0.9633,0.8464,3.9609,3.0523
T2d_H_random_er_conspiracy_haarp_weather,sai_geoengineering,random_er,1.0815,0.5623,1.5333,0.5704
T2d_H_random_er_conspiracy_haarp_weather,paris_agreement,random_er,1.224,0.2248,4.5969,3.6519
T2d_H_random_er_conspiracy_haarp_weather,climate_consensus,random_er,0.0144,,4.9856,5
T2d_H_random_er_conspiracy_haarp_weather,polar_bears,random_er,,,,
T2d_H_random_er_environmental_concern,scopex_2017,random_er,0.0236,1,0.0377,0.0236
T2d_H_random_er_environmental_concern,chemtrails_gates_2018_2021,random_er,1.1108,0.8505,1.8468,0.736
T2d_H_random_er_environmental_concern,sai_geoengineering,random_er,1.1737,0.9375,1.1895,0.0263
T2d_H_random_er_environmental_concern,paris_agreement,random_er,,,,
T2d_H_random_er_environmental_concern,climate_consensus,random_er,,,,
T2d_H_random_er_environmental_concern,polar_bears,random_er,0.6463,,0.6463,0
T2d_H_random_er_mitigation_first_policy,scopex_2017,random_er,0.3712,1,0.3729,0.0017
T2d_H_random_er_mitigation_first_policy,chemtrails_gates_2018_2021,random_er,0.1471,1,0.2017,0.0546
T2d_H_random_er_mitigation_first_policy,sai_geoengineering,random_er,1.1485,,1.1485,0
T2d_H_random_er_mitigation_first_policy,paris_agreement,random_er,1.4057,0.5946,1.4262,0.0205
T2d_H_random_er_mitigation_first_policy,climate_consensus,random_er,0.5805,0.6124,0.5847,0.0042
T2d_H_random_er_mitigation_first_policy,polar_bears,random_er,0.7917,,0.7917,0
T2d_H_random_er_ozone_stratosphere_specialist,scopex_2017,random_er,,,,
T2d_H_random_er_ozone_stratosphere_specialist,chemtrails_gates_2018_2021,random_er,1.1268,0.9105,1.9764,0.8496
T2d_H_random_er_ozone_stratosphere_specialist,sai_geoengineering,random_er,,,,
T2d_H_random_er_ozone_stratosphere_specialist,paris_agreement,random_er,,,,
T2d_H_random_er_ozone_stratosphere_specialist,climate_consensus,random_er,0.8894,0.6124,0.8942,0.0048
T2d_H_random_er_ozone_stratosphere_specialist,polar_bears,random_er,0.7742,0.0559,0.7984,0.0323
T2d_H_random_er_science_journalist,scopex_2017,random_er,,,,
T2d_H_random_er_science_journalist,chemtrails_gates_2018_2021,random_er,0.1105,1,0.1278,0.0203
T2d_H_random_er_science_journalist,sai_geoengineering,random_er,0.8962,1,0.8846,0.0269
T2d_H_random_er_science_journalist,paris_agreement,random_er,0.7273,,0.7273,0
T2d_H_random_er_science_journalist,climate_consensus,random_er,0.625,,0.625,0
T2d_H_random_er_science_journalist,polar_bears,random_er,1,,1,0
T2d_H_ring_biodiversity_food_security,scopex_2017,ring,1,,1,0
T2d_H_ring_biodiversity_food_security,chemtrails_gates_2018_2021,ring,1,1,2,1
T2d_H_ring_biodiversity_food_security,sai_geoengineering,ring,1.75,,1.75,0
T2d_H_ring_biodiversity_food_security,paris_agreement,ring,0.5714,,0.4286,0.1429
T2d_H_ring_biodiversity_food_security,climate_consensus,ring,0.5,,0.5,0
T2d_H_ring_biodiversity_food_security,polar_bears,ring,1.75,,1.75,0
T2d_H_ring_climate_action_advocate,scopex_2017,ring,1,,1,0
T2d_H_ring_climate_action_advocate,chemtrails_gates_2018_2021,ring,1.0375,0.9844,2,0.9625
T2d_H_ring_climate_action_advocate,sai_geoengineering,ring,1,0.75,1.25,0.25
T2d_H_ring_climate_action_advocate,paris_agreement,ring,1,,0,1
T2d_H_ring_climate_action_advocate,climate_consensus,ring,1.1875,1,1.5,0.3125
T2d_H_ring_climate_action_advocate,polar_bears,ring,1.25,,1.25,0
T2d_H_ring_climate_justice_youth,scopex_2017,ring,2.5,0.3972,2.875,0.375
T2d_H_ring_climate_justice_youth,chemtrails_gates_2018_2021,ring,1.0625,0.9515,2,0.9375
T2d_H_ring_climate_justice_youth,sai_geoengineering,ring,0.75,,0.75,0
T2d_H_ring_climate_justice_youth,paris_agreement,ring,0.5,,0.5,0
T2d_H_ring_climate_justice_youth,climate_consensus,ring,1,,1,0
T2d_H_ring_climate_justice_youth,polar_bears,ring,1.125,,1.125,0
T2d_H_ring_climate_scientist,scopex_2017,ring,0,,0,0
T2d_H_ring_climate_scientist,chemtrails_gates_2018_2021,ring,0,,0,0
T2d_H_ring_climate_scientist,sai_geoengineering,ring,0,,0,0
T2d_H_ring_climate_scientist,paris_agreement,ring,0.625,0.6124,0.75,0.125
T2d_H_ring_climate_scientist,climate_consensus,ring,0.75,,0.75,0
T2d_H_ring_climate_scientist,polar_bears,ring,2,,2,0
T2d_H_ring_conspiracy_believer,scopex_2017,ring,1.625,0.8889,3.75,2.375
T2d_H_ring_conspiracy_believer,chemtrails_gates_2018_2021,ring,1,1,4,3
T2d_H_ring_conspiracy_believer,sai_geoengineering,ring,2,,2,0
T2d_H_ring_conspiracy_believer,paris_agreement,ring,,,,
T2d_H_ring_conspiracy_believer,climate_consensus,ring,0,,5,5
T2d_H_ring_conspiracy_believer,polar_bears,ring,0.625,,1.875,1.25
T2d_H_ring_conspiracy_climate_piggyback,scopex_2017,ring,3,,3,0
T2d_H_ring_conspiracy_climate_piggyback,chemtrails_gates_2018_2021,ring,0.625,0.7361,3.75,3.25
T2d_H_ring_conspiracy_climate_piggyback,sai_geoengineering,ring,1.125,,1.125,0
T2d_H_ring_conspiracy_climate_piggyback,paris_agreement,ring,1.275,0.3739,2.625,1.65
T2d_H_ring_conspiracy_climate_piggyback,climate_consensus,ring,0,,5,5
T2d_H_ring_conspiracy_climate_piggyback,polar_bears,ring,0.625,,0.625,0
T2d_H_ring_conspiracy_depopulation,scopex_2017,ring,0,,0,0
T2d_H_ring_conspiracy_depopulation,chemtrails_gates_2018_2021,ring,1.375,0.619,4.25,2.875
T2d_H_ring_conspiracy_depopulation,sai_geoengineering,ring,2,0.4082,2.125,0.125
T2d_H_ring_conspiracy_depopulation,paris_agreement,ring,1.75,-0.4729,5,3.25
T2d_H_ring_conspiracy_depopulation,climate_consensus,ring,0.3125,,4.75,4.9375
T2d_H_ring_conspiracy_depopulation,polar_bears,ring,1,,1,0
T2d_H_ring_conspiracy_haarp_weather,scopex_2017,ring,,,,
T2d_H_ring_conspiracy_haarp_weather,chemtrails_gates_2018_2021,ring,1.375,0.9414,3.875,2.5
T2d_H_ring_conspiracy_haarp_weather,sai_geoengineering,ring,1.4375,0.583,2.5,1.0625
T2d_H_ring_conspiracy_haarp_weather,paris_agreement,ring,1.125,-0.4082,4.5,3.375
T2d_H_ring_conspiracy_haarp_weather,climate_consensus,ring,0.1875,,5,4.8125
T2d_H_ring_conspiracy_haarp_weather,polar_bears,ring,0.25,,0.25,0
T2d_H_ring_environmental_concern,scopex_2017,ring,0,,0,0
T2d_H_ring_environmental_concern,chemtrails_gates_2018_2021,ring,0.625,1,1.125,0.5
T2d_H_ring_environmental_concern,sai_geoengineering,ring,2,,2,0
T2d_H_ring_environmental_concern,paris_agreement,ring,0.125,,0.125,0
T2d_H_ring_environmental_concern,climate_consensus,ring,0.375,,0.375,0
T2d_H_ring_environmental_concern,polar_bears,ring,0.875,,0.875,0
T2d_H_ring_mitigation_first_policy,scopex_2017,ring,0,,0,0
T2d_H_ring_mitigation_first_policy,chemtrails_gates_2018_2021,ring,0.6875,1,1,0.3125
T2d_H_ring_mitigation_first_policy,sai_geoengineering,ring,1.625,,1.625,0
T2d_H_ring_mitigation_first_policy,paris_agreement,ring,1.5,,1.5,0
T2d_H_ring_mitigation_first_policy,climate_consensus,ring,0.875,,0.875,0
T2d_H_ring_mitigation_first_policy,polar_bears,ring,0.5,,0.5,0
T2d_H_ring_ozone_stratosphere_specialist,scopex_2017,ring,0,,0,0
T2d_H_ring_ozone_stratosphere_specialist,chemtrails_gates_2018_2021,ring,1,1,1.875,0.875
T2d_H_ring_ozone_stratosphere_specialist,sai_geoengineering,ring,1.125,,1.125,0
T2d_H_ring_ozone_stratosphere_specialist,paris_agreement,ring,,,,
T2d_H_ring_ozone_stratosphere_specialist,climate_consensus,ring,0.625,,0.625,0
T2d_H_ring_ozone_stratosphere_specialist,polar_bears,ring,0.625,,0.625,0
T2d_H_ring_science_journalist,scopex_2017,ring,0,,0,0
T2d_H_ring_science_journalist,chemtrails_gates_2018_2021,ring,0.5,1,1,0.5
T2d_H_ring_science_journalist,sai_geoengineering,ring,1.625,,1.625,0
T2d_H_ring_science_journalist,paris_agreement,ring,0.25,,0.25,0
T2d_H_ring_science_journalist,climate_consensus,ring,1.3125,0.6124,1.375,0.0625
T2d_H_ring_science_journalist,polar_bears,ring,0.375,,0.375,0
T2d_H_scale_free_biodiversity_food_security,scopex_2017,scale_free,1.0142,0.6921,1.2258,0.2206
T2d_H_scale_free_biodiversity_food_security,chemtrails_gates_2018_2021,scale_free,1.0065,0.9949,1.9871,0.9806
T2d_H_scale_free_biodiversity_food_security,sai_geoengineering,scale_free,0.8269,,0.8269,0
T2d_H_scale_free_biodiversity_food_security,paris_agreement,scale_free,0.5229,,0.5229,0
T2d_H_scale_free_biodiversity_food_security,climate_consensus,scale_free,1.4282,0.6793,1.5034,0.0886
T2d_H_scale_free_biodiversity_food_security,polar_bears,scale_free,0.8333,,0.8333,0
T2d_H_scale_free_climate_action_advocate,scopex_2017,scale_free,0.2313,0.8449,0.2517,0.0204
T2d_H_scale_free_climate_action_advocate,chemtrails_gates_2018_2021,scale_free,0.9286,0.9813,1.8636,0.9351
T2d_H_scale_free_climate_action_advocate,sai_geoengineering,scale_free,0.779,,0.7754,0.0036
T2d_H_scale_free_climate_action_advocate,paris_agreement,scale_free,0.0736,,0.0736,0
T2d_H_scale_free_climate_action_advocate,climate_consensus,scale_free,1.2853,0.9356,1.4264,0.1411
T2d_H_scale_free_climate_action_advocate,polar_bears,scale_free,1.4313,,1.4313,0
T2d_H_scale_free_climate_justice_youth,scopex_2017,scale_free,1.7761,0.4812,2.1613,0.4174
T2d_H_scale_free_climate_justice_youth,chemtrails_gates_2018_2021,scale_free,1.0671,0.926,1.8591,0.7919
T2d_H_scale_free_climate_justice_youth,sai_geoengineering,scale_free,0.8784,0.6316,0.9122,0.0338
T2d_H_scale_free_climate_justice_youth,paris_agreement,scale_free,0.3209,-0.25,0.3243,0.0034
T2d_H_scale_free_climate_justice_youth,climate_consensus,scale_free,1.4054,0.9657,1.777,0.4392
T2d_H_scale_free_climate_justice_youth,polar_bears,scale_free,1.2848,,1.2848,0
T2d_H_scale_free_climate_scientist,scopex_2017,scale_free,,,,
T2d_H_scale_free_climate_scientist,chemtrails_gates_2018_2021,scale_free,,,,
T2d_H_scale_free_climate_scientist,sai_geoengineering,scale_free,1.1146,1,1.1389,0.0243
T2d_H_scale_free_climate_scientist,paris_agreement,scale_free,1.102,0.7093,1.1224,0.034
T2d_H_scale_free_climate_scientist,climate_consensus,scale_free,0.4924,,0.4924,0
T2d_H_scale_free_climate_scientist,polar_bears,scale_free,1.5097,,1.5097,0
T2d_H_scale_free_conspiracy_believer,scopex_2017,scale_free,1.8,0.0594,4.3355,2.6803
T2d_H_scale_free_conspiracy_believer,chemtrails_gates_2018_2021,scale_free,1.0538,0.7584,3.8875,2.9012
T2d_H_scale_free_conspiracy_believer,sai_geoengineering,scale_free,,,,
T2d_H_scale_free_conspiracy_believer,paris_agreement,scale_free,,,,
T2d_H_scale_free_conspiracy_believer,climate_consensus,scale_free,0.0323,,4.9677,5
T2d_H_scale_free_conspiracy_believer,polar_bears,scale_free,0.2237,,0.2237,0
T2d_H_scale_free_conspiracy_climate_piggyback,scopex_2017,scale_free,1.1486,0.3817,1.6377,0.7065
T2d_H_scale_free_conspiracy_climate_piggyback,chemtrails_gates_2018_2021,scale_free,1.1935,0.7193,4.013,2.913
T2d_H_scale_free_conspiracy_climate_piggyback,sai_geoengineering,scale_free,1.0584,0.4395,1.2338,0.2078
T2d_H_scale_free_conspiracy_climate_piggyback,paris_agreement,scale_free,0.8758,0.7459,2.1634,1.8654
T2d_H_scale_free_conspiracy_climate_piggyback,climate_consensus,scale_free,0.1475,0.5295,4.1007,4.1115
T2d_H_scale_free_conspiracy_climate_piggyback,polar_bears,scale_free,0.274,,0.274,0
T2d_H_scale_free_conspiracy_depopulation,scopex_2017,scale_free,,,,
T2d_H_scale_free_conspiracy_depopulation,chemtrails_gates_2018_2021,scale_free,0.9223,0.7324,3.6824,2.7872
T2d_H_scale_free_conspiracy_depopulation,sai_geoengineering,scale_free,1.1516,0.5375,1.2,0.1387
T2d_H_scale_free_conspiracy_depopulation,paris_agreement,scale_free,1.6493,-0.2996,4.9552,3.3209
T2d_H_scale_free_conspiracy_depopulation,climate_consensus,scale_free,0.0516,0.875,4.9603,4.9802
T2d_H_scale_free_conspiracy_depopulation,polar_bears,scale_free,0.5,,0.5,0
T2d_H_scale_free_conspiracy_haarp_weather,scopex_2017,scale_free,1.4807,0.1028,4.3373,3.1096
T2d_H_scale_free_conspiracy_haarp_weather,chemtrails_gates_2018_2021,scale_free,0.8301,0.766,3.75,2.9391
T2d_H_scale_free_conspiracy_haarp_weather,sai_geoengineering,scale_free,,,,
T2d_H_scale_free_conspiracy_haarp_weather,paris_agreement,scale_free,1.2381,0.4783,4.4558,3.6395
T2d_H_scale_free_conspiracy_haarp_weather,climate_consensus,scale_free,0.1066,0.5934,4.9706,4.9081
T2d_H_scale_free_conspiracy_haarp_weather,polar_bears,scale_free,0.5645,,0.5645,0
T2d_H_scale_free_environmental_concern,scopex_2017,scale_free,0,,0,0
T2d_H_scale_free_environmental_concern,chemtrails_gates_2018_2021,scale_free,0.5,1,1,0.5
T2d_H_scale_free_environmental_concern,sai_geoengineering,scale_free,,,,
T2d_H_scale_free_environmental_concern,paris_agreement,scale_free,,,,
T2d_H_scale_free_environmental_concern,climate_consensus,scale_free,,,,
T2d_H_scale_free_environmental_concern,polar_bears,scale_free,1.5,,1.5,0
T2d_H_scale_free_mitigation_first_policy,scopex_2017,scale_free,0.0576,,0.0576,0
T2d_H_scale_free_mitigation_first_policy,chemtrails_gates_2018_2021,scale_free,0.0067,1,0.0134,0.0067
T2d_H_scale_free_mitigation_first_policy,sai_geoengineering,scale_free,0.776,0.6124,0.784,0.008
T2d_H_scale_free_mitigation_first_policy,paris_agreement,scale_free,0.686,0.9031,0.6822,0.0349
T2d_H_scale_free_mitigation_first_policy,climate_consensus,scale_free,0.7622,0.7231,0.7832,0.028
T2d_H_scale_free_mitigation_first_policy,polar_bears,scale_free,0.993,,0.993,0
T2d_H_scale_free_ozone_stratosphere_specialist,scopex_2017,scale_free,0.2,,0.2,0
T2d_H_scale_free_ozone_stratosphere_specialist,chemtrails_gates_2018_2021,scale_free,1.2143,0.7674,1.5714,0.3571
T2d_H_scale_free_ozone_stratosphere_specialist,sai_geoengineering,scale_free,0,,0,0
T2d_H_scale_free_ozone_stratosphere_specialist,paris_agreement,scale_free,,,,
T2d_H_scale_free_ozone_stratosphere_specialist,climate_consensus,scale_free,0,,0,0
T2d_H_scale_free_ozone_stratosphere_specialist,polar_bears,scale_free,1.25,,1.25,0
T2d_H_scale_free_science_journalist,scopex_2017,scale_free,0.4592,0.7694,0.5238,0.0714
T2d_H_scale_free_science_journalist,chemtrails_gates_2018_2021,scale_free,,,,
T2d_H_scale_free_science_journalist,sai_geoengineering,scale_free,1.0649,,1.0649,0
T2d_H_scale_free_science_journalist,paris_agreement,scale_free,,,,
T2d_H_scale_free_science_journalist,climate_consensus,scale_free,,,,
T2d_H_scale_free_science_journalist,polar_bears,scale_free,0.9079,1,0.9079,0.0066
T2d_H_small_world_biodiversity_food_security,scopex_2017,small_world,0.5,,0.5,0
T2d_H_small_world_biodiversity_food_security,chemtrails_gates_2018_2021,small_world,0,,0,0
T2d_H_small_world_biodiversity_food_security,sai_geoengineering,small_world,1.3333,,1.3333,0
T2d_H_small_world_biodiversity_food_security,paris_agreement,small_world,1,,1,0
T2d_H_small_world_biodiversity_food_security,climate_consensus,small_world,0,,0,0
T2d_H_small_world_biodiversity_food_security,polar_bears,small_world,1.5393,,1.5393,0
T2d_H_small_world_climate_action_advocate,scopex_2017,small_world,0.9956,0.4686,1.075,0.0794
T2d_H_small_world_climate_action_advocate,chemtrails_gates_2018_2021,small_world,0.9286,0.9634,1.8117,0.8831
T2d_H_small_world_climate_action_advocate,sai_geoengineering,small_world,0.6242,,0.6242,0
T2d_H_small_world_climate_action_advocate,paris_agreement,small_world,0.16,1,0.1533,0.0333
T2d_H_small_world_climate_action_advocate,climate_consensus,small_world,,,,
T2d_H_small_world_climate_action_advocate,polar_bears,small_world,1,,0.9926,0.0074
T2d_H_small_world_climate_justice_youth,scopex_2017,small_world,1.2196,0.49,1.527,0.3142
T2d_H_small_world_climate_justice_youth,chemtrails_gates_2018_2021,small_world,1.0459,0.9292,1.9324,0.8865
T2d_H_small_world_climate_justice_youth,sai_geoengineering,small_world,0.8447,0.2464,0.913,0.0683
T2d_H_small_world_climate_justice_youth,paris_agreement,small_world,0.1097,,0.1097,0
T2d_H_small_world_climate_justice_youth,climate_consensus,small_world,1.1273,0.9899,1.2484,0.2081
T2d_H_small_world_climate_justice_youth,polar_bears,small_world,0.9178,-0.3687,0.9276,0.0164
T2d_H_small_world_climate_scientist,scopex_2017,small_world,0,,0,0
T2d_H_small_world_climate_scientist,chemtrails_gates_2018_2021,small_world,0,,0,0
T2d_H_small_world_climate_scientist,sai_geoengineering,small_world,0.5,,0.5,0
T2d_H_small_world_climate_scientist,paris_agreement,small_world,1,,1,0
T2d_H_small_world_climate_scientist,climate_consensus,small_world,0,,0,0
T2d_H_small_world_climate_scientist,polar_bears,small_world,1.6438,,1.6438,0
T2d_H_small_world_conspiracy_believer,scopex_2017,small_world,2.2109,0.0568,3.9796,2.0544
T2d_H_small_world_conspiracy_believer,chemtrails_gates_2018_2021,small_world,1.1563,0.7418,3.8125,2.6813
T2d_H_small_world_conspiracy_believer,sai_geoengineering,small_world,2.1,-0.186,2.4,0.3
T2d_H_small_world_conspiracy_believer,paris_agreement,small_world,0.5284,-0.0837,4.8514,4.4851
T2d_H_small_world_conspiracy_believer,climate_consensus,small_world,0.0068,,4.726,4.7192
T2d_H_small_world_conspiracy_believer,polar_bears,small_world,0.5576,,0.5576,0
T2d_H_small_world_conspiracy_climate_piggyback,scopex_2017,small_world,1.352,0.3404,2.7237,1.523
T2d_H_small_world_conspiracy_climate_piggyback,chemtrails_gates_2018_2021,small_world,1.6615,0.8032,4.8077,3.1462
T2d_H_small_world_conspiracy_climate_piggyback,sai_geoengineering,small_world,1.5385,0.3666,1.7622,0.2587
T2d_H_small_world_conspiracy_climate_piggyback,paris_agreement,small_world,,,,
T2d_H_small_world_conspiracy_climate_piggyback,climate_consensus,small_world,0.1111,,4.0556,4.1667
T2d_H_small_world_conspiracy_climate_piggyback,polar_bears,small_world,0.7778,,0.7778,0
T2d_H_small_world_conspiracy_depopulation,scopex_2017,small_world,,,,
T2d_H_small_world_conspiracy_depopulation,chemtrails_gates_2018_2021,small_world,0.8613,0.66,4.22,3.5653
T2d_H_small_world_conspiracy_depopulation,sai_geoengineering,small_world,0.9935,0.6846,1.0362,0.1804
T2d_H_small_world_conspiracy_depopulation,paris_agreement,small_world,1.7671,0.0427,4.4194,3.0471
T2d_H_small_world_conspiracy_depopulation,climate_consensus,small_world,,,,
T2d_H_small_world_conspiracy_depopulation,polar_bears,small_world,1.2095,,1.2095,0
T2d_H_small_world_conspiracy_haarp_weather,scopex_2017,small_world,1.9089,-0.0666,3.9481,2.1356
T2d_H_small_world_conspiracy_haarp_weather,chemtrails_gates_2018_2021,small_world,0.7095,0.8434,3.2568,2.5865
T2d_H_small_world_conspiracy_haarp_weather,sai_geoengineering,small_world,1.263,0.3862,1.5274,0.2986
T2d_H_small_world_conspiracy_haarp_weather,paris_agreement,small_world,1.1395,0.4422,4.0132,3.85
T2d_H_small_world_conspiracy_haarp_weather,climate_consensus,small_world,0.163,0.8226,4.1712,4.1342
T2d_H_small_world_conspiracy_haarp_weather,polar_bears,small_world,0.6467,0.3125,0.6533,0.0067
T2d_H_small_world_environmental_concern,scopex_2017,small_world,0,,0,0
T2d_H_small_world_environmental_concern,chemtrails_gates_2018_2021,small_world,1,1,1.8,0.8
T2d_H_small_world_environmental_concern,sai_geoengineering,small_world,1,,1,0
T2d_H_small_world_environmental_concern,paris_agreement,small_world,,,,
T2d_H_small_world_environmental_concern,climate_consensus,small_world,0,,0,0
T2d_H_small_world_environmental_concern,polar_bears,small_world,,,,
T2d_H_small_world_mitigation_first_policy,scopex_2017,small_world,0.8046,1,0.8146,0.0166
T2d_H_small_world_mitigation_first_policy,chemtrails_gates_2018_2021,small_world,0.1434,1,0.1579,0.0211
T2d_H_small_world_mitigation_first_policy,sai_geoengineering,small_world,,,,
T2d_H_small_world_mitigation_first_policy,paris_agreement,small_world,1.0466,1,1.0373,0.0155
T2d_H_small_world_mitigation_first_policy,climate_consensus,small_world,1.2857,0.6763,1.4026,0.1299
T2d_H_small_world_mitigation_first_policy,polar_bears,small_world,0.7975,,0.7975,0
T2d_H_small_world_ozone_stratosphere_specialist,scopex_2017,small_world,0,,0,0
T2d_H_small_world_ozone_stratosphere_specialist,chemtrails_gates_2018_2021,small_world,1.1,0.9826,2.6,1.5
T2d_H_small_world_ozone_stratosphere_specialist,sai_geoengineering,small_world,1,0.6124,1.5,0.5
T2d_H_small_world_ozone_stratosphere_specialist,paris_agreement,small_world,0.3333,,0.3333,0
T2d_H_small_world_ozone_stratosphere_specialist,climate_consensus,small_world,0,,0,0
T2d_H_small_world_ozone_stratosphere_specialist,polar_bears,small_world,2,,2,0
T2d_H_small_world_science_journalist,scopex_2017,small_world,0,,0,0
T2d_H_small_world_science_journalist,chemtrails_gates_2018_2021,small_world,0.0132,1,0.0197,0.0066
T2d_H_small_world_science_journalist,sai_geoengineering,small_world,0.8882,1,0.8882,0.0132
T2d_H_small_world_science_journalist,paris_agreement,small_world,0.8121,1,0.8456,0.047
T2d_H_small_world_science_journalist,climate_consensus,small_world,0.3278,,0.3245,0.0033
T2d_H_small_world_science_journalist,polar_bears,small_world,,,,
T2d_He_echo_chamber_mix_00,scopex_2017,echo_chamber,1.6875,0.0187,4.25,2.5625
T2d_He_echo_chamber_mix_00,chemtrails_gates_2018_2021,echo_chamber,1.1429,0.7422,4,2.8571
T2d_He_echo_chamber_mix_00,sai_geoengineering,echo_chamber,,,,
T2d_He_echo_chamber_mix_00,paris_agreement,echo_chamber,0.6667,-0.4082,4.1667,3.5
T2d_He_echo_chamber_mix_00,climate_consensus,echo_chamber,0,,5,5
T2d_He_echo_chamber_mix_00,polar_bears,echo_chamber,1.3333,,1.3333,0
T2d_He_echo_chamber_mix_01,scopex_2017,echo_chamber,2.2,0.7156,3.6,1.4
T2d_He_echo_chamber_mix_01,chemtrails_gates_2018_2021,echo_chamber,1.08,0.8359,2.6,1.52
T2d_He_echo_chamber_mix_01,sai_geoengineering,echo_chamber,1.6667,,1.6667,0
T2d_He_echo_chamber_mix_01,paris_agreement,echo_chamber,,,,
T2d_He_echo_chamber_mix_01,climate_consensus,echo_chamber,1.125,0.7638,4,2.875
T2d_He_echo_chamber_mix_01,polar_bears,echo_chamber,,,,
T2d_He_echo_chamber_mix_02,scopex_2017,echo_chamber,0.5536,0.6649,0.6429,0.0893
T2d_He_echo_chamber_mix_02,chemtrails_gates_2018_2021,echo_chamber,0.8597,0.9683,1.6723,0.8126
T2d_He_echo_chamber_mix_02,sai_geoengineering,echo_chamber,,,,
T2d_He_echo_chamber_mix_02,paris_agreement,echo_chamber,0.4679,1,0.4862,0.0367
T2d_He_echo_chamber_mix_02,climate_consensus,echo_chamber,1.1364,0.9031,1.4545,0.3182
T2d_He_echo_chamber_mix_02,polar_bears,echo_chamber,1.3333,,1.3333,0
T2d_He_echo_chamber_mix_03,scopex_2017,echo_chamber,2.227,0.47,3.8435,1.8774
T2d_He_echo_chamber_mix_03,chemtrails_gates_2018_2021,echo_chamber,0.9577,0.801,2.7885,1.9365
T2d_He_echo_chamber_mix_03,sai_geoengineering,echo_chamber,1.0735,1,1.0882,0.0441
T2d_He_echo_chamber_mix_03,paris_agreement,echo_chamber,1.8333,-0.7041,4.8889,3.2778
T2d_He_echo_chamber_mix_03,climate_consensus,echo_chamber,0.25,1,4.6667,4.4167
T2d_He_echo_chamber_mix_03,polar_bears,echo_chamber,0.3333,,0.3333,0
T2d_He_echo_chamber_mix_04,scopex_2017,echo_chamber,0,,0,0
T2d_He_echo_chamber_mix_04,chemtrails_gates_2018_2021,echo_chamber,0,,0,0
T2d_He_echo_chamber_mix_04,sai_geoengineering,echo_chamber,0.75,,0.75,0
T2d_He_echo_chamber_mix_04,paris_agreement,echo_chamber,0.9429,0.8062,1.2857,0.3429
T2d_He_echo_chamber_mix_04,climate_consensus,echo_chamber,0.0351,,0.2105,0.1754
T2d_He_echo_chamber_mix_04,polar_bears,echo_chamber,,,,
T2d_He_echo_chamber_mix_05,scopex_2017,echo_chamber,0,,0,0
T2d_He_echo_chamber_mix_05,chemtrails_gates_2018_2021,echo_chamber,0,,0,0
T2d_He_echo_chamber_mix_05,sai_geoengineering,echo_chamber,1.3333,,1.3333,0
T2d_He_echo_chamber_mix_05,paris_agreement,echo_chamber,1,,1,0
T2d_He_echo_chamber_mix_05,climate_consensus,echo_chamber,0,,0,0
T2d_He_echo_chamber_mix_05,polar_bears,echo_chamber,1.5,,1.5,0
T2d_He_hierarchical_mix_00,scopex_2017,hierarchical,1.75,0.4082,3.75,3.5
T2d_He_hierarchical_mix_00,chemtrails_gates_2018_2021,hierarchical,1,0.7152,4.5,3.5
T2d_He_hierarchical_mix_00,sai_geoengineering,hierarchical,1,,1,0
T2d_He_hierarchical_mix_00,paris_agreement,hierarchical,,,,
T2d_He_hierarchical_mix_00,climate_consensus,hierarchical,0,,5,5
T2d_He_hierarchical_mix_00,polar_bears,hierarchical,1.375,,1.375,0
T2d_He_hierarchical_mix_01,scopex_2017,hierarchical,,,,
T2d_He_hierarchical_mix_01,chemtrails_gates_2018_2021,hierarchical,0,,0,0
T2d_He_hierarchical_mix_01,sai_geoengineering,hierarchical,2,,2,0
T2d_He_hierarchical_mix_01,paris_agreement,hierarchical,2.3333,-0.0973,3.5,1.1667
T2d_He_hierarchical_mix_01,climate_consensus,hierarchical,0,,5,5
T2d_He_hierarchical_mix_01,polar_bears,hierarchical,1.25,,1.25,0
T2d_He_hierarchical_mix_02,scopex_2017,hierarchical,1.1731,0.6875,1.2692,0.0962
T2d_He_hierarchical_mix_02,chemtrails_gates_2018_2021,hierarchical,1.5,0.6124,2,0.5
T2d_He_hierarchical_mix_02,sai_geoengineering,hierarchical,1.0455,,1.0455,0
T2d_He_hierarchical_mix_02,paris_agreement,hierarchical,0.2857,,0.25,0.0357
T2d_He_hierarchical_mix_02,climate_consensus,hierarchical,,,,
T2d_He_hierarchical_mix_02,polar_bears,hierarchical,1.5,,1.5,0
T2d_He_hierarchical_mix_03,scopex_2017,hierarchical,0,,0,0
T2d_He_hierarchical_mix_03,chemtrails_gates_2018_2021,hierarchical,0.9375,0.9336,4.375,3.4375
T2d_He_hierarchical_mix_03,sai_geoengineering,hierarchical,1,,1,0
T2d_He_hierarchical_mix_03,paris_agreement,hierarchical,0.2857,-0.6667,4.4286,4.1429
T2d_He_hierarchical_mix_03,climate_consensus,hierarchical,0,,5,5
T2d_He_hierarchical_mix_03,polar_bears,hierarchical,0.75,,0.75,0
T2d_He_hierarchical_mix_04,scopex_2017,hierarchical,2,,3,5
T2d_He_hierarchical_mix_04,chemtrails_gates_2018_2021,hierarchical,0,,0,0
T2d_He_hierarchical_mix_04,sai_geoengineering,hierarchical,1.375,,1.375,0
T2d_He_hierarchical_mix_04,paris_agreement,hierarchical,2.3,-0.6124,4.8,2.9
T2d_He_hierarchical_mix_04,climate_consensus,hierarchical,,,,
T2d_He_hierarchical_mix_04,polar_bears,hierarchical,1.375,,1.375,0
T2d_He_hierarchical_mix_05,scopex_2017,hierarchical,2.325,-0.0187,3.375,1.3
T2d_He_hierarchical_mix_05,chemtrails_gates_2018_2021,hierarchical,0.875,0.9331,2.625,1.75
T2d_He_hierarchical_mix_05,sai_geoengineering,hierarchical,0.5714,,0.5714,0
T2d_He_hierarchical_mix_05,paris_agreement,hierarchical,2.0333,-0.1069,3,1.0333
T2d_He_hierarchical_mix_05,climate_consensus,hierarchical,0.5,0.7483,4.25,3.875
T2d_He_hierarchical_mix_05,polar_bears,hierarchical,0.25,,0.25,0
T2d_He_linear_chain_mix_00,scopex_2017,linear_chain,1.4167,0.1261,3.1667,1.9167
T2d_He_linear_chain_mix_00,chemtrails_gates_2018_2021,linear_chain,1.48,0.7888,4.4,2.92
T2d_He_linear_chain_mix_00,sai_geoengineering,linear_chain,0.625,1,0.75,0.25
T2d_He_linear_chain_mix_00,paris_agreement,linear_chain,,,,
T2d_He_linear_chain_mix_00,climate_consensus,linear_chain,1.25,,5,3.75
T2d_He_linear_chain_mix_00,polar_bears,linear_chain,1,,1,0
T2d_He_linear_chain_mix_01,scopex_2017,linear_chain,3.125,0.6124,4.375,1.75
T2d_He_linear_chain_mix_01,chemtrails_gates_2018_2021,linear_chain,1.0833,0.7216,2.6667,1.75
T2d_He_linear_chain_mix_01,sai_geoengineering,linear_chain,1,,1,0
T2d_He_linear_chain_mix_01,paris_agreement,linear_chain,1.9,0.193,2.625,1.4
T2d_He_linear_chain_mix_01,climate_consensus,linear_chain,1.3125,0.9444,3,1.6875
T2d_He_linear_chain_mix_01,polar_bears,linear_chain,2,0.4312,2.5,0.5
T2d_He_linear_chain_mix_02,scopex_2017,linear_chain,1.375,0.7093,2,0.625
T2d_He_linear_chain_mix_02,chemtrails_gates_2018_2021,linear_chain,1.1,0.9225,2,0.9
T2d_He_linear_chain_mix_02,sai_geoengineering,linear_chain,1.9375,0.4167,2.125,0.1875
T2d_He_linear_chain_mix_02,paris_agreement,linear_chain,0.5625,1,0.625,0.0625
T2d_He_linear_chain_mix_02,climate_consensus,linear_chain,1.125,,1.125,0
T2d_He_linear_chain_mix_02,polar_bears,linear_chain,1.6875,1,1.75,0.0625
T2d_He_linear_chain_mix_03,scopex_2017,linear_chain,1.125,0.9583,1.625,0.5
T2d_He_linear_chain_mix_03,chemtrails_gates_2018_2021,linear_chain,0.9375,0.9333,2,1.0625
T2d_He_linear_chain_mix_03,sai_geoengineering,linear_chain,,,,
T2d_He_linear_chain_mix_03,paris_agreement,linear_chain,0.5,0.6124,1.375,0.875
T2d_He_linear_chain_mix_03,climate_consensus,linear_chain,0.8125,0.4082,1.5,0.6875
T2d_He_linear_chain_mix_03,polar_bears,linear_chain,1.375,,1.375,0
T2d_He_linear_chain_mix_04,scopex_2017,linear_chain,,,,
T2d_He_linear_chain_mix_04,chemtrails_gates_2018_2021,linear_chain,0.9375,0.7619,2,1.4375
T2d_He_linear_chain_mix_04,sai_geoengineering,linear_chain,3.125,,3.125,0
T2d_He_linear_chain_mix_04,paris_agreement,linear_chain,1.2,0.7437,1.4,0.2
T2d_He_linear_chain_mix_04,climate_consensus,linear_chain,1.875,0.8601,3.375,1.5
T2d_He_linear_chain_mix_04,polar_bears,linear_chain,0.8125,1,0.875,0.0625
T2d_He_linear_chain_mix_05,scopex_2017,linear_chain,1.7857,0.5084,2.4286,0.6429
T2d_He_linear_chain_mix_05,chemtrails_gates_2018_2021,linear_chain,0.9375,0.6712,2.625,1.8125
T2d_He_linear_chain_mix_05,sai_geoengineering,linear_chain,1,,1,0
T2d_He_linear_chain_mix_05,paris_agreement,linear_chain,0.5625,1,1.125,0.5625
T2d_He_linear_chain_mix_05,climate_consensus,linear_chain,0.9286,0.6667,2,1.0714
T2d_He_linear_chain_mix_05,polar_bears,linear_chain,0.875,,0.875,0
T2d_He_polarized_mix_00,scopex_2017,polarized,1.458,0.3798,3.1849,1.8277
T2d_He_polarized_mix_00,chemtrails_gates_2018_2021,polarized,1.4755,0.8223,3.7925,2.4302
T2d_He_polarized_mix_00,sai_geoengineering,polarized,,,,
T2d_He_polarized_mix_00,paris_agreement,polarized,1.6119,0.2266,3.8136,2.3034
T2d_He_polarized_mix_00,climate_consensus,polarized,1.8125,0.7041,4.375,2.5625
T2d_He_polarized_mix_00,polar_bears,polarized,1.2857,,1.2857,0
T2d_He_polarized_mix_01,scopex_2017,polarized,1.913,0.2332,3.7217,2.0609
T2d_He_polarized_mix_01,chemtrails_gates_2018_2021,polarized,0.7432,0.8711,2.4595,1.7973
T2d_He_polarized_mix_01,sai_geoengineering,polarized,0.3333,,0.3333,0
T2d_He_polarized_mix_01,paris_agreement,polarized,,,,
T2d_He_polarized_mix_01,climate_consensus,polarized,0.7,0.6667,5,4.3
T2d_He_polarized_mix_01,polar_bears,polarized,,,,
T2d_He_polarized_mix_02,scopex_2017,polarized,,,,
T2d_He_polarized_mix_02,chemtrails_gates_2018_2021,polarized,0,,0,0
T2d_He_polarized_mix_02,sai_geoengineering,polarized,0.3333,,0.3333,0
T2d_He_polarized_mix_02,paris_agreement,polarized,,,,
T2d_He_polarized_mix_02,climate_consensus,polarized,0,,0,0
T2d_He_polarized_mix_02,polar_bears,polarized,,,,
T2d_He_polarized_mix_03,scopex_2017,polarized,1.5571,0.2254,2.8857,1.3857
T2d_He_polarized_mix_03,chemtrails_gates_2018_2021,polarized,0.7778,0.8333,2.5556,1.7778
T2d_He_polarized_mix_03,sai_geoengineering,polarized,1.2857,,1.2857,0
T2d_He_polarized_mix_03,paris_agreement,polarized,,,,
T2d_He_polarized_mix_03,climate_consensus,polarized,1.25,,5,3.75
T2d_He_polarized_mix_03,polar_bears,polarized,,,,
T2d_He_polarized_mix_04,scopex_2017,polarized,0,,0,0
T2d_He_polarized_mix_04,chemtrails_gates_2018_2021,polarized,0,,0,0
T2d_He_polarized_mix_04,sai_geoengineering,polarized,0.75,,0.75,0
T2d_He_polarized_mix_04,paris_agreement,polarized,0.7941,-0.2966,1.3824,0.5882
T2d_He_polarized_mix_04,climate_consensus,polarized,,,,
T2d_He_polarized_mix_04,polar_bears,polarized,1.6148,,1.6148,0
T2d_He_polarized_mix_05,scopex_2017,polarized,0,0.7222,0.0938,0.0938
T2d_He_polarized_mix_05,chemtrails_gates_2018_2021,polarized,0.0459,0.8188,0.1009,0.055
T2d_He_polarized_mix_05,sai_geoengineering,polarized,0.8792,0.4082,0.8833,0.0042
T2d_He_polarized_mix_05,paris_agreement,polarized,0.7822,1,0.8713,0.1188
T2d_He_polarized_mix_05,climate_consensus,polarized,0.65,0.849,2.4231,1.9115
T2d_He_polarized_mix_05,polar_bears,polarized,0.7863,0.6124,0.812,0.0427
T2d_He_random_er_mix_00,scopex_2017,random_er,,,,
T2d_He_random_er_mix_00,chemtrails_gates_2018_2021,random_er,1.6,0.7296,4.075,2.5583
T2d_He_random_er_mix_00,sai_geoengineering,random_er,0.931,0.5577,0.9483,0.0345
T2d_He_random_er_mix_00,paris_agreement,random_er,1.6769,0.3616,4.5673,2.9769
T2d_He_random_er_mix_00,climate_consensus,random_er,0.7852,0.7254,4.4262,3.723
T2d_He_random_er_mix_00,polar_bears,random_er,0.9369,0.6124,0.9612,0.0825
T2d_He_random_er_mix_01,scopex_2017,random_er,1.6364,0.4024,3.3427,1.9371
T2d_He_random_er_mix_01,chemtrails_gates_2018_2021,random_er,1.0691,0.8658,2.5899,1.564
T2d_He_random_er_mix_01,sai_geoengineering,random_er,0.7417,,0.7417,0
T2d_He_random_er_mix_01,paris_agreement,random_er,2.1556,0.0115,4.7708,2.6292
T2d_He_random_er_mix_01,climate_consensus,random_er,1.2789,0.5829,3.6692,2.6774
T2d_He_random_er_mix_01,polar_bears,random_er,0.7571,,0.7571,0
T2d_He_random_er_mix_02,scopex_2017,random_er,0.9744,0.4774,1.0256,0.0513
T2d_He_random_er_mix_02,chemtrails_gates_2018_2021,random_er,1.0512,0.9948,2.0945,1.0433
T2d_He_random_er_mix_02,sai_geoengineering,random_er,0.8475,,0.8475,0
T2d_He_random_er_mix_02,paris_agreement,random_er,0.4034,1,0.4034,0.0168
T2d_He_random_er_mix_02,climate_consensus,random_er,1.3299,0.8476,1.5128,0.2513
T2d_He_random_er_mix_02,polar_bears,random_er,0,,0,0
T2d_He_random_er_mix_03,scopex_2017,random_er,1.3137,0.4805,1.8699,0.5767
T2d_He_random_er_mix_03,chemtrails_gates_2018_2021,random_er,0.3377,0.9474,0.7319,0.4014
T2d_He_random_er_mix_03,sai_geoengineering,random_er,,,,
T2d_He_random_er_mix_03,paris_agreement,random_er,,,,
T2d_He_random_er_mix_03,climate_consensus,random_er,1.0563,0.9377,1.5282,0.4859
T2d_He_random_er_mix_03,polar_bears,random_er,,,,
T2d_He_random_er_mix_04,scopex_2017,random_er,1.644,0.5794,2.1135,0.4908
T2d_He_random_er_mix_04,chemtrails_gates_2018_2021,random_er,1.4544,0.776,2.5578,1.1238
T2d_He_random_er_mix_04,sai_geoengineering,random_er,0.6376,1,0.6443,0.0067
T2d_He_random_er_mix_04,paris_agreement,random_er,1.2857,0.6042,1.8571,0.6466
T2d_He_random_er_mix_04,climate_consensus,random_er,,,,
T2d_He_random_er_mix_04,polar_bears,random_er,0.8723,0.3125,0.8936,0.0284
T2d_He_random_er_mix_05,scopex_2017,random_er,1.3133,0.4213,1.8916,0.6145
T2d_He_random_er_mix_05,chemtrails_gates_2018_2021,random_er,0.9864,0.8367,2.3786,1.4893
T2d_He_random_er_mix_05,sai_geoengineering,random_er,,,,
T2d_He_random_er_mix_05,paris_agreement,random_er,0.9236,0.6039,1.4409,0.563
T2d_He_random_er_mix_05,climate_consensus,random_er,1.39,0.6362,3.0643,1.7029
T2d_He_random_er_mix_05,polar_bears,random_er,1.4809,0.4916,1.4885,0.0153
T2d_He_ring_mix_00,scopex_2017,ring,2.25,0.0727,4.5,2.25
T2d_He_ring_mix_00,chemtrails_gates_2018_2021,ring,1,0.9129,3,2
T2d_He_ring_mix_00,sai_geoengineering,ring,1.75,,1.75,0
T2d_He_ring_mix_00,paris_agreement,ring,1.45,0.2959,4,3.05
T2d_He_ring_mix_00,climate_consensus,ring,1.1,0.8027,4.25,3.15
T2d_He_ring_mix_00,polar_bears,ring,1.0625,0,1.125,0.0625
T2d_He_ring_mix_01,scopex_2017,ring,2.5625,0.1509,3.875,1.6875
T2d_He_ring_mix_01,chemtrails_gates_2018_2021,ring,1.9375,0.7556,3.875,1.9375
T2d_He_ring_mix_01,sai_geoengineering,ring,1.125,,1.125,0
T2d_He_ring_mix_01,paris_agreement,ring,1.4125,0.4759,3.875,2.9625
T2d_He_ring_mix_01,climate_consensus,ring,1.1,0.6393,3.125,2.025
T2d_He_ring_mix_01,polar_bears,ring,0.8125,1,0.875,0.0625
T2d_He_ring_mix_02,scopex_2017,ring,0,,0,0
T2d_He_ring_mix_02,chemtrails_gates_2018_2021,ring,1.1,0.9359,2,0.9
T2d_He_ring_mix_02,sai_geoengineering,ring,1.75,0.7041,1.875,0.125
T2d_He_ring_mix_02,paris_agreement,ring,0.625,,0.625,0
T2d_He_ring_mix_02,climate_consensus,ring,0.2,1,0.4,0.2
T2d_He_ring_mix_02,polar_bears,ring,2,,2,0
T2d_He_ring_mix_03,scopex_2017,ring,1.625,0.6389,2.5,0.875
T2d_He_ring_mix_03,chemtrails_gates_2018_2021,ring,1.5375,0.9637,2.75,1.2125
T2d_He_ring_mix_03,sai_geoengineering,ring,0.5,,0.5,0
T2d_He_ring_mix_03,paris_agreement,ring,0,,0,0
T2d_He_ring_mix_03,climate_consensus,ring,1.3333,0.8062,1.5,0.1667
T2d_He_ring_mix_03,polar_bears,ring,0.75,0.375,0.875,0.125
T2d_He_ring_mix_04,scopex_2017,ring,1.9167,0.6124,2,0.0833
T2d_He_ring_mix_04,chemtrails_gates_2018_2021,ring,1.25,0.7015,2.625,1.375
T2d_He_ring_mix_04,sai_geoengineering,ring,1.625,,1.625,0
T2d_He_ring_mix_04,paris_agreement,ring,2.375,0.8333,3.25,0.875
T2d_He_ring_mix_04,climate_consensus,ring,2,0.8062,3.25,1.25
T2d_He_ring_mix_04,polar_bears,ring,0.875,,0.875,0
T2d_He_ring_mix_05,scopex_2017,ring,,,,
T2d_He_ring_mix_05,chemtrails_gates_2018_2021,ring,1.9,0.9332,3.1429,1.2429
T2d_He_ring_mix_05,sai_geoengineering,ring,1,,1,0
T2d_He_ring_mix_05,paris_agreement,ring,1.6667,0.6124,3.6667,2
T2d_He_ring_mix_05,climate_consensus,ring,0.7143,0.6124,3,2.2857
T2d_He_ring_mix_05,polar_bears,ring,1,,1,0
T2d_He_scale_free_mix_00,scopex_2017,scale_free,1.9695,0.5051,3.2583,1.5669
T2d_He_scale_free_mix_00,chemtrails_gates_2018_2021,scale_free,,,,
T2d_He_scale_free_mix_00,sai_geoengineering,scale_free,,,,
T2d_He_scale_free_mix_00,paris_agreement,scale_free,1.1908,0.4892,3.4122,2.4504
T2d_He_scale_free_mix_00,climate_consensus,scale_free,0.2888,0.6894,4.4037,4.2329
T2d_He_scale_free_mix_00,polar_bears,scale_free,0.8133,-0.0791,0.82,0.0067
T2d_He_scale_free_mix_01,scopex_2017,scale_free,0.9168,0.3815,1.5255,0.7255
T2d_He_scale_free_mix_01,chemtrails_gates_2018_2021,scale_free,1.2818,0.8794,3.1119,1.8441
T2d_He_scale_free_mix_01,sai_geoengineering,scale_free,,,,
T2d_He_scale_free_mix_01,paris_agreement,scale_free,2.2378,0.3749,4.3185,2.1104
T2d_He_scale_free_mix_01,climate_consensus,scale_free,1.2009,0.8862,3.9231,2.7393
T2d_He_scale_free_mix_01,polar_bears,scale_free,1.5764,0.4184,1.8542,0.2917
T2d_He_scale_free_mix_02,scopex_2017,scale_free,1.5945,0.3785,1.8904,0.3027
T2d_He_scale_free_mix_02,chemtrails_gates_2018_2021,scale_free,0.949,0.98,1.8471,0.8981
T2d_He_scale_free_mix_02,sai_geoengineering,scale_free,1.0775,,1.0775,0
T2d_He_scale_free_mix_02,paris_agreement,scale_free,0.3613,0.8062,0.3679,0.0066
T2d_He_scale_free_mix_02,climate_consensus,scale_free,0.8909,0.9688,1.0909,0.3818
T2d_He_scale_free_mix_02,polar_bears,scale_free,,,,
T2d_He_scale_free_mix_03,scopex_2017,scale_free,,,,
T2d_He_scale_free_mix_03,chemtrails_gates_2018_2021,scale_free,,,,
T2d_He_scale_free_mix_03,sai_geoengineering,scale_free,1.0621,0.861,1.085,0.0359
T2d_He_scale_free_mix_03,paris_agreement,scale_free,0.7233,0.2292,1.3267,0.63
T2d_He_scale_free_mix_03,climate_consensus,scale_free,0.5695,0.8198,1.0464,0.4901
T2d_He_scale_free_mix_03,polar_bears,scale_free,0.7601,0,0.7568,0.0101
T2d_He_scale_free_mix_04,scopex_2017,scale_free,1.1053,0.5985,1.5333,0.4613
T2d_He_scale_free_mix_04,chemtrails_gates_2018_2021,scale_free,1.1901,0.7956,2.1831,1.0634
T2d_He_scale_free_mix_04,sai_geoengineering,scale_free,0.5,1,0.75,0.25
T2d_He_scale_free_mix_04,paris_agreement,scale_free,2.2625,0.7552,3.25,1.1125
T2d_He_scale_free_mix_04,climate_consensus,scale_free,1.25,,2.5,1.25
T2d_He_scale_free_mix_04,polar_bears,scale_free,0.75,,0.75,0
T2d_He_scale_free_mix_05,scopex_2017,scale_free,,,,
T2d_He_scale_free_mix_05,chemtrails_gates_2018_2021,scale_free,1.0455,1,2.3636,1.3182
T2d_He_scale_free_mix_05,sai_geoengineering,scale_free,0.9167,0.4082,1,0.0833
T2d_He_scale_free_mix_05,paris_agreement,scale_free,1.5,0.8062,3,1.5
T2d_He_scale_free_mix_05,climate_consensus,scale_free,0.75,,2,1.25
T2d_He_scale_free_mix_05,polar_bears,scale_free,1.3333,,1.3333,0
T2d_He_small_world_mix_00,scopex_2017,small_world,1.4129,0.3252,2.5806,1.3677
T2d_He_small_world_mix_00,chemtrails_gates_2018_2021,small_world,1.307,0.8359,4.2215,2.9146
T2d_He_small_world_mix_00,sai_geoengineering,small_world,1.1523,0.5622,1.3203,0.1992
T2d_He_small_world_mix_00,paris_agreement,small_world,1.6026,0.2604,4.1603,2.6859
T2d_He_small_world_mix_00,climate_consensus,small_world,0.6565,0.6338,4.5455,3.9149
T2d_He_small_world_mix_00,polar_bears,small_world,0.7171,0.5681,0.8158,0.1118
T2d_He_small_world_mix_01,scopex_2017,small_world,1.851,0.3468,3.2148,1.6054
T2d_He_small_world_mix_01,chemtrails_gates_2018_2021,small_world,1.2448,0.8944,3.0345,1.7966
T2d_He_small_world_mix_01,sai_geoengineering,small_world,0.9419,0.6504,0.9871,0.0516
T2d_He_small_world_mix_01,paris_agreement,small_world,1.8141,0.0903,3.6154,2.0205
T2d_He_small_world_mix_01,climate_consensus,small_world,1.0105,0.6955,3.3007,2.2902
T2d_He_small_world_mix_01,polar_bears,small_world,1.104,0.4361,1.1544,0.057
T2d_He_small_world_mix_02,scopex_2017,small_world,1.7951,0.5637,2.3264,0.5382
T2d_He_small_world_mix_02,chemtrails_gates_2018_2021,small_world,1.1079,0.9129,2.0072,0.8993
T2d_He_small_world_mix_02,sai_geoengineering,small_world,0.7617,0.9014,0.7792,0.0175
T2d_He_small_world_mix_02,paris_agreement,small_world,0.5176,1,0.5352,0.0176
T2d_He_small_world_mix_02,climate_consensus,small_world,0.9375,0.8062,1.125,0.1875
T2d_He_small_world_mix_02,polar_bears,small_world,1.2727,,1.2727,0
T2d_He_small_world_mix_03,scopex_2017,small_world,,,,
T2d_He_small_world_mix_03,chemtrails_gates_2018_2021,small_world,0.7007,0.9433,1.4726,0.7719
T2d_He_small_world_mix_03,sai_geoengineering,small_world,0.9967,0.7041,1.0654,0.0948
T2d_He_small_world_mix_03,paris_agreement,small_world,,,,
T2d_He_small_world_mix_03,climate_consensus,small_world,1.1483,0.8905,1.7172,0.5828
T2d_He_small_world_mix_03,polar_bears,small_world,0.9893,,0.9857,0.0036
T2d_He_small_world_mix_04,scopex_2017,small_world,1.5329,0.4665,2.1053,0.6053
T2d_He_small_world_mix_04,chemtrails_gates_2018_2021,small_world,,,,
T2d_He_small_world_mix_04,sai_geoengineering,small_world,0.8152,0.8062,0.8116,0.0254
T2d_He_small_world_mix_04,paris_agreement,small_world,0.9286,,2,1.0714
T2d_He_small_world_mix_04,climate_consensus,small_world,,,,
T2d_He_small_world_mix_04,polar_bears,small_world,1,1,1,0.0909
T2d_He_small_world_mix_05,scopex_2017,small_world,1.005,0.5217,1.3617,0.395
T2d_He_small_world_mix_05,chemtrails_gates_2018_2021,small_world,0.8816,0.9035,2.0921,1.2526
T2d_He_small_world_mix_05,sai_geoengineering,small_world,0.9764,0.7531,1.0608,0.1385
T2d_He_small_world_mix_05,paris_agreement,small_world,1.0482,0.6206,1.4397,0.4624
T2d_He_small_world_mix_05,climate_consensus,small_world,1.0262,0.7035,1.9034,0.8772
T2d_He_small_world_mix_05,polar_bears,small_world,1.0994,0.1187,1.0962,0.016
