runDir,experimentName,slice,arm,topology,rest,scoringMode,startHourUtc,status,stateStatus,runs,llm_calls,http_errors,expected_attempts,attempt_accounting_delta,reinterpret_events,identity_rewrite_fallbacks,audit_eligible_events,scored_events,unscored_eligible_events,auditor_request_failures_derived,rewrite_caught_failures,auditor_caught_failed_events,logged_http_429,logged_other_http,logged_timeouts,logged_transport_errors,parse_fallbacks,schema_anomalies,aborted_selected_runs,raw_archive_state_drift,log_section_found
T2c_H_echo_chamber_biodiversity_food_security_2026-09-19_04-43-08,T2c_H_echo_chamber_biodiversity_food_security,T2c_H,H,echo_chamber,biodiversity_food_security,continuous,2026-09-19T04:00Z,complete,complete,1,1076,0,1076,0,399,0,677,677,0,,0,0,0,0,0,0,0,0,0,0,1
T2c_H_echo_chamber_climate_action_advocate_2026-09-19_04-30-38,T2c_H_echo_chamber_climate_action_advocate,T2c_H,H,echo_chamber,climate_action_advocate,continuous,2026-09-19T04:00Z,complete,complete,1,38,637,675,0,248,230,427,20,407,,230,407,637,0,0,0,0,0,0,0,1
T2c_H_echo_chamber_climate_justice_youth_2026-09-19_04-31-18,T2c_H_echo_chamber_climate_justice_youth,T2c_H,H,echo_chamber,climate_justice_youth,continuous,2026-09-19T04:00Z,complete,complete,1,929,355,1284,0,494,355,790,790,0,,355,0,355,0,0,0,0,0,0,0,1
T2c_H_echo_chamber_climate_scientist_2026-09-19_04-45-38,T2c_H_echo_chamber_climate_scientist,T2c_H,H,echo_chamber,climate_scientist,continuous,2026-09-19T04:00Z,complete,complete,1,1122,0,1122,0,419,0,703,703,0,,0,0,0,0,0,0,0,0,0,0,1
T2c_H_echo_chamber_conspiracy_believer_2026-09-19_04-13-27,T2c_H_echo_chamber_conspiracy_believer,T2c_H,H,echo_chamber,conspiracy_believer,continuous,2026-09-19T04:00Z,complete,complete,1,564,705,1269,0,469,21,800,95,705,,0,705,705,0,0,0,0,0,0,0,1
T2c_H_echo_chamber_conspiracy_climate_piggyback_2026-09-19_04-13-27,T2c_H_echo_chamber_conspiracy_climate_piggyback,T2c_H,H,echo_chamber,conspiracy_climate_piggyback,continuous,2026-09-19T04:00Z,complete,complete,1,480,754,1234,0,461,20,773,38,735,,19,735,754,0,0,0,0,0,0,0,1
T2c_H_echo_chamber_conspiracy_depopulation_2026-09-19_04-13-27,T2c_H_echo_chamber_conspiracy_depopulation,T2c_H,H,echo_chamber,conspiracy_depopulation,continuous,2026-09-19T04:00Z,complete,complete,1,515,792,1307,0,499,30,808,44,764,,28,764,792,0,0,0,0,0,0,0,1
T2c_H_echo_chamber_conspiracy_haarp_weather_2026-09-19_04-13-27,T2c_H_echo_chamber_conspiracy_haarp_weather,T2c_H,H,echo_chamber,conspiracy_haarp_weather,continuous,2026-09-19T04:00Z,complete,complete,1,673,416,1089,0,403,0,686,270,416,,0,416,416,0,0,0,0,0,0,0,1
T2c_H_echo_chamber_environmental_concern_2026-09-19_04-31-37,T2c_H_echo_chamber_environmental_concern,T2c_H,H,echo_chamber,environmental_concern,continuous,2026-09-19T04:00Z,complete,complete,1,867,330,1197,0,448,330,749,749,0,,330,0,330,0,0,0,0,0,0,0,1
T2c_H_echo_chamber_mitigation_first_policy_2026-09-19_04-31-24,T2c_H_echo_chamber_mitigation_first_policy,T2c_H,H,echo_chamber,mitigation_first_policy,continuous,2026-09-19T04:00Z,complete,complete,1,818,397,1215,0,450,397,765,765,0,,397,0,397,0,0,0,0,0,0,0,1
T2c_H_echo_chamber_ozone_stratosphere_specialist_2026-09-19_04-32-32,T2c_H_echo_chamber_ozone_stratosphere_specialist,T2c_H,H,echo_chamber,ozone_stratosphere_specialist,continuous,2026-09-19T04:00Z,complete,complete,1,1053,101,1154,0,444,101,710,710,0,,101,0,101,0,0,0,0,0,0,0,1
T2c_H_echo_chamber_science_journalist_2026-09-19_04-45-58,T2c_H_echo_chamber_science_journalist,T2c_H,H,echo_chamber,science_journalist,continuous,2026-09-19T04:00Z,complete,complete,1,880,0,880,0,330,0,550,550,0,,0,0,0,0,0,0,0,0,0,0,1
T2c_H_hierarchical_biodiversity_food_security_2026-09-19_04-31-12,T2c_H_hierarchical_biodiversity_food_security,T2c_H,H,hierarchical,biodiversity_food_security,continuous,2026-09-19T04:00Z,complete,complete,1,45,523,568,0,215,195,353,25,328,,195,328,523,0,0,0,0,0,0,0,1
T2c_H_hierarchical_climate_action_advocate_2026-09-19_04-26-01,T2c_H_hierarchical_climate_action_advocate,T2c_H,H,hierarchical,climate_action_advocate,continuous,2026-09-19T04:00Z,complete,complete,1,143,446,589,0,228,100,361,15,346,,100,346,446,0,0,0,0,0,0,0,1
T2c_H_hierarchical_climate_justice_youth_2026-09-19_04-26-51,T2c_H_hierarchical_climate_justice_youth,T2c_H,H,hierarchical,climate_justice_youth,continuous,2026-09-19T04:00Z,complete,complete,1,119,522,641,0,241,140,400,17,383,,139,383,522,0,0,0,0,0,0,0,1
T2c_H_hierarchical_climate_scientist_2026-09-19_04-31-18,T2c_H_hierarchical_climate_scientist,T2c_H,H,hierarchical,climate_scientist,continuous,2026-09-19T04:00Z,complete,complete,1,30,378,408,0,150,130,258,10,248,,130,248,378,0,0,0,0,0,0,0,1
T2c_H_hierarchical_conspiracy_believer_2026-09-19_04-17-53,T2c_H_hierarchical_conspiracy_believer,T2c_H,H,hierarchical,conspiracy_believer,continuous,2026-09-19T04:00Z,complete,complete,1,553,0,553,0,202,26,351,351,0,,0,0,0,0,0,0,0,0,0,0,1
T2c_H_hierarchical_conspiracy_climate_piggyback_2026-09-19_04-17-53,T2c_H_hierarchical_conspiracy_climate_piggyback,T2c_H,H,hierarchical,conspiracy_climate_piggyback,continuous,2026-09-19T04:00Z,complete,complete,1,435,0,435,0,153,1,282,282,0,,0,0,0,0,0,0,0,0,0,0,1
T2c_H_hierarchical_conspiracy_depopulation_2026-09-19_04-17-53,T2c_H_hierarchical_conspiracy_depopulation,T2c_H,H,hierarchical,conspiracy_depopulation,continuous,2026-09-19T04:00Z,complete,complete,1,504,0,504,0,188,0,316,316,0,,0,0,0,0,0,0,0,0,0,0,1
T2c_H_hierarchical_conspiracy_haarp_weather_2026-09-19_04-17-53,T2c_H_hierarchical_conspiracy_haarp_weather,T2c_H,H,hierarchical,conspiracy_haarp_weather,continuous,2026-09-19T04:00Z,complete,complete,1,410,0,410,0,155,0,255,255,0,,0,0,0,0,0,0,0,0,0,0,1
T2c_H_hierarchical_environmental_concern_2026-09-19_04-28-19,T2c_H_hierarchical_environmental_concern,T2c_H,H,hierarchical,environmental_concern,continuous,2026-09-19T04:00Z,complete,complete,1,67,562,629,0,246,195,383,16,367,,195,367,562,0,0,0,0,0,0,0,1
T2c_H_hierarchical_mitigation_first_policy_2026-09-19_04-28-02,T2c_H_hierarchical_mitigation_first_policy,T2c_H,H,hierarchical,mitigation_first_policy,continuous,2026-09-19T04:00Z,complete,complete,1,72,523,595,0,219,160,376,13,363,,160,363,523,0,0,0,0,0,0,0,1
T2c_H_hierarchical_ozone_stratosphere_specialist_2026-09-19_04-31-07,T2c_H_hierarchical_ozone_stratosphere_specialist,T2c_H,H,hierarchical,ozone_stratosphere_specialist,continuous,2026-09-19T04:00Z,complete,complete,1,30,508,538,0,196,180,342,14,328,,180,328,508,0,0,0,0,0,0,0,1
T2c_H_hierarchical_science_journalist_2026-09-19_04-31-27,T2c_H_hierarchical_science_journalist,T2c_H,H,hierarchical,science_journalist,continuous,2026-09-19T04:00Z,complete,complete,1,220,431,651,0,249,226,402,197,205,,226,205,431,0,0,0,0,0,0,0,1
T2c_H_linear_chain_biodiversity_food_security_2026-09-19_02-52-45,T2c_H_linear_chain_biodiversity_food_security,T2c_H,H,linear_chain,biodiversity_food_security,continuous,2026-09-19T02:00Z,complete,complete,1,61,0,61,0,29,0,32,32,0,,0,0,0,0,0,0,0,0,0,0,1
T2c_H_linear_chain_climate_action_advocate_2026-09-19_02-50-46,T2c_H_linear_chain_climate_action_advocate,T2c_H,H,linear_chain,climate_action_advocate,continuous,2026-09-19T02:00Z,complete,complete,1,67,0,67,0,30,0,37,37,0,,0,0,0,0,0,0,0,0,0,0,1
T2c_H_linear_chain_climate_justice_youth_2026-09-19_02-51-20,T2c_H_linear_chain_climate_justice_youth,T2c_H,H,linear_chain,climate_justice_youth,continuous,2026-09-19T02:00Z,complete,complete,1,66,0,66,0,30,1,36,36,0,,0,0,0,0,0,0,0,0,0,0,1
T2c_H_linear_chain_climate_scientist_2026-09-19_02-53-23,T2c_H_linear_chain_climate_scientist,T2c_H,H,linear_chain,climate_scientist,continuous,2026-09-19T02:00Z,complete,complete,1,80,0,80,0,39,0,41,41,0,,0,0,0,0,0,0,0,0,0,0,1
T2c_H_linear_chain_conspiracy_believer_2026-09-19_02-49-25,T2c_H_linear_chain_conspiracy_believer,T2c_H,H,linear_chain,conspiracy_believer,continuous,2026-09-19T02:00Z,complete,complete,1,83,0,83,0,38,0,45,45,0,,0,0,0,0,0,0,0,0,0,0,1
T2c_H_linear_chain_conspiracy_climate_piggyback_2026-09-19_02-49-25,T2c_H_linear_chain_conspiracy_climate_piggyback,T2c_H,H,linear_chain,conspiracy_climate_piggyback,continuous,2026-09-19T02:00Z,complete,complete,1,53,0,53,0,26,1,27,27,0,,0,0,0,0,0,0,0,0,0,0,1
T2c_H_linear_chain_conspiracy_depopulation_2026-09-19_02-49-24,T2c_H_linear_chain_conspiracy_depopulation,T2c_H,H,linear_chain,conspiracy_depopulation,continuous,2026-09-19T02:00Z,complete,complete,1,91,0,91,0,43,0,48,48,0,,0,0,0,0,0,0,0,0,0,0,1
T2c_H_linear_chain_conspiracy_haarp_weather_2026-09-19_02-49-24,T2c_H_linear_chain_conspiracy_haarp_weather,T2c_H,H,linear_chain,conspiracy_haarp_weather,continuous,2026-09-19T02:00Z,complete,complete,1,84,0,84,0,39,0,45,45,0,,0,0,0,0,0,0,0,0,0,0,1
T2c_H_linear_chain_environmental_concern_2026-09-19_02-51-57,T2c_H_linear_chain_environmental_concern,T2c_H,H,linear_chain,environmental_concern,continuous,2026-09-19T02:00Z,complete,complete,1,67,0,67,0,32,0,35,35,0,,0,0,0,0,0,0,0,0,0,0,1
T2c_H_linear_chain_mitigation_first_policy_2026-09-19_02-51-40,T2c_H_linear_chain_mitigation_first_policy,T2c_H,H,linear_chain,mitigation_first_policy,continuous,2026-09-19T02:00Z,complete,complete,1,51,0,51,0,24,0,27,27,0,,0,0,0,0,0,0,0,0,0,0,1
T2c_H_linear_chain_ozone_stratosphere_specialist_2026-09-19_02-52-16,T2c_H_linear_chain_ozone_stratosphere_specialist,T2c_H,H,linear_chain,ozone_stratosphere_specialist,continuous,2026-09-19T02:00Z,complete,complete,1,76,0,76,0,35,0,41,41,0,,0,0,0,0,0,0,0,0,0,0,1
T2c_H_linear_chain_science_journalist_2026-09-19_02-53-41,T2c_H_linear_chain_science_journalist,T2c_H,H,linear_chain,science_journalist,continuous,2026-09-19T02:00Z,complete,complete,1,45,0,45,0,20,0,25,25,0,,0,0,0,0,0,0,0,0,0,0,1
T2c_H_polarized_biodiversity_food_security_2026-09-19_04-36-59,T2c_H_polarized_biodiversity_food_security,T2c_H,H,polarized,biodiversity_food_security,continuous,2026-09-19T04:00Z,complete,complete,1,918,0,918,0,339,0,579,579,0,,0,0,0,0,0,0,0,0,0,0,1
T2c_H_polarized_climate_action_advocate_2026-09-19_04-30-42,T2c_H_polarized_climate_action_advocate,T2c_H,H,polarized,climate_action_advocate,continuous,2026-09-19T04:00Z,complete,complete,1,37,883,920,0,339,326,581,24,557,,326,557,883,0,0,0,0,0,0,0,1
T2c_H_polarized_climate_justice_youth_2026-09-19_04-30-49,T2c_H_polarized_climate_justice_youth,T2c_H,H,polarized,climate_justice_youth,continuous,2026-09-19T04:00Z,complete,complete,1,382,668,1050,0,390,366,660,358,302,,366,302,668,0,0,0,0,0,0,0,1
T2c_H_polarized_climate_scientist_2026-09-19_04-42-33,T2c_H_polarized_climate_scientist,T2c_H,H,polarized,climate_scientist,continuous,2026-09-19T04:00Z,complete,complete,1,920,0,920,0,354,0,566,566,0,,0,0,0,0,0,0,0,0,0,0,1
T2c_H_polarized_conspiracy_believer_2026-09-19_04-17-42,T2c_H_polarized_conspiracy_believer,T2c_H,H,polarized,conspiracy_believer,continuous,2026-09-19T04:00Z,complete,complete,1,460,463,923,0,347,35,576,113,463,,0,463,463,0,0,0,0,0,0,0,1
T2c_H_polarized_conspiracy_climate_piggyback_2026-09-19_04-17-42,T2c_H_polarized_conspiracy_climate_piggyback,T2c_H,H,polarized,conspiracy_climate_piggyback,continuous,2026-09-19T04:00Z,complete,complete,1,402,418,820,0,307,3,513,95,418,,0,418,418,0,0,0,0,0,0,0,1
T2c_H_polarized_conspiracy_depopulation_2026-09-19_04-17-42,T2c_H_polarized_conspiracy_depopulation,T2c_H,H,polarized,conspiracy_depopulation,continuous,2026-09-19T04:00Z,complete,complete,1,387,732,1119,0,421,65,698,30,668,,64,668,732,0,0,0,0,0,0,0,1
T2c_H_polarized_conspiracy_haarp_weather_2026-09-19_04-17-42,T2c_H_polarized_conspiracy_haarp_weather,T2c_H,H,polarized,conspiracy_haarp_weather,continuous,2026-09-19T04:00Z,complete,complete,1,411,703,1114,0,414,31,700,27,673,,30,673,703,0,0,0,0,0,0,0,1
T2c_H_polarized_environmental_concern_2026-09-19_04-31-45,T2c_H_polarized_environmental_concern,T2c_H,H,polarized,environmental_concern,continuous,2026-09-19T04:00Z,complete,complete,1,764,297,1061,0,374,297,687,687,0,,297,0,297,0,0,0,0,0,0,0,1
T2c_H_polarized_mitigation_first_policy_2026-09-19_04-31-35,T2c_H_polarized_mitigation_first_policy,T2c_H,H,polarized,mitigation_first_policy,continuous,2026-09-19T04:00Z,complete,complete,1,727,311,1038,0,392,311,646,646,0,,311,0,311,0,0,0,0,0,0,0,1
T2c_H_polarized_ozone_stratosphere_specialist_2026-09-19_04-32-52,T2c_H_polarized_ozone_stratosphere_specialist,T2c_H,H,polarized,ozone_stratosphere_specialist,continuous,2026-09-19T04:00Z,complete,complete,1,1061,19,1080,0,399,19,681,681,0,,19,0,19,0,0,0,0,0,0,0,1
T2c_H_polarized_science_journalist_2026-09-19_04-43-11,T2c_H_polarized_science_journalist,T2c_H,H,polarized,science_journalist,continuous,2026-09-19T04:00Z,complete,complete,1,859,0,859,0,305,0,554,554,0,,0,0,0,0,0,0,0,0,0,0,1
T2c_H_random_er_biodiversity_food_security_2026-09-19_03-33-32,T2c_H_random_er_biodiversity_food_security,T2c_H,H,random_er,biodiversity_food_security,continuous,2026-09-19T03:00Z,complete,complete,1,975,0,975,0,357,0,618,618,0,,0,0,0,0,0,0,0,0,0,0,1
T2c_H_random_er_climate_action_advocate_2026-09-19_03-10-51,T2c_H_random_er_climate_action_advocate,T2c_H,H,random_er,climate_action_advocate,continuous,2026-09-19T03:00Z,complete,complete,1,781,0,781,0,281,0,500,500,0,,0,0,0,0,0,0,0,0,0,0,1
T2c_H_random_er_climate_justice_youth_2026-09-19_03-21-04,T2c_H_random_er_climate_justice_youth,T2c_H,H,random_er,climate_justice_youth,continuous,2026-09-19T03:00Z,complete,complete,1,634,0,634,0,227,0,407,407,0,,0,0,0,0,0,0,0,0,0,0,1
T2c_H_random_er_climate_scientist_2026-09-19_03-34-55,T2c_H_random_er_climate_scientist,T2c_H,H,random_er,climate_scientist,continuous,2026-09-19T03:00Z,complete,complete,1,1018,53,1071,0,409,0,662,609,53,,0,53,53,0,0,0,0,0,0,0,1
T2c_H_random_er_conspiracy_believer_2026-09-19_02-59-38,T2c_H_random_er_conspiracy_believer,T2c_H,H,random_er,conspiracy_believer,continuous,2026-09-19T02:00Z,complete,complete,1,951,0,951,0,351,11,600,600,0,,0,0,0,0,0,0,0,0,0,0,1
T2c_H_random_er_conspiracy_climate_piggyback_2026-09-19_03-00-50,T2c_H_random_er_conspiracy_climate_piggyback,T2c_H,H,random_er,conspiracy_climate_piggyback,continuous,2026-09-19T03:00Z,complete,complete,1,1544,0,1544,0,586,21,958,958,0,,0,0,0,0,0,0,0,0,0,0,1
T2c_H_random_er_conspiracy_depopulation_2026-09-19_02-59-53,T2c_H_random_er_conspiracy_depopulation,T2c_H,H,random_er,conspiracy_depopulation,continuous,2026-09-19T02:00Z,complete,complete,1,1136,0,1136,0,435,1,701,701,0,,0,0,0,0,0,0,0,0,0,0,1
T2c_H_random_er_conspiracy_haarp_weather_2026-09-19_02-59-41,T2c_H_random_er_conspiracy_haarp_weather,T2c_H,H,random_er,conspiracy_haarp_weather,continuous,2026-09-19T02:00Z,complete,complete,1,570,0,570,0,212,0,358,358,0,,0,0,0,0,0,0,0,0,0,0,1
T2c_H_random_er_environmental_concern_2026-09-19_03-26-13,T2c_H_random_er_environmental_concern,T2c_H,H,random_er,environmental_concern,continuous,2026-09-19T03:00Z,complete,complete,1,828,0,828,0,319,0,509,509,0,,0,0,0,0,0,0,0,0,0,0,1
T2c_H_random_er_mitigation_first_policy_2026-09-19_03-24-12,T2c_H_random_er_mitigation_first_policy,T2c_H,H,random_er,mitigation_first_policy,continuous,2026-09-19T03:00Z,complete,complete,1,822,0,822,0,298,0,524,524,0,,0,0,0,0,0,0,0,0,0,0,1
T2c_H_random_er_ozone_stratosphere_specialist_2026-09-19_03-33-20,T2c_H_random_er_ozone_stratosphere_specialist,T2c_H,H,random_er,ozone_stratosphere_specialist,continuous,2026-09-19T03:00Z,complete,complete,1,78,0,78,0,27,0,51,51,0,,0,0,0,0,0,0,0,0,0,0,1
T2c_H_random_er_science_journalist_2026-09-19_03-41-14,T2c_H_random_er_science_journalist,T2c_H,H,random_er,science_journalist,continuous,2026-09-19T03:00Z,complete,complete,1,868,189,1057,0,389,0,668,479,189,,0,189,189,0,0,0,0,0,0,0,1
T2c_H_ring_biodiversity_food_security_2026-09-19_02-58-51,T2c_H_ring_biodiversity_food_security,T2c_H,H,ring,biodiversity_food_security,continuous,2026-09-19T02:00Z,complete,complete,1,72,0,72,0,34,0,38,38,0,,0,0,0,0,0,0,0,0,0,0,1
T2c_H_ring_climate_action_advocate_2026-09-19_02-56-04,T2c_H_ring_climate_action_advocate,T2c_H,H,ring,climate_action_advocate,continuous,2026-09-19T02:00Z,complete,complete,1,77,0,77,0,36,0,41,41,0,,0,0,0,0,0,0,0,0,0,0,1
T2c_H_ring_climate_justice_youth_2026-09-19_02-56-14,T2c_H_ring_climate_justice_youth,T2c_H,H,ring,climate_justice_youth,continuous,2026-09-19T02:00Z,complete,complete,1,59,0,59,0,28,0,31,31,0,,0,0,0,0,0,0,0,0,0,0,1
T2c_H_ring_climate_scientist_2026-09-19_02-58-51,T2c_H_ring_climate_scientist,T2c_H,H,ring,climate_scientist,continuous,2026-09-19T02:00Z,complete,complete,1,83,0,83,0,40,0,43,43,0,,0,0,0,0,0,0,0,0,0,0,1
T2c_H_ring_conspiracy_believer_2026-09-19_02-54-16,T2c_H_ring_conspiracy_believer,T2c_H,H,ring,conspiracy_believer,continuous,2026-09-19T02:00Z,complete,complete,1,67,0,67,0,31,1,36,36,0,,0,0,0,0,0,0,0,0,0,0,1
T2c_H_ring_conspiracy_climate_piggyback_2026-09-19_02-55-28,T2c_H_ring_conspiracy_climate_piggyback,T2c_H,H,ring,conspiracy_climate_piggyback,continuous,2026-09-19T02:00Z,complete,complete,1,91,0,91,0,43,0,48,48,0,,0,0,0,0,0,0,0,0,0,0,1
T2c_H_ring_conspiracy_depopulation_2026-09-19_02-54-43,T2c_H_ring_conspiracy_depopulation,T2c_H,H,ring,conspiracy_depopulation,continuous,2026-09-19T02:00Z,complete,complete,1,75,0,75,0,37,0,38,38,0,,0,0,0,0,0,0,0,0,0,0,1
T2c_H_ring_conspiracy_haarp_weather_2026-09-19_02-54-16,T2c_H_ring_conspiracy_haarp_weather,T2c_H,H,ring,conspiracy_haarp_weather,continuous,2026-09-19T02:00Z,complete,complete,1,75,0,75,0,35,0,40,40,0,,0,0,0,0,0,0,0,0,0,0,1
T2c_H_ring_environmental_concern_2026-09-19_02-58-51,T2c_H_ring_environmental_concern,T2c_H,H,ring,environmental_concern,continuous,2026-09-19T02:00Z,complete,complete,1,79,0,79,0,37,0,42,42,0,,0,0,0,0,0,0,0,0,0,0,1
T2c_H_ring_mitigation_first_policy_2026-09-19_02-56-48,T2c_H_ring_mitigation_first_policy,T2c_H,H,ring,mitigation_first_policy,continuous,2026-09-19T02:00Z,complete,complete,1,64,0,64,0,30,0,34,34,0,,0,0,0,0,0,0,0,0,0,0,1
T2c_H_ring_ozone_stratosphere_specialist_2026-09-19_02-58-51,T2c_H_ring_ozone_stratosphere_specialist,T2c_H,H,ring,ozone_stratosphere_specialist,continuous,2026-09-19T02:00Z,complete,complete,1,76,0,76,0,36,0,40,40,0,,0,0,0,0,0,0,0,0,0,0,1
T2c_H_ring_science_journalist_2026-09-19_03-00-29,T2c_H_ring_science_journalist,T2c_H,H,ring,science_journalist,continuous,2026-09-19T03:00Z,complete,complete,1,65,0,65,0,30,0,35,35,0,,0,0,0,0,0,0,0,0,0,0,1
T2c_H_scale_free_biodiversity_food_security_2026-09-19_04-32-40,T2c_H_scale_free_biodiversity_food_security,T2c_H,H,scale_free,biodiversity_food_security,continuous,2026-09-19T04:00Z,complete,complete,1,1166,45,1211,0,438,45,773,773,0,,114,0,114,0,0,0,0,0,0,0,1
T2c_H_scale_free_climate_action_advocate_2026-09-19_03-57-46,T2c_H_scale_free_climate_action_advocate,T2c_H,H,scale_free,climate_action_advocate,continuous,2026-09-19T03:00Z,complete,complete,1,1167,30,1197,0,439,30,758,758,0,,30,0,30,0,0,0,0,0,0,0,1
T2c_H_scale_free_climate_justice_youth_2026-09-19_04-01-22,T2c_H_scale_free_climate_justice_youth,T2c_H,H,scale_free,climate_justice_youth,continuous,2026-09-19T04:00Z,complete,complete,1,913,0,913,0,326,0,587,587,0,,0,0,0,0,0,0,0,0,0,0,1
T2c_H_scale_free_climate_scientist_2026-09-19_04-40-48,T2c_H_scale_free_climate_scientist,T2c_H,H,scale_free,climate_scientist,continuous,2026-09-19T04:00Z,complete,complete,1,1481,0,1481,0,562,0,919,919,0,,0,0,0,0,0,0,0,0,0,0,1
T2c_H_scale_free_conspiracy_believer_2026-09-19_03-35-38,T2c_H_scale_free_conspiracy_believer,T2c_H,H,scale_free,conspiracy_believer,continuous,2026-09-19T03:00Z,complete,complete,1,1083,187,1270,0,475,17,795,608,187,,0,187,187,0,0,0,0,0,0,0,1
T2c_H_scale_free_conspiracy_climate_piggyback_2026-09-19_03-57-14,T2c_H_scale_free_conspiracy_climate_piggyback,T2c_H,H,scale_free,conspiracy_climate_piggyback,continuous,2026-09-19T03:00Z,complete,complete,1,1176,63,1239,0,462,68,777,777,0,,63,0,63,0,0,0,0,0,0,0,1
T2c_H_scale_free_conspiracy_depopulation_2026-09-19_03-35-38,T2c_H_scale_free_conspiracy_depopulation,T2c_H,H,scale_free,conspiracy_depopulation,continuous,2026-09-19T03:00Z,complete,complete,1,1101,65,1166,0,429,0,737,672,65,,0,65,65,0,0,0,0,0,0,0,1
T2c_H_scale_free_conspiracy_haarp_weather_2026-09-19_03-35-38,T2c_H_scale_free_conspiracy_haarp_weather,T2c_H,H,scale_free,conspiracy_haarp_weather,continuous,2026-09-19T03:00Z,complete,complete,1,1133,0,1133,0,412,1,721,721,0,,0,0,0,0,0,0,0,0,0,0,1
T2c_H_scale_free_environmental_concern_2026-09-19_04-21-27,T2c_H_scale_free_environmental_concern,T2c_H,H,scale_free,environmental_concern,continuous,2026-09-19T04:00Z,complete,complete,1,253,954,1207,0,450,232,757,35,722,,232,722,954,0,0,0,0,0,0,0,1
T2c_H_scale_free_mitigation_first_policy_2026-09-19_04-32-32,T2c_H_scale_free_mitigation_first_policy,T2c_H,H,scale_free,mitigation_first_policy,continuous,2026-09-19T04:00Z,complete,complete,1,807,44,851,0,321,44,530,530,0,,44,154,198,0,0,0,0,0,0,0,1
T2c_H_scale_free_ozone_stratosphere_specialist_2026-09-19_04-21-34,T2c_H_scale_free_ozone_stratosphere_specialist,T2c_H,H,scale_free,ozone_stratosphere_specialist,continuous,2026-09-19T04:00Z,complete,complete,1,287,868,1155,0,418,166,737,35,702,,166,702,868,0,0,0,0,0,0,0,1
T2c_H_scale_free_science_journalist_2026-09-19_04-43-56,T2c_H_scale_free_science_journalist,T2c_H,H,scale_free,science_journalist,continuous,2026-09-19T04:00Z,complete,complete,1,1114,0,1114,0,413,0,701,701,0,,0,0,0,0,0,0,0,0,0,0,1
T2c_H_small_world_biodiversity_food_security_2026-09-19_04-30-46,T2c_H_small_world_biodiversity_food_security,T2c_H,H,small_world,biodiversity_food_security,continuous,2026-09-19T04:00Z,complete,complete,1,41,704,745,0,277,266,468,30,438,,266,1110,1376,0,0,0,0,0,0,0,1
T2c_H_small_world_climate_action_advocate_2026-09-19_03-51-13,T2c_H_small_world_climate_action_advocate,T2c_H,H,small_world,climate_action_advocate,continuous,2026-09-19T03:00Z,complete,complete,1,856,57,913,0,326,57,587,587,0,,57,0,57,0,0,0,0,0,0,0,1
T2c_H_small_world_climate_justice_youth_2026-09-19_04-07-19,T2c_H_small_world_climate_justice_youth,T2c_H,H,small_world,climate_justice_youth,continuous,2026-09-19T04:00Z,complete,complete,1,948,481,1429,0,542,0,887,406,481,,0,481,481,0,0,0,0,0,0,0,1
T2c_H_small_world_climate_scientist_2026-09-19_04-30-51,T2c_H_small_world_climate_scientist,T2c_H,H,small_world,climate_scientist,continuous,2026-09-19T04:00Z,complete,complete,1,700,611,1311,0,482,456,829,674,155,,456,516,972,0,0,0,0,0,0,0,1
T2c_H_small_world_conspiracy_believer_2026-09-19_03-43-57,T2c_H_small_world_conspiracy_believer,T2c_H,H,small_world,conspiracy_believer,continuous,2026-09-19T03:00Z,complete,complete,1,1078,65,1143,0,431,112,712,712,0,,65,0,65,0,0,0,0,0,0,0,1
T2c_H_small_world_conspiracy_climate_piggyback_2026-09-19_04-00-45,T2c_H_small_world_conspiracy_climate_piggyback,T2c_H,H,small_world,conspiracy_climate_piggyback,continuous,2026-09-19T04:00Z,complete,complete,1,927,0,927,0,342,1,585,585,0,,0,0,0,0,0,0,0,0,0,0,1
T2c_H_small_world_conspiracy_depopulation_2026-09-19_03-57-43,T2c_H_small_world_conspiracy_depopulation,T2c_H,H,small_world,conspiracy_depopulation,continuous,2026-09-19T03:00Z,complete,complete,1,890,87,977,0,360,87,617,617,0,,87,72,159,0,0,0,0,0,0,0,1
T2c_H_small_world_conspiracy_haarp_weather_2026-09-19_03-52-36,T2c_H_small_world_conspiracy_haarp_weather,T2c_H,H,small_world,conspiracy_haarp_weather,continuous,2026-09-19T03:00Z,complete,complete,1,1355,56,1411,0,541,56,870,870,0,,56,0,56,0,0,0,0,0,0,0,1
T2c_H_small_world_environmental_concern_2026-09-19_04-19-28,T2c_H_small_world_environmental_concern,T2c_H,H,small_world,environmental_concern,continuous,2026-09-19T04:00Z,complete,complete,1,299,438,737,0,266,4,471,37,434,,4,434,438,0,0,0,0,0,0,0,1
T2c_H_small_world_mitigation_first_policy_2026-09-19_04-15-50,T2c_H_small_world_mitigation_first_policy,T2c_H,H,small_world,mitigation_first_policy,continuous,2026-09-19T04:00Z,complete,complete,1,429,1011,1440,0,522,140,918,47,871,,140,871,1011,0,0,0,0,0,0,0,1
T2c_H_small_world_ozone_stratosphere_specialist_2026-09-19_04-20-38,T2c_H_small_world_ozone_stratosphere_specialist,T2c_H,H,small_world,ozone_stratosphere_specialist,continuous,2026-09-19T04:00Z,complete,complete,1,284,882,1166,0,434,182,732,32,700,,182,852,1034,0,0,0,0,0,0,0,1
T2c_H_small_world_science_journalist_2026-09-19_04-32-03,T2c_H_small_world_science_journalist,T2c_H,H,small_world,science_journalist,continuous,2026-09-19T04:00Z,complete,complete,1,750,243,993,0,375,243,618,618,0,,243,398,641,0,0,0,0,0,0,0,1
T2c_He_echo_chamber_mix_00_2026-09-19_04-13-27,T2c_He_echo_chamber_mix_00,T2c_He,He,echo_chamber,mix_00,continuous,2026-09-19T04:00Z,complete,complete,1,771,156,927,0,345,5,582,426,156,,0,156,156,0,0,0,0,0,0,0,1
T2c_He_echo_chamber_mix_01_2026-09-19_04-13-27,T2c_He_echo_chamber_mix_01,T2c_He,He,echo_chamber,mix_01,continuous,2026-09-19T04:00Z,complete,complete,1,726,196,922,0,342,0,580,384,196,,0,196,196,0,0,0,0,0,0,0,1
T2c_He_echo_chamber_mix_02_2026-09-19_04-13-27,T2c_He_echo_chamber_mix_02,T2c_He,He,echo_chamber,mix_02,continuous,2026-09-19T04:00Z,complete,complete,1,597,517,1114,0,426,0,688,171,517,,0,517,517,0,0,0,0,0,0,0,1
T2c_He_echo_chamber_mix_03_2026-09-19_04-13-27,T2c_He_echo_chamber_mix_03,T2c_He,He,echo_chamber,mix_03,continuous,2026-09-19T04:00Z,complete,complete,1,626,503,1129,0,423,17,706,203,503,,0,503,503,0,0,0,0,0,0,0,1
T2c_He_echo_chamber_mix_04_2026-09-19_04-30-04,T2c_He_echo_chamber_mix_04,T2c_He,He,echo_chamber,mix_04,continuous,2026-09-19T04:00Z,complete,complete,1,57,870,927,0,341,313,586,29,557,,313,1070,1383,0,0,0,0,0,0,0,1
T2c_He_echo_chamber_mix_05_2026-09-19_04-30-13,T2c_He_echo_chamber_mix_05,T2c_He,He,echo_chamber,mix_05,continuous,2026-09-19T04:00Z,complete,complete,1,176,927,1103,0,402,380,701,154,547,,380,902,1282,0,0,0,0,0,0,0,1
T2c_He_hierarchical_mix_00_2026-09-19_04-14-39,T2c_He_hierarchical_mix_00,T2c_He,He,hierarchical,mix_00,continuous,2026-09-19T04:00Z,complete,complete,1,44,0,44,0,15,0,29,29,0,,0,0,0,0,0,0,0,0,0,0,1
T2c_He_hierarchical_mix_01_2026-09-19_04-14-39,T2c_He_hierarchical_mix_01,T2c_He,He,hierarchical,mix_01,continuous,2026-09-19T04:00Z,complete,complete,1,39,0,39,0,12,0,27,27,0,,0,0,0,0,0,0,0,0,0,0,1
T2c_He_hierarchical_mix_02_2026-09-19_04-15-22,T2c_He_hierarchical_mix_02,T2c_He,He,hierarchical,mix_02,continuous,2026-09-19T04:00Z,complete,complete,1,128,0,128,0,48,0,80,80,0,,0,0,0,0,0,0,0,0,0,0,1
T2c_He_hierarchical_mix_03_2026-09-19_04-15-33,T2c_He_hierarchical_mix_03,T2c_He,He,hierarchical,mix_03,continuous,2026-09-19T04:00Z,complete,complete,1,37,0,37,0,14,0,23,23,0,,0,0,0,0,0,0,0,0,0,0,1
T2c_He_hierarchical_mix_04_2026-09-19_04-16-17,T2c_He_hierarchical_mix_04,T2c_He,He,hierarchical,mix_04,continuous,2026-09-19T04:00Z,complete,complete,1,16,0,16,0,4,0,12,12,0,,0,0,0,0,0,0,0,0,0,0,1
T2c_He_hierarchical_mix_05_2026-09-19_04-16-36,T2c_He_hierarchical_mix_05,T2c_He,He,hierarchical,mix_05,continuous,2026-09-19T04:00Z,complete,complete,1,56,0,56,0,22,0,34,34,0,,0,0,0,0,0,0,0,0,0,0,1
T2c_He_linear_chain_mix_00_2026-09-19_02-49-25,T2c_He_linear_chain_mix_00,T2c_He,He,linear_chain,mix_00,continuous,2026-09-19T02:00Z,complete,complete,1,79,0,79,0,38,0,41,41,0,,0,0,0,0,0,0,0,0,0,0,1
T2c_He_linear_chain_mix_01_2026-09-19_02-49-25,T2c_He_linear_chain_mix_01,T2c_He,He,linear_chain,mix_01,continuous,2026-09-19T02:00Z,complete,complete,1,73,0,73,0,34,0,39,39,0,,0,0,0,0,0,0,0,0,0,0,1
T2c_He_linear_chain_mix_02_2026-09-19_02-49-24,T2c_He_linear_chain_mix_02,T2c_He,He,linear_chain,mix_02,continuous,2026-09-19T02:00Z,complete,complete,1,86,0,86,0,40,0,46,46,0,,0,0,0,0,0,0,0,0,0,0,1
T2c_He_linear_chain_mix_03_2026-09-19_02-49-24,T2c_He_linear_chain_mix_03,T2c_He,He,linear_chain,mix_03,continuous,2026-09-19T02:00Z,complete,complete,1,53,0,53,0,24,0,29,29,0,,0,0,0,0,0,0,0,0,0,0,1
T2c_He_linear_chain_mix_04_2026-09-19_02-50-57,T2c_He_linear_chain_mix_04,T2c_He,He,linear_chain,mix_04,continuous,2026-09-19T02:00Z,complete,complete,1,78,0,78,0,38,0,40,40,0,,0,0,0,0,0,0,0,0,0,0,1
T2c_He_linear_chain_mix_05_2026-09-19_02-51-10,T2c_He_linear_chain_mix_05,T2c_He,He,linear_chain,mix_05,continuous,2026-09-19T02:00Z,complete,complete,1,66,0,66,0,32,0,34,34,0,,0,0,0,0,0,0,0,0,0,0,1
T2c_He_polarized_mix_00_2026-09-19_04-17-42,T2c_He_polarized_mix_00,T2c_He,He,polarized,mix_00,continuous,2026-09-19T04:00Z,complete,complete,1,529,0,529,0,198,1,331,331,0,,0,0,0,0,0,0,0,0,0,0,1
T2c_He_polarized_mix_01_2026-09-19_04-17-42,T2c_He_polarized_mix_01,T2c_He,He,polarized,mix_01,continuous,2026-09-19T04:00Z,complete,complete,1,428,457,885,0,328,0,557,100,457,,0,457,457,0,0,0,0,0,0,0,1
T2c_He_polarized_mix_02_2026-09-19_04-17-42,T2c_He_polarized_mix_02,T2c_He,He,polarized,mix_02,continuous,2026-09-19T04:00Z,complete,complete,1,455,360,815,0,287,0,528,168,360,,0,360,360,0,0,0,0,0,0,0,1
T2c_He_polarized_mix_03_2026-09-19_04-17-42,T2c_He_polarized_mix_03,T2c_He,He,polarized,mix_03,continuous,2026-09-19T04:00Z,complete,complete,1,486,375,861,0,318,0,543,168,375,,0,375,375,0,0,0,0,0,0,0,1
T2c_He_polarized_mix_04_2026-09-19_04-18-19,T2c_He_polarized_mix_04,T2c_He,He,polarized,mix_04,continuous,2026-09-19T04:00Z,complete,complete,1,509,211,720,0,255,0,465,254,211,,0,0,0,0,0,0,0,0,0,0,1
T2c_He_polarized_mix_05_2026-09-19_04-18-21,T2c_He_polarized_mix_05,T2c_He,He,polarized,mix_05,continuous,2026-09-19T04:00Z,complete,complete,1,493,217,710,0,267,0,443,226,217,,0,217,217,0,0,0,0,0,0,0,1
T2c_He_random_er_mix_00_2026-09-19_02-54-09,T2c_He_random_er_mix_00,T2c_He,He,random_er,mix_00,continuous,2026-09-19T02:00Z,complete,complete,1,1148,0,1148,0,425,0,723,723,0,,0,0,0,0,0,0,0,0,0,0,1
T2c_He_random_er_mix_01_2026-09-19_02-54-39,T2c_He_random_er_mix_01,T2c_He,He,random_er,mix_01,continuous,2026-09-19T02:00Z,complete,complete,1,795,0,795,0,307,0,488,488,0,,0,0,0,0,0,0,0,0,0,0,1
T2c_He_random_er_mix_02_2026-09-19_02-54-46,T2c_He_random_er_mix_02,T2c_He,He,random_er,mix_02,continuous,2026-09-19T02:00Z,complete,complete,1,1261,0,1261,0,473,0,788,788,0,,0,0,0,0,0,0,0,0,0,0,1
T2c_He_random_er_mix_03_2026-09-19_02-55-13,T2c_He_random_er_mix_03,T2c_He,He,random_er,mix_03,continuous,2026-09-19T02:00Z,complete,complete,1,944,0,944,0,345,0,599,599,0,,0,0,0,0,0,0,0,0,0,0,1
T2c_He_random_er_mix_04_2026-09-19_03-11-03,T2c_He_random_er_mix_04,T2c_He,He,random_er,mix_04,continuous,2026-09-19T03:00Z,complete,complete,1,646,0,646,0,239,0,407,407,0,,0,0,0,0,0,0,0,0,0,0,1
T2c_He_random_er_mix_05_2026-09-19_03-14-24,T2c_He_random_er_mix_05,T2c_He,He,random_er,mix_05,continuous,2026-09-19T03:00Z,complete,complete,1,399,0,399,0,143,0,256,256,0,,0,0,0,0,0,0,0,0,0,0,1
T2c_He_ring_mix_00_2026-09-19_02-51-24,T2c_He_ring_mix_00,T2c_He,He,ring,mix_00,continuous,2026-09-19T02:00Z,complete,complete,1,73,0,73,0,33,0,40,40,0,,0,0,0,0,0,0,0,0,0,0,1
T2c_He_ring_mix_01_2026-09-19_02-51-34,T2c_He_ring_mix_01,T2c_He,He,ring,mix_01,continuous,2026-09-19T02:00Z,complete,complete,1,79,0,79,0,36,0,43,43,0,,0,0,0,0,0,0,0,0,0,0,1
T2c_He_ring_mix_02_2026-09-19_02-52-45,T2c_He_ring_mix_02,T2c_He,He,ring,mix_02,continuous,2026-09-19T02:00Z,complete,complete,1,77,0,77,0,37,0,40,40,0,,0,0,0,0,0,0,0,0,0,0,1
T2c_He_ring_mix_03_2026-09-19_02-52-49,T2c_He_ring_mix_03,T2c_He,He,ring,mix_03,continuous,2026-09-19T02:00Z,complete,complete,1,50,0,50,0,24,0,26,26,0,,0,0,0,0,0,0,0,0,0,0,1
T2c_He_ring_mix_04_2026-09-19_02-53-12,T2c_He_ring_mix_04,T2c_He,He,ring,mix_04,continuous,2026-09-19T02:00Z,complete,complete,1,71,0,71,0,31,0,40,40,0,,0,0,0,0,0,0,0,0,0,0,1
T2c_He_ring_mix_05_2026-09-19_02-53-31,T2c_He_ring_mix_05,T2c_He,He,ring,mix_05,continuous,2026-09-19T02:00Z,complete,complete,1,72,0,72,0,34,0,38,38,0,,0,0,0,0,0,0,0,0,0,0,1
T2c_He_scale_free_mix_00_2026-09-19_03-47-49,T2c_He_scale_free_mix_00,T2c_He,He,scale_free,mix_00,continuous,2026-09-19T03:00Z,complete,complete,1,1091,43,1134,0,421,46,713,713,0,,43,28,71,0,0,0,0,0,0,0,1
T2c_He_scale_free_mix_01_2026-09-19_03-50-20,T2c_He_scale_free_mix_01,T2c_He,He,scale_free,mix_01,continuous,2026-09-19T03:00Z,complete,complete,1,1191,30,1221,0,463,30,758,758,0,,30,0,30,0,0,0,0,0,0,0,1
T2c_He_scale_free_mix_02_2026-09-19_03-35-37,T2c_He_scale_free_mix_02,T2c_He,He,scale_free,mix_02,continuous,2026-09-19T03:00Z,complete,complete,1,1225,217,1442,0,541,0,901,684,217,,0,217,217,0,0,0,0,0,0,0,1
T2c_He_scale_free_mix_03_2026-09-19_03-35-37,T2c_He_scale_free_mix_03,T2c_He,He,scale_free,mix_03,continuous,2026-09-19T03:00Z,complete,complete,1,738,0,738,0,274,0,464,464,0,,0,0,0,0,0,0,0,0,0,0,1
T2c_He_scale_free_mix_04_2026-09-19_04-02-50,T2c_He_scale_free_mix_04,T2c_He,He,scale_free,mix_04,continuous,2026-09-19T04:00Z,complete,complete,1,1141,0,1141,0,407,0,734,734,0,,0,0,0,0,0,0,0,0,0,0,1
T2c_He_scale_free_mix_05_2026-09-19_04-05-58,T2c_He_scale_free_mix_05,T2c_He,He,scale_free,mix_05,continuous,2026-09-19T04:00Z,complete,complete,1,1123,297,1420,0,505,1,915,618,297,,0,297,297,0,0,0,0,0,0,0,1
T2c_He_small_world_mix_00_2026-09-19_03-18-01,T2c_He_small_world_mix_00,T2c_He,He,small_world,mix_00,continuous,2026-09-19T03:00Z,complete,complete,1,963,0,963,0,362,3,601,601,0,,0,0,0,0,0,0,0,0,0,0,1
T2c_He_small_world_mix_01_2026-09-19_03-21-24,T2c_He_small_world_mix_01,T2c_He,He,small_world,mix_01,continuous,2026-09-19T03:00Z,complete,complete,1,981,0,981,0,371,0,610,610,0,,0,0,0,0,0,0,0,0,0,0,1
T2c_He_small_world_mix_02_2026-09-19_03-22-26,T2c_He_small_world_mix_02,T2c_He,He,small_world,mix_02,continuous,2026-09-19T03:00Z,complete,complete,1,1412,0,1412,0,508,0,904,904,0,,0,0,0,0,0,0,0,0,0,0,1
T2c_He_small_world_mix_03_2026-09-19_03-23-28,T2c_He_small_world_mix_03,T2c_He,He,small_world,mix_03,continuous,2026-09-19T03:00Z,complete,complete,1,1201,0,1201,0,452,0,749,749,0,,0,0,0,0,0,0,0,0,0,0,1
T2c_He_small_world_mix_04_2026-09-19_03-37-44,T2c_He_small_world_mix_04,T2c_He,He,small_world,mix_04,continuous,2026-09-19T03:00Z,complete,complete,1,1216,194,1410,0,524,0,886,692,194,,0,194,194,0,0,0,0,0,0,0,1
T2c_He_small_world_mix_05_2026-09-19_03-41-18,T2c_He_small_world_mix_05,T2c_He,He,small_world,mix_05,continuous,2026-09-19T03:00Z,complete,complete,1,1194,173,1367,0,514,0,853,680,173,,0,173,173,0,0,0,0,0,0,0,1
T2d_H_echo_chamber_biodiversity_food_security_2026-09-19_02-50-24,T2d_H_echo_chamber_biodiversity_food_security,T2d_H,H,echo_chamber,biodiversity_food_security,dual,2026-09-19T02:00Z,complete,complete,1,1372,0,1372,0,308,0,532,532,0,,0,0,0,0,0,0,0,0,0,0,1
T2d_H_echo_chamber_climate_action_advocate_2026-09-19_02-50-24,T2d_H_echo_chamber_climate_action_advocate,T2d_H,H,echo_chamber,climate_action_advocate,dual,2026-09-19T02:00Z,complete,complete,1,1709,0,1709,0,373,0,668,668,0,,0,0,0,0,0,0,0,0,0,0,1
T2d_H_echo_chamber_climate_justice_youth_2026-09-19_02-50-24,T2d_H_echo_chamber_climate_justice_youth,T2d_H,H,echo_chamber,climate_justice_youth,dual,2026-09-19T02:00Z,complete,complete,1,2098,0,2098,0,478,0,810,810,0,,0,0,0,0,0,0,0,0,0,0,1
T2d_H_echo_chamber_climate_scientist_2026-09-19_02-50-24,T2d_H_echo_chamber_climate_scientist,T2d_H,H,echo_chamber,climate_scientist,dual,2026-09-19T02:00Z,complete,complete,1,1778,0,1778,0,414,0,682,682,0,,0,0,0,0,0,0,0,0,0,0,1
T2d_H_echo_chamber_conspiracy_believer_2026-09-19_03-07-58,T2d_H_echo_chamber_conspiracy_believer,T2d_H,H,echo_chamber,conspiracy_believer,dual,2026-09-19T03:00Z,complete,complete,1,1692,0,1692,0,388,25,652,652,0,,0,0,0,0,0,0,0,0,0,0,1
T2d_H_echo_chamber_conspiracy_climate_piggyback_2026-09-19_03-11-22,T2d_H_echo_chamber_conspiracy_climate_piggyback,T2d_H,H,echo_chamber,conspiracy_climate_piggyback,dual,2026-09-19T03:00Z,complete,complete,1,2163,0,2163,0,479,6,842,842,0,,0,0,0,0,0,0,0,0,0,0,1
T2d_H_echo_chamber_conspiracy_depopulation_2026-09-19_03-15-16,T2d_H_echo_chamber_conspiracy_depopulation,T2d_H,H,echo_chamber,conspiracy_depopulation,dual,2026-09-19T03:00Z,complete,complete,1,2141,0,2141,0,491,0,825,825,0,,0,0,0,0,0,0,0,0,0,0,1
T2d_H_echo_chamber_conspiracy_haarp_weather_2026-09-19_03-15-42,T2d_H_echo_chamber_conspiracy_haarp_weather,T2d_H,H,echo_chamber,conspiracy_haarp_weather,dual,2026-09-19T03:00Z,complete,complete,1,2051,0,2051,0,445,1,803,803,0,,0,0,0,0,0,0,0,0,0,0,1
T2d_H_echo_chamber_environmental_concern_2026-09-19_03-32-51,T2d_H_echo_chamber_environmental_concern,T2d_H,H,echo_chamber,environmental_concern,dual,2026-09-19T03:00Z,complete,complete,1,1745,0,1745,0,397,0,674,674,0,,0,0,0,0,0,0,0,0,0,0,1
T2d_H_echo_chamber_mitigation_first_policy_2026-09-19_03-38-45,T2d_H_echo_chamber_mitigation_first_policy,T2d_H,H,echo_chamber,mitigation_first_policy,dual,2026-09-19T03:00Z,complete,complete,1,1437,206,1647,4,381,0,633,521,112,,0,112,112,0,0,0,0,0,0,0,1
T2d_H_echo_chamber_ozone_stratosphere_specialist_2026-09-19_03-40-35,T2d_H_echo_chamber_ozone_stratosphere_specialist,T2d_H,H,echo_chamber,ozone_stratosphere_specialist,dual,2026-09-19T03:00Z,complete,complete,1,1293,129,1424,2,320,0,552,479,73,,0,73,73,0,0,0,0,0,0,0,1
T2d_H_echo_chamber_science_journalist_2026-09-19_03-42-36,T2d_H_echo_chamber_science_journalist,T2d_H,H,echo_chamber,science_journalist,dual,2026-09-19T03:00Z,complete,complete,1,1017,407,1426,2,320,0,553,327,226,,0,226,226,0,0,0,0,0,0,0,1
T2d_H_hierarchical_biodiversity_food_security_2026-09-19_03-55-30,T2d_H_hierarchical_biodiversity_food_security,T2d_H,H,hierarchical,biodiversity_food_security,dual,2026-09-19T03:00Z,complete,complete,1,805,29,834,0,190,29,322,322,0,,29,0,29,0,0,0,0,0,0,0,1
T2d_H_hierarchical_climate_action_advocate_2026-09-19_03-57-42,T2d_H_hierarchical_climate_action_advocate,T2d_H,H,hierarchical,climate_action_advocate,dual,2026-09-19T03:00Z,complete,complete,1,664,27,691,0,169,27,261,261,0,,27,0,27,0,0,0,0,0,0,0,1
T2d_H_hierarchical_climate_justice_youth_2026-09-19_03-57-50,T2d_H_hierarchical_climate_justice_youth,T2d_H,H,hierarchical,climate_justice_youth,dual,2026-09-19T03:00Z,complete,complete,1,938,13,951,0,209,13,371,371,0,,13,0,13,0,0,0,0,0,0,0,1
T2d_H_hierarchical_climate_scientist_2026-09-19_03-58-00,T2d_H_hierarchical_climate_scientist,T2d_H,H,hierarchical,climate_scientist,dual,2026-09-19T03:00Z,complete,complete,1,724,41,765,0,175,41,295,295,0,,41,0,41,0,0,0,0,0,0,0,1
T2d_H_hierarchical_conspiracy_believer_2026-09-19_04-05-15,T2d_H_hierarchical_conspiracy_believer,T2d_H,H,hierarchical,conspiracy_believer,dual,2026-09-19T04:00Z,complete,complete,1,968,0,968,0,216,12,376,376,0,,0,0,0,0,0,0,0,0,0,0,1
T2d_H_hierarchical_conspiracy_climate_piggyback_2026-09-19_04-05-59,T2d_H_hierarchical_conspiracy_climate_piggyback,T2d_H,H,hierarchical,conspiracy_climate_piggyback,dual,2026-09-19T04:00Z,complete,complete,1,781,0,781,0,177,1,302,302,0,,0,0,0,0,0,0,0,0,0,0,1
T2d_H_hierarchical_conspiracy_depopulation_2026-09-19_04-06-38,T2d_H_hierarchical_conspiracy_depopulation,T2d_H,H,hierarchical,conspiracy_depopulation,dual,2026-09-19T04:00Z,complete,complete,1,521,0,521,0,127,0,197,197,0,,0,0,0,0,0,0,0,0,0,0,1
T2d_H_hierarchical_conspiracy_haarp_weather_2026-09-19_04-09-49,T2d_H_hierarchical_conspiracy_haarp_weather,T2d_H,H,hierarchical,conspiracy_haarp_weather,dual,2026-09-19T04:00Z,complete,complete,1,871,0,871,0,185,0,343,343,0,,0,0,0,0,0,0,0,0,0,0,1
T2d_H_hierarchical_environmental_concern_2026-09-19_04-13-49,T2d_H_hierarchical_environmental_concern,T2d_H,H,hierarchical,environmental_concern,dual,2026-09-19T04:00Z,complete,complete,1,870,0,870,0,190,0,340,340,0,,0,0,0,0,0,0,0,0,0,0,1
T2d_H_hierarchical_mitigation_first_policy_2026-09-19_04-16-30,T2d_H_hierarchical_mitigation_first_policy,T2d_H,H,hierarchical,mitigation_first_policy,dual,2026-09-19T04:00Z,complete,complete,1,662,0,662,0,154,0,254,254,0,,0,0,0,0,0,0,0,0,0,0,1
T2d_H_hierarchical_ozone_stratosphere_specialist_2026-09-19_04-17-32,T2d_H_hierarchical_ozone_stratosphere_specialist,T2d_H,H,hierarchical,ozone_stratosphere_specialist,dual,2026-09-19T04:00Z,complete,complete,1,850,0,850,0,194,0,328,328,0,,0,0,0,0,0,0,0,0,0,0,1
T2d_H_hierarchical_science_journalist_2026-09-19_04-20-14,T2d_H_hierarchical_science_journalist,T2d_H,H,hierarchical,science_journalist,dual,2026-09-19T04:00Z,complete,complete,1,664,0,664,0,148,0,258,258,0,,0,0,0,0,0,0,0,0,0,0,1
T2d_H_linear_chain_biodiversity_food_security_2026-09-19_02-53-05,T2d_H_linear_chain_biodiversity_food_security,T2d_H,H,linear_chain,biodiversity_food_security,dual,2026-09-19T02:00Z,complete,complete,1,130,0,130,0,38,0,46,46,0,,0,0,0,0,0,0,0,0,0,0,1
T2d_H_linear_chain_climate_action_advocate_2026-09-19_02-50-54,T2d_H_linear_chain_climate_action_advocate,T2d_H,H,linear_chain,climate_action_advocate,dual,2026-09-19T02:00Z,complete,complete,1,137,0,137,0,45,0,46,46,0,,0,0,0,0,0,0,0,0,0,0,1
T2d_H_linear_chain_climate_justice_youth_2026-09-19_02-51-14,T2d_H_linear_chain_climate_justice_youth,T2d_H,H,linear_chain,climate_justice_youth,dual,2026-09-19T02:00Z,complete,complete,1,123,0,123,0,39,0,42,42,0,,0,0,0,0,0,0,0,0,0,0,1
T2d_H_linear_chain_climate_scientist_2026-09-19_02-53-33,T2d_H_linear_chain_climate_scientist,T2d_H,H,linear_chain,climate_scientist,dual,2026-09-19T02:00Z,complete,complete,1,135,0,135,0,43,0,46,46,0,,0,0,0,0,0,0,0,0,0,0,1
T2d_H_linear_chain_conspiracy_believer_2026-09-19_02-49-25,T2d_H_linear_chain_conspiracy_believer,T2d_H,H,linear_chain,conspiracy_believer,dual,2026-09-19T02:00Z,complete,complete,1,100,0,100,0,28,1,36,36,0,,0,0,0,0,0,0,0,0,0,0,1
T2d_H_linear_chain_conspiracy_climate_piggyback_2026-09-19_02-49-25,T2d_H_linear_chain_conspiracy_climate_piggyback,T2d_H,H,linear_chain,conspiracy_climate_piggyback,dual,2026-09-19T02:00Z,complete,complete,1,116,0,116,0,36,1,40,40,0,,0,0,0,0,0,0,0,0,0,0,1
T2d_H_linear_chain_conspiracy_depopulation_2026-09-19_02-49-25,T2d_H_linear_chain_conspiracy_depopulation,T2d_H,H,linear_chain,conspiracy_depopulation,dual,2026-09-19T02:00Z,complete,complete,1,90,0,90,0,28,0,31,31,0,,0,0,0,0,0,0,0,0,0,0,1
T2d_H_linear_chain_conspiracy_haarp_weather_2026-09-19_02-49-25,T2d_H_linear_chain_conspiracy_haarp_weather,T2d_H,H,linear_chain,conspiracy_haarp_weather,dual,2026-09-19T02:00Z,complete,complete,1,122,0,122,0,38,0,42,42,0,,0,0,0,0,0,0,0,0,0,0,1
T2d_H_linear_chain_environmental_concern_2026-09-19_02-51-20,T2d_H_linear_chain_environmental_concern,T2d_H,H,linear_chain,environmental_concern,dual,2026-09-19T02:00Z,complete,complete,1,125,0,125,0,37,0,44,44,0,,0,0,0,0,0,0,0,0,0,0,1
T2d_H_linear_chain_mitigation_first_policy_2026-09-19_02-51-19,T2d_H_linear_chain_mitigation_first_policy,T2d_H,H,linear_chain,mitigation_first_policy,dual,2026-09-19T02:00Z,complete,complete,1,135,0,135,0,43,0,46,46,0,,0,0,0,0,0,0,0,0,0,0,1
T2d_H_linear_chain_ozone_stratosphere_specialist_2026-09-19_02-53-04,T2d_H_linear_chain_ozone_stratosphere_specialist,T2d_H,H,linear_chain,ozone_stratosphere_specialist,dual,2026-09-19T02:00Z,complete,complete,1,132,0,132,0,42,1,45,45,0,,0,0,0,0,0,0,0,0,0,0,1
T2d_H_linear_chain_science_journalist_2026-09-19_02-54-17,T2d_H_linear_chain_science_journalist,T2d_H,H,linear_chain,science_journalist,dual,2026-09-19T02:00Z,complete,complete,1,103,0,103,0,31,0,36,36,0,,0,0,0,0,0,0,0,0,0,0,1
T2d_H_polarized_biodiversity_food_security_2026-09-19_04-25-13,T2d_H_polarized_biodiversity_food_security,T2d_H,H,polarized,biodiversity_food_security,dual,2026-09-19T04:00Z,complete,complete,1,221,1273,1495,1,339,180,578,8,570,,180,570,750,0,0,0,0,0,0,0,1
T2d_H_polarized_climate_action_advocate_2026-09-19_04-30-42,T2d_H_polarized_climate_action_advocate,T2d_H,H,polarized,climate_action_advocate,dual,2026-09-19T04:00Z,complete,complete,1,119,1295,1414,0,314,291,550,26,524,,379,1161,1540,0,0,0,0,0,0,0,1
T2d_H_polarized_climate_justice_youth_2026-09-19_04-30-59,T2d_H_polarized_climate_justice_youth,T2d_H,H,polarized,climate_justice_youth,dual,2026-09-19T04:00Z,complete,complete,1,342,1074,1416,0,316,296,550,142,408,,330,1102,1432,0,0,0,0,0,0,0,1
T2d_H_polarized_climate_scientist_2026-09-19_04-28-33,T2d_H_polarized_climate_scientist,T2d_H,H,polarized,climate_scientist,dual,2026-09-19T04:00Z,complete,complete,1,163,1621,1785,1,401,340,692,16,676,,340,676,1016,0,0,0,0,0,0,0,1
T2d_H_polarized_conspiracy_believer_2026-09-19_04-17-42,T2d_H_polarized_conspiracy_believer,T2d_H,H,polarized,conspiracy_believer,dual,2026-09-19T04:00Z,complete,complete,1,457,1358,1817,2,413,56,702,22,680,,38,680,718,0,0,0,0,0,0,0,1
T2d_H_polarized_conspiracy_climate_piggyback_2026-09-19_04-17-42,T2d_H_polarized_conspiracy_climate_piggyback,T2d_H,H,polarized,conspiracy_climate_piggyback,dual,2026-09-19T04:00Z,complete,complete,1,433,1178,1612,1,368,45,622,19,603,,32,603,635,0,0,0,0,0,0,0,1
T2d_H_polarized_conspiracy_depopulation_2026-09-19_04-17-42,T2d_H_polarized_conspiracy_depopulation,T2d_H,H,polarized,conspiracy_depopulation,dual,2026-09-19T04:00Z,complete,complete,1,582,913,1496,1,332,0,582,92,490,,0,490,490,0,0,0,0,0,0,0,1
T2d_H_polarized_conspiracy_haarp_weather_2026-09-19_04-17-42,T2d_H_polarized_conspiracy_haarp_weather,T2d_H,H,polarized,conspiracy_haarp_weather,dual,2026-09-19T04:00Z,complete,complete,1,494,1149,1644,1,368,7,638,30,608,,6,608,614,0,0,0,0,0,0,0,1
T2d_H_polarized_environmental_concern_2026-09-19_04-31-45,T2d_H_polarized_environmental_concern,T2d_H,H,polarized,environmental_concern,dual,2026-09-19T04:00Z,complete,complete,1,1450,270,1720,0,384,270,668,668,0,,338,318,656,0,0,0,0,0,0,0,1
T2d_H_polarized_mitigation_first_policy_2026-09-19_04-32-04,T2d_H_polarized_mitigation_first_policy,T2d_H,H,polarized,mitigation_first_policy,dual,2026-09-19T04:00Z,complete,complete,1,1193,193,1386,0,312,193,537,537,0,,377,23,400,0,0,0,0,0,0,0,1
T2d_H_polarized_ozone_stratosphere_specialist_2026-09-19_04-49-20,T2d_H_polarized_ozone_stratosphere_specialist,T2d_H,H,polarized,ozone_stratosphere_specialist,dual,2026-09-19T04:00Z,running,in_progress,1,0,0,1725,1725,399,0,663,578,85,,0,0,0,0,0,0,0,0,0,1,1
T2d_H_polarized_science_journalist_2026-09-19_04-33-08,T2d_H_polarized_science_journalist,T2d_H,H,polarized,science_journalist,dual,2026-09-19T04:00Z,complete,complete,1,1811,0,1811,0,413,0,699,699,0,,0,0,0,0,0,0,0,0,0,0,1
T2d_H_random_er_biodiversity_food_security_2026-09-19_03-35-36,T2d_H_random_er_biodiversity_food_security,T2d_H,H,random_er,biodiversity_food_security,dual,2026-09-19T03:00Z,complete,complete,1,1468,0,1468,0,316,0,576,576,0,,0,0,0,0,0,0,0,0,0,0,1
T2d_H_random_er_climate_action_advocate_2026-09-19_03-08-33,T2d_H_random_er_climate_action_advocate,T2d_H,H,random_er,climate_action_advocate,dual,2026-09-19T03:00Z,complete,complete,1,1395,0,1395,0,315,0,540,540,0,,0,0,0,0,0,0,0,0,0,0,1
T2d_H_random_er_climate_justice_youth_2026-09-19_03-14-49,T2d_H_random_er_climate_justice_youth,T2d_H,H,random_er,climate_justice_youth,dual,2026-09-19T03:00Z,complete,complete,1,2123,0,2123,0,499,1,812,812,0,,0,0,0,0,0,0,0,0,0,0,1
T2d_H_random_er_climate_scientist_2026-09-19_03-37-35,T2d_H_random_er_climate_scientist,T2d_H,H,random_er,climate_scientist,dual,2026-09-19T03:00Z,complete,complete,1,1235,579,1814,0,406,0,704,381,323,,0,323,323,0,0,0,0,0,0,0,1
T2d_H_random_er_conspiracy_believer_2026-09-19_02-59-49,T2d_H_random_er_conspiracy_believer,T2d_H,H,random_er,conspiracy_believer,dual,2026-09-19T02:00Z,complete,complete,1,998,0,998,0,238,42,380,380,0,,0,0,0,0,0,0,0,0,0,0,1
T2d_H_random_er_conspiracy_climate_piggyback_2026-09-19_03-01-49,T2d_H_random_er_conspiracy_climate_piggyback,T2d_H,H,random_er,conspiracy_climate_piggyback,dual,2026-09-19T03:00Z,complete,complete,1,531,0,531,0,113,0,209,209,0,,0,0,0,0,0,0,0,0,0,0,1
T2d_H_random_er_conspiracy_depopulation_2026-09-19_03-01-29,T2d_H_random_er_conspiracy_depopulation,T2d_H,H,random_er,conspiracy_depopulation,dual,2026-09-19T03:00Z,complete,complete,1,1564,0,1564,0,344,0,610,610,0,,0,0,0,0,0,0,0,0,0,0,1
T2d_H_random_er_conspiracy_haarp_weather_2026-09-19_02-59-53,T2d_H_random_er_conspiracy_haarp_weather,T2d_H,H,random_er,conspiracy_haarp_weather,dual,2026-09-19T02:00Z,complete,complete,1,1735,0,1735,0,381,0,677,677,0,,0,0,0,0,0,0,0,0,0,0,1
T2d_H_random_er_environmental_concern_2026-09-19_03-21-07,T2d_H_random_er_environmental_concern,T2d_H,H,random_er,environmental_concern,dual,2026-09-19T03:00Z,complete,complete,1,1037,0,1037,0,249,0,394,394,0,,0,0,0,0,0,0,0,0,0,0,1
T2d_H_random_er_mitigation_first_policy_2026-09-19_03-20-54,T2d_H_random_er_mitigation_first_policy,T2d_H,H,random_er,mitigation_first_policy,dual,2026-09-19T03:00Z,complete,complete,1,1816,0,1816,0,420,0,698,698,0,,0,0,0,0,0,0,0,0,0,0,1
T2d_H_random_er_ozone_stratosphere_specialist_2026-09-19_03-25-53,T2d_H_random_er_ozone_stratosphere_specialist,T2d_H,H,random_er,ozone_stratosphere_specialist,dual,2026-09-19T03:00Z,complete,complete,1,923,0,923,0,213,0,355,355,0,,0,0,0,0,0,0,0,0,0,0,1
T2d_H_random_er_science_journalist_2026-09-19_03-41-01,T2d_H_random_er_science_journalist,T2d_H,H,random_er,science_journalist,dual,2026-09-19T03:00Z,complete,complete,1,1081,591,1672,0,382,0,645,313,332,,0,332,332,0,0,0,0,0,0,0,1
T2d_H_ring_biodiversity_food_security_2026-09-19_02-58-23,T2d_H_ring_biodiversity_food_security,T2d_H,H,ring,biodiversity_food_security,dual,2026-09-19T02:00Z,complete,complete,1,93,0,93,0,29,0,32,32,0,,0,0,0,0,0,0,0,0,0,0,1
T2d_H_ring_climate_action_advocate_2026-09-19_02-56-28,T2d_H_ring_climate_action_advocate,T2d_H,H,ring,climate_action_advocate,dual,2026-09-19T02:00Z,complete,complete,1,101,0,101,0,33,0,34,34,0,,0,0,0,0,0,0,0,0,0,0,1
T2d_H_ring_climate_justice_youth_2026-09-19_02-56-57,T2d_H_ring_climate_justice_youth,T2d_H,H,ring,climate_justice_youth,dual,2026-09-19T02:00Z,complete,complete,1,102,0,102,0,30,1,36,36,0,,0,0,0,0,0,0,0,0,0,0,1
T2d_H_ring_climate_scientist_2026-09-19_02-59-25,T2d_H_ring_climate_scientist,T2d_H,H,ring,climate_scientist,dual,2026-09-19T02:00Z,complete,complete,1,103,0,103,0,33,0,35,35,0,,0,0,0,0,0,0,0,0,0,0,1
T2d_H_ring_conspiracy_believer_2026-09-19_02-55-05,T2d_H_ring_conspiracy_believer,T2d_H,H,ring,conspiracy_believer,dual,2026-09-19T02:00Z,complete,complete,1,76,0,76,0,24,3,26,26,0,,0,0,0,0,0,0,0,0,0,0,1
T2d_H_ring_conspiracy_climate_piggyback_2026-09-19_02-56-03,T2d_H_ring_conspiracy_climate_piggyback,T2d_H,H,ring,conspiracy_climate_piggyback,dual,2026-09-19T02:00Z,complete,complete,1,120,0,120,0,38,1,41,41,0,,0,0,0,0,0,0,0,0,0,0,1
T2d_H_ring_conspiracy_depopulation_2026-09-19_02-56-00,T2d_H_ring_conspiracy_depopulation,T2d_H,H,ring,conspiracy_depopulation,dual,2026-09-19T02:00Z,complete,complete,1,90,0,90,0,28,0,31,31,0,,0,0,0,0,0,0,0,0,0,0,1
T2d_H_ring_conspiracy_haarp_weather_2026-09-19_02-55-11,T2d_H_ring_conspiracy_haarp_weather,T2d_H,H,ring,conspiracy_haarp_weather,dual,2026-09-19T02:00Z,complete,complete,1,114,0,114,0,34,0,40,40,0,,0,0,0,0,0,0,0,0,0,0,1
T2d_H_ring_environmental_concern_2026-09-19_02-58-00,T2d_H_ring_environmental_concern,T2d_H,H,ring,environmental_concern,dual,2026-09-19T02:00Z,complete,complete,1,122,0,122,0,36,0,43,43,0,,0,0,0,0,0,0,0,0,0,0,1
T2d_H_ring_mitigation_first_policy_2026-09-19_02-57-25,T2d_H_ring_mitigation_first_policy,T2d_H,H,ring,mitigation_first_policy,dual,2026-09-19T02:00Z,complete,complete,1,140,0,140,0,44,0,48,48,0,,0,0,0,0,0,0,0,0,0,0,1
T2d_H_ring_ozone_stratosphere_specialist_2026-09-19_02-58-05,T2d_H_ring_ozone_stratosphere_specialist,T2d_H,H,ring,ozone_stratosphere_specialist,dual,2026-09-19T02:00Z,complete,complete,1,118,0,118,0,38,0,40,40,0,,0,0,0,0,0,0,0,0,0,0,1
T2d_H_ring_science_journalist_2026-09-19_02-59-47,T2d_H_ring_science_journalist,T2d_H,H,ring,science_journalist,dual,2026-09-19T02:00Z,complete,complete,1,118,0,118,0,36,0,41,41,0,,0,0,0,0,0,0,0,0,0,0,1
T2d_H_scale_free_biodiversity_food_security_2026-09-19_04-43-08,T2d_H_scale_free_biodiversity_food_security,T2d_H,H,scale_free,biodiversity_food_security,dual,2026-09-19T04:00Z,running,in_progress,1,0,0,2374,2374,532,0,921,786,135,,0,0,0,0,0,0,0,0,0,1,1
T2d_H_scale_free_climate_action_advocate_2026-09-19_03-57-44,T2d_H_scale_free_climate_action_advocate,T2d_H,H,scale_free,climate_action_advocate,dual,2026-09-19T03:00Z,complete,complete,1,2243,59,2302,0,520,59,891,891,0,,59,0,59,0,0,0,0,0,0,0,1
T2d_H_scale_free_climate_justice_youth_2026-09-19_03-57-55,T2d_H_scale_free_climate_justice_youth,T2d_H,H,scale_free,climate_justice_youth,dual,2026-09-19T03:00Z,complete,complete,1,2326,18,2345,1,547,19,899,899,0,,19,0,18,0,0,1,0,0,0,0,1
T2d_H_scale_free_climate_scientist_2026-09-19_04-45-00,T2d_H_scale_free_climate_scientist,T2d_H,H,scale_free,climate_scientist,dual,2026-09-19T04:00Z,complete,complete,1,1490,0,1490,0,334,0,578,578,0,,0,0,0,0,0,0,0,0,0,0,1
T2d_H_scale_free_conspiracy_believer_2026-09-19_03-35-37,T2d_H_scale_free_conspiracy_believer,T2d_H,H,scale_free,conspiracy_believer,dual,2026-09-19T03:00Z,complete,complete,1,1617,0,1617,0,379,40,619,619,0,,0,0,0,0,0,0,0,0,0,0,1
T2d_H_scale_free_conspiracy_climate_piggyback_2026-09-19_03-57-24,T2d_H_scale_free_conspiracy_climate_piggyback,T2d_H,H,scale_free,conspiracy_climate_piggyback,dual,2026-09-19T03:00Z,complete,complete,1,2236,53,2289,0,521,59,884,884,0,,53,0,53,0,0,0,0,0,0,0,1
T2d_H_scale_free_conspiracy_depopulation_2026-09-19_03-35-38,T2d_H_scale_free_conspiracy_depopulation,T2d_H,H,scale_free,conspiracy_depopulation,dual,2026-09-19T03:00Z,complete,complete,1,1622,301,1925,2,445,2,740,573,167,,0,167,167,0,0,0,0,0,0,0,1
T2d_H_scale_free_conspiracy_haarp_weather_2026-09-19_03-35-37,T2d_H_scale_free_conspiracy_haarp_weather,T2d_H,H,scale_free,conspiracy_haarp_weather,dual,2026-09-19T03:00Z,complete,complete,1,1793,176,1969,0,445,1,762,667,95,,0,95,95,0,0,0,0,0,0,0,1
T2d_H_scale_free_environmental_concern_2026-09-19_04-25-49,T2d_H_scale_free_environmental_concern,T2d_H,H,scale_free,environmental_concern,dual,2026-09-19T04:00Z,complete,complete,1,167,962,1131,2,253,140,439,11,428,,140,428,568,0,0,0,0,0,0,0,1
T2d_H_scale_free_mitigation_first_policy_2026-09-19_04-31-40,T2d_H_scale_free_mitigation_first_policy,T2d_H,H,scale_free,mitigation_first_policy,dual,2026-09-19T04:00Z,complete,complete,1,1857,301,2158,0,504,301,827,827,0,,301,587,888,0,0,0,0,0,0,0,1
T2d_H_scale_free_ozone_stratosphere_specialist_2026-09-19_04-26-57,T2d_H_scale_free_ozone_stratosphere_specialist,T2d_H,H,scale_free,ozone_stratosphere_specialist,dual,2026-09-19T04:00Z,complete,complete,1,206,1777,1984,1,426,327,779,18,761,,327,761,1088,0,0,0,0,0,0,0,1
T2d_H_scale_free_science_journalist_2026-09-19_04-42-29,T2d_H_scale_free_science_journalist,T2d_H,H,scale_free,science_journalist,dual,2026-09-19T04:00Z,complete,complete,1,1176,0,1176,0,270,0,453,453,0,,0,0,0,0,0,0,0,0,0,0,1
T2d_H_small_world_biodiversity_food_security_2026-09-19_04-26-39,T2d_H_small_world_biodiversity_food_security,T2d_H,H,small_world,biodiversity_food_security,dual,2026-09-19T04:00Z,complete,complete,1,408,1912,2320,0,544,424,888,101,787,,582,1387,1969,0,0,0,0,0,0,0,1
T2d_H_small_world_climate_action_advocate_2026-09-19_03-58-13,T2d_H_small_world_climate_action_advocate,T2d_H,H,small_world,climate_action_advocate,dual,2026-09-19T03:00Z,complete,complete,1,1952,0,1952,0,440,0,756,756,0,,0,0,0,0,0,0,0,0,0,0,1
T2d_H_small_world_climate_justice_youth_2026-09-19_03-58-03,T2d_H_small_world_climate_justice_youth,T2d_H,H,small_world,climate_justice_youth,dual,2026-09-19T03:00Z,complete,complete,1,2375,8,2383,0,533,8,925,925,0,,8,0,8,0,0,0,0,0,0,0,1
T2d_H_small_world_climate_scientist_2026-09-19_04-26-13,T2d_H_small_world_climate_scientist,T2d_H,H,small_world,climate_scientist,dual,2026-09-19T04:00Z,complete,complete,1,575,1824,2399,0,547,422,926,186,740,,0,0,0,0,0,0,0,0,0,0,1
T2d_H_small_world_conspiracy_believer_2026-09-19_03-35-37,T2d_H_small_world_conspiracy_believer,T2d_H,H,small_world,conspiracy_believer,dual,2026-09-19T03:00Z,complete,complete,1,1719,611,2330,0,522,37,904,558,346,,0,0,0,0,0,0,0,0,0,0,1
T2d_H_small_world_conspiracy_climate_piggyback_2026-09-19_03-35-38,T2d_H_small_world_conspiracy_climate_piggyback,T2d_H,H,small_world,conspiracy_climate_piggyback,dual,2026-09-19T03:00Z,complete,complete,1,1481,480,1962,1,476,8,743,478,265,,0,265,265,0,0,0,0,0,0,0,1
T2d_H_small_world_conspiracy_depopulation_2026-09-19_03-35-37,T2d_H_small_world_conspiracy_depopulation,T2d_H,H,small_world,conspiracy_depopulation,dual,2026-09-19T03:00Z,complete,complete,1,1537,0,1537,0,355,0,591,591,0,,0,0,0,0,0,0,0,0,0,0,1
T2d_H_small_world_conspiracy_haarp_weather_2026-09-19_03-52-51,T2d_H_small_world_conspiracy_haarp_weather,T2d_H,H,small_world,conspiracy_haarp_weather,dual,2026-09-19T03:00Z,complete,complete,1,2214,43,2257,0,503,44,877,877,0,,43,336,379,0,0,0,0,0,0,0,1
T2d_H_small_world_environmental_concern_2026-09-19_04-19-41,T2d_H_small_world_environmental_concern,T2d_H,H,small_world,environmental_concern,dual,2026-09-19T04:00Z,complete,complete,1,333,1214,1548,1,358,89,595,8,587,,89,857,946,0,0,0,0,0,0,0,1
T2d_H_small_world_mitigation_first_policy_2026-09-19_04-00-25,T2d_H_small_world_mitigation_first_policy,T2d_H,H,small_world,mitigation_first_policy,dual,2026-09-19T04:00Z,complete,complete,1,2014,0,2014,0,462,0,776,776,0,,0,0,0,0,0,0,0,0,0,0,1
T2d_H_small_world_ozone_stratosphere_specialist_2026-09-19_04-21-34,T2d_H_small_world_ozone_stratosphere_specialist,T2d_H,H,small_world,ozone_stratosphere_specialist,dual,2026-09-19T04:00Z,complete,complete,1,380,1968,2349,1,553,307,898,18,880,,307,1382,1689,0,0,0,0,0,0,0,1
T2d_H_small_world_science_journalist_2026-09-19_04-31-18,T2d_H_small_world_science_journalist,T2d_H,H,small_world,science_journalist,dual,2026-09-19T04:00Z,complete,complete,1,1537,373,1910,0,420,373,745,745,0,,607,346,953,0,0,0,0,0,0,0,1
T2d_He_echo_chamber_mix_00_2026-09-19_04-17-36,T2d_He_echo_chamber_mix_00,T2d_He,He,echo_chamber,mix_00,dual,2026-09-19T04:00Z,complete,complete,1,482,1045,1528,1,360,12,584,26,558,,6,979,985,0,0,0,0,0,0,0,1
T2d_He_echo_chamber_mix_01_2026-09-19_04-20-32,T2d_He_echo_chamber_mix_01,T2d_He,He,echo_chamber,mix_01,dual,2026-09-19T04:00Z,complete,complete,1,351,1017,1371,3,315,46,528,17,511,,45,750,795,0,0,0,0,0,0,0,1
T2d_He_echo_chamber_mix_02_2026-09-19_04-13-27,T2d_He_echo_chamber_mix_02,T2d_He,He,echo_chamber,mix_02,dual,2026-09-19T04:00Z,complete,complete,1,1107,406,1514,1,344,0,585,357,228,,0,228,228,0,0,0,0,0,0,0,1
T2d_He_echo_chamber_mix_03_2026-09-19_04-13-27,T2d_He_echo_chamber_mix_03,T2d_He,He,echo_chamber,mix_03,dual,2026-09-19T04:00Z,complete,complete,1,1054,690,1745,1,381,11,682,305,377,,0,377,377,0,0,0,0,0,0,0,1
T2d_He_echo_chamber_mix_04_2026-09-19_04-30-50,T2d_He_echo_chamber_mix_04,T2d_He,He,echo_chamber,mix_04,dual,2026-09-19T04:00Z,complete,complete,1,374,1150,1524,0,354,334,585,157,428,,466,983,1449,0,0,0,0,0,0,0,1
T2d_He_echo_chamber_mix_05_2026-09-19_04-30-13,T2d_He_echo_chamber_mix_05,T2d_He,He,echo_chamber,mix_05,dual,2026-09-19T04:00Z,complete,complete,1,121,1725,1847,1,427,408,710,19,691,,211,0,211,0,0,0,0,0,0,0,1
T2d_He_hierarchical_mix_00_2026-09-19_04-17-53,T2d_He_hierarchical_mix_00,T2d_He,He,hierarchical,mix_00,dual,2026-09-19T04:00Z,complete,complete,1,44,0,44,0,8,0,18,18,0,,0,0,0,0,0,0,0,0,0,0,1
T2d_He_hierarchical_mix_01_2026-09-19_04-17-53,T2d_He_hierarchical_mix_01,T2d_He,He,hierarchical,mix_01,dual,2026-09-19T04:00Z,complete,complete,1,79,0,79,0,17,0,31,31,0,,0,0,0,0,0,0,0,0,0,0,1
T2d_He_hierarchical_mix_02_2026-09-19_04-17-53,T2d_He_hierarchical_mix_02,T2d_He,He,hierarchical,mix_02,dual,2026-09-19T04:00Z,complete,complete,1,256,0,256,0,60,0,98,98,0,,0,0,0,0,0,0,0,0,0,0,1
T2d_He_hierarchical_mix_03_2026-09-19_04-17-53,T2d_He_hierarchical_mix_03,T2d_He,He,hierarchical,mix_03,dual,2026-09-19T04:00Z,complete,complete,1,86,0,86,0,22,1,32,32,0,,0,0,0,0,0,0,0,0,0,0,1
T2d_He_hierarchical_mix_04_2026-09-19_04-18-25,T2d_He_hierarchical_mix_04,T2d_He,He,hierarchical,mix_04,dual,2026-09-19T04:00Z,complete,complete,1,60,0,60,0,12,0,24,24,0,,0,0,0,0,0,0,0,0,0,0,1
T2d_He_hierarchical_mix_05_2026-09-19_04-18-58,T2d_He_hierarchical_mix_05,T2d_He,He,hierarchical,mix_05,dual,2026-09-19T04:00Z,complete,complete,1,112,0,112,0,22,0,45,45,0,,0,0,0,0,0,0,0,0,0,0,1
T2d_He_linear_chain_mix_00_2026-09-19_02-49-25,T2d_He_linear_chain_mix_00,T2d_He,He,linear_chain,mix_00,dual,2026-09-19T02:00Z,complete,complete,1,99,0,99,0,29,0,35,35,0,,0,0,0,0,0,0,0,0,0,0,1
T2d_He_linear_chain_mix_01_2026-09-19_02-49-25,T2d_He_linear_chain_mix_01,T2d_He,He,linear_chain,mix_01,dual,2026-09-19T02:00Z,complete,complete,1,135,0,135,0,43,0,46,46,0,,0,0,0,0,0,0,0,0,0,0,1
T2d_He_linear_chain_mix_02_2026-09-19_02-49-25,T2d_He_linear_chain_mix_02,T2d_He,He,linear_chain,mix_02,dual,2026-09-19T02:00Z,complete,complete,1,133,0,133,0,43,0,45,45,0,,0,0,0,0,0,0,0,0,0,0,1
T2d_He_linear_chain_mix_03_2026-09-19_02-49-25,T2d_He_linear_chain_mix_03,T2d_He,He,linear_chain,mix_03,dual,2026-09-19T02:00Z,complete,complete,1,118,0,118,0,38,0,40,40,0,,0,0,0,0,0,0,0,0,0,0,1
T2d_He_linear_chain_mix_04_2026-09-19_02-51-04,T2d_He_linear_chain_mix_04,T2d_He,He,linear_chain,mix_04,dual,2026-09-19T02:00Z,complete,complete,1,107,0,107,0,33,0,37,37,0,,0,0,0,0,0,0,0,0,0,0,1
T2d_He_linear_chain_mix_05_2026-09-19_02-51-37,T2d_He_linear_chain_mix_05,T2d_He,He,linear_chain,mix_05,dual,2026-09-19T02:00Z,complete,complete,1,132,0,132,0,40,0,46,46,0,,0,0,0,0,0,0,0,0,0,0,1
T2d_He_polarized_mix_00_2026-09-19_04-17-42,T2d_He_polarized_mix_00,T2d_He,He,polarized,mix_00,dual,2026-09-19T04:00Z,complete,complete,1,793,421,1215,1,267,0,474,246,228,,0,228,228,0,0,0,0,0,0,0,1
T2d_He_polarized_mix_01_2026-09-19_04-17-42,T2d_He_polarized_mix_01,T2d_He,He,polarized,mix_01,dual,2026-09-19T04:00Z,complete,complete,1,689,556,1246,1,296,0,475,163,312,,0,312,312,0,0,0,0,0,0,0,1
T2d_He_polarized_mix_02_2026-09-19_04-30-58,T2d_He_polarized_mix_02,T2d_He,He,polarized,mix_02,dual,2026-09-19T04:00Z,complete,complete,1,62,720,783,1,173,166,305,9,296,,166,647,813,0,0,0,0,0,0,0,1
T2d_He_polarized_mix_03_2026-09-19_04-17-42,T2d_He_polarized_mix_03,T2d_He,He,polarized,mix_03,dual,2026-09-19T04:00Z,complete,complete,1,515,953,1472,4,340,1,566,57,509,,0,509,509,0,0,0,0,0,0,0,1
T2d_He_polarized_mix_04_2026-09-19_04-31-09,T2d_He_polarized_mix_04,T2d_He,He,polarized,mix_04,dual,2026-09-19T04:00Z,complete,complete,1,446,1022,1468,0,340,325,564,197,367,,364,962,1326,0,0,0,0,0,0,0,1
T2d_He_polarized_mix_05_2026-09-19_04-32-03,T2d_He_polarized_mix_05,T2d_He,He,polarized,mix_05,dual,2026-09-19T04:00Z,complete,complete,1,1482,224,1706,0,360,225,673,673,0,,224,99,323,0,0,0,0,0,0,0,1
T2d_He_random_er_mix_00_2026-09-19_02-54-27,T2d_He_random_er_mix_00,T2d_He,He,random_er,mix_00,dual,2026-09-19T02:00Z,complete,complete,1,1470,0,1470,0,340,0,565,565,0,,0,0,0,0,0,0,0,0,0,0,1
T2d_He_random_er_mix_01_2026-09-19_02-55-24,T2d_He_random_er_mix_01,T2d_He,He,random_er,mix_01,dual,2026-09-19T02:00Z,complete,complete,1,2126,0,2126,0,488,0,819,819,0,,0,0,0,0,0,0,0,0,0,0,1
T2d_He_random_er_mix_02_2026-09-19_02-55-34,T2d_He_random_er_mix_02,T2d_He,He,random_er,mix_02,dual,2026-09-19T02:00Z,complete,complete,1,1400,0,1400,0,320,0,540,540,0,,0,0,0,0,0,0,0,0,0,0,1
T2d_He_random_er_mix_03_2026-09-19_02-55-43,T2d_He_random_er_mix_03,T2d_He,He,random_er,mix_03,dual,2026-09-19T02:00Z,complete,complete,1,1104,0,1104,0,252,0,426,426,0,,0,0,0,0,0,0,0,0,0,0,1
T2d_He_random_er_mix_04_2026-09-19_03-10-20,T2d_He_random_er_mix_04,T2d_He,He,random_er,mix_04,dual,2026-09-19T03:00Z,complete,complete,1,1838,0,1838,0,416,0,711,711,0,,0,0,0,0,0,0,0,0,0,0,1
T2d_He_random_er_mix_05_2026-09-19_03-13-24,T2d_He_random_er_mix_05,T2d_He,He,random_er,mix_05,dual,2026-09-19T03:00Z,complete,complete,1,1520,0,1520,0,352,1,584,584,0,,0,0,0,0,0,0,0,0,0,0,1
T2d_He_ring_mix_00_2026-09-19_02-51-38,T2d_He_ring_mix_00,T2d_He,He,ring,mix_00,dual,2026-09-19T02:00Z,complete,complete,1,118,0,118,0,36,0,41,41,0,,0,0,0,0,0,0,0,0,0,0,1
T2d_He_ring_mix_01_2026-09-19_02-51-42,T2d_He_ring_mix_01,T2d_He,He,ring,mix_01,dual,2026-09-19T02:00Z,complete,complete,1,139,0,139,0,43,0,48,48,0,,0,0,0,0,0,0,0,0,0,0,1
T2d_He_ring_mix_02_2026-09-19_02-52-47,T2d_He_ring_mix_02,T2d_He,He,ring,mix_02,dual,2026-09-19T02:00Z,complete,complete,1,104,0,104,0,32,0,36,36,0,,0,0,0,0,0,0,0,0,0,0,1
T2d_He_ring_mix_03_2026-09-19_02-53-37,T2d_He_ring_mix_03,T2d_He,He,ring,mix_03,dual,2026-09-19T02:00Z,complete,complete,1,118,0,118,0,38,0,40,40,0,,0,0,0,0,0,0,0,0,0,0,1
T2d_He_ring_mix_04_2026-09-19_02-53-38,T2d_He_ring_mix_04,T2d_He,He,ring,mix_04,dual,2026-09-19T02:00Z,complete,complete,1,121,0,121,0,37,0,42,42,0,,0,0,0,0,0,0,0,0,0,0,1
T2d_He_ring_mix_05_2026-09-19_02-53-59,T2d_He_ring_mix_05,T2d_He,He,ring,mix_05,dual,2026-09-19T02:00Z,complete,complete,1,85,0,85,0,27,0,29,29,0,,0,0,0,0,0,0,0,0,0,0,1
T2d_He_scale_free_mix_00_2026-09-19_03-51-44,T2d_He_scale_free_mix_00,T2d_He,He,scale_free,mix_00,dual,2026-09-19T03:00Z,complete,complete,1,1474,54,1528,0,342,54,593,593,0,,54,309,363,0,0,0,0,0,0,0,1
T2d_He_scale_free_mix_01_2026-09-19_03-58-06,T2d_He_scale_free_mix_01,T2d_He,He,scale_free,mix_01,dual,2026-09-19T03:00Z,complete,complete,1,1739,12,1751,0,399,12,676,676,0,,12,38,50,0,0,0,0,0,0,0,1
T2d_He_scale_free_mix_02_2026-09-19_03-35-38,T2d_He_scale_free_mix_02,T2d_He,He,scale_free,mix_02,dual,2026-09-19T03:00Z,complete,complete,1,1608,342,1950,0,450,0,750,562,188,,0,188,188,0,0,0,0,0,0,0,1
T2d_He_scale_free_mix_03_2026-09-19_03-58-06,T2d_He_scale_free_mix_03,T2d_He,He,scale_free,mix_03,dual,2026-09-19T03:00Z,complete,complete,1,1538,19,1557,0,353,19,602,602,0,,19,33,52,0,0,0,0,0,0,0,1
T2d_He_scale_free_mix_04_2026-09-19_04-09-07,T2d_He_scale_free_mix_04,T2d_He,He,scale_free,mix_04,dual,2026-09-19T04:00Z,complete,complete,1,1110,1207,2318,1,540,0,889,243,646,,0,646,646,0,0,0,0,0,0,0,1
T2d_He_scale_free_mix_05_2026-09-19_04-16-26,T2d_He_scale_free_mix_05,T2d_He,He,scale_free,mix_05,dual,2026-09-19T04:00Z,complete,complete,1,526,1385,1912,1,428,25,742,26,716,,25,716,741,0,0,0,0,0,0,0,1
T2d_He_small_world_mix_00_2026-09-19_03-13-39,T2d_He_small_world_mix_00,T2d_He,He,small_world,mix_00,dual,2026-09-19T03:00Z,complete,complete,1,2332,0,2332,0,526,4,903,903,0,,0,0,0,0,0,0,0,0,0,0,1
T2d_He_small_world_mix_01_2026-09-19_03-22-40,T2d_He_small_world_mix_01,T2d_He,He,small_world,mix_01,dual,2026-09-19T03:00Z,complete,complete,1,2293,0,2293,0,499,0,897,897,0,,0,0,0,0,0,0,0,0,0,0,1
T2d_He_small_world_mix_02_2026-09-19_03-32-31,T2d_He_small_world_mix_02,T2d_He,He,small_world,mix_02,dual,2026-09-19T03:00Z,complete,complete,1,1779,530,2310,1,534,0,888,598,290,,0,290,290,0,0,0,0,0,0,0,1
T2d_He_small_world_mix_03_2026-09-19_03-33-19,T2d_He_small_world_mix_03,T2d_He,He,small_world,mix_03,dual,2026-09-19T03:00Z,complete,complete,1,1497,0,1497,0,329,0,584,584,0,,0,0,0,0,0,0,0,0,0,0,1
T2d_He_small_world_mix_04_2026-09-19_03-42-38,T2d_He_small_world_mix_04,T2d_He,He,small_world,mix_04,dual,2026-09-19T03:00Z,complete,complete,1,1024,548,1573,1,361,0,606,308,298,,0,298,298,0,0,0,0,0,0,0,1
T2d_He_small_world_mix_05_2026-09-19_03-50-30,T2d_He_small_world_mix_05,T2d_He,He,small_world,mix_05,dual,2026-09-19T03:00Z,complete,complete,1,2220,68,2288,0,522,68,883,883,0,,68,0,68,0,0,0,0,0,0,0,1
