topology,rest,articleId,meanMI_T2c,mpr_T2c,maxMI_T2c,kStar_T2c,nScored_T2c,meanMI_T2d,mpr_T2d,maxMI_T2d,kStar_T2d,meanDualGap,meanAgreement,nScored_T2d,delta_T2d_minus_T2c
echo_chamber,biodiversity_food_security,chemtrails_gates_2018_2021,1.0,1.0,0.9999999999999998,,142,2.0,2.0,2.0,,1.0,1.0,125,1.0
echo_chamber,biodiversity_food_security,sai_geoengineering,0.1148,0.1183,1.5000000000000002,,122,1.0794,1.0756,3.0,,1.0556,0.6021,126,0.9645999999999999
echo_chamber,biodiversity_food_security,polar_bears,0.0,0.0,0.0,,133,0.609,0.5933,2.0,,0.609,,133,0.609
echo_chamber,climate_action_advocate,scopex_2017,0.0,0.0,0.0,,8,0.8085,0.8088,1.0,,0.8014,0.375,141,0.8085
echo_chamber,climate_action_advocate,paris_agreement,0.0,0.0,0.0,,6,0.0735,0.0708,2.0,,0.0735,,136,0.0735
echo_chamber,climate_justice_youth,scopex_2017,0.0176,0.0199,1.5000000000000002,,142,2.6788,2.7051,5.0,8.0,2.292,0.5521,137,2.6612
echo_chamber,climate_justice_youth,chemtrails_gates_2018_2021,0.0956,0.0913,0.9999999999999998,,136,1.7483,1.7765,2.0,,0.9161,0.9725,143,1.6527
echo_chamber,climate_justice_youth,sai_geoengineering,0.0468,0.0472,0.4999999999999999,,139,1.0977,1.1061,3.0,,1.094,1.0,133,1.0509
echo_chamber,climate_justice_youth,paris_agreement,0.0187,0.017,0.9999999999999998,,134,0.2748,0.2684,2.0,,0.2748,,131,0.2561
echo_chamber,climate_justice_youth,climate_consensus,0.056,0.0598,1.5000000000000002,,125,1.9593,1.965,3.0,,1.6707,0.8938,123,1.9033
echo_chamber,climate_justice_youth,polar_bears,0.0044,0.0042,0.4999999999999999,,114,1.1888,1.1862,4.0,,1.1259,0.6512,143,1.1844000000000001
echo_chamber,climate_scientist,scopex_2017,0.0,0.0,0.0,,139,0.007,0.0078,1.0,,0.007,,143,0.007
echo_chamber,climate_scientist,chemtrails_gates_2018_2021,0.0102,0.01,0.4999999999999999,,147,0.0149,0.0185,1.0,,0.0164,,134,0.004699999999999999
echo_chamber,climate_scientist,sai_geoengineering,0.0037,0.0035,0.4999999999999999,,134,1.0448,1.046,2.0,,1.0448,,134,1.0411
echo_chamber,climate_scientist,polar_bears,0.0,0.0,0.0,,135,1.6324,1.6398,2.0,,1.6324,,136,1.6324
echo_chamber,conspiracy_believer,scopex_2017,2.2881,2.3606,5.0,,59,4.1111,4.1252,5.0,1.0,2.2951,0.2265,144,1.8230000000000004
echo_chamber,conspiracy_believer,sai_geoengineering,0.4,0.3333,0.9999999999999998,,5,2.3534,2.3567,4.0,,1.5263,0.5468,133,1.9534000000000002
echo_chamber,conspiracy_believer,paris_agreement,4.6429,4.6429,5.0,6.0,7,4.5159,4.5289,5.0,3.0,0.577,-0.0797,126,-0.12699999999999978
echo_chamber,conspiracy_believer,climate_consensus,5.0,5.0,5.0,4.0,5,4.9925,4.9911,5.0,1.0,0.0075,,133,-0.007500000000000284
echo_chamber,conspiracy_believer,polar_bears,0.1429,0.2,0.9999999999999998,,7,1.3103,1.3149,5.0,,0.8405,,116,1.1674
echo_chamber,conspiracy_climate_piggyback,scopex_2017,1.6077,1.5125,3.0,,13,1.2707,1.2577,4.0,,1.0376,0.5582,133,-0.33699999999999997
echo_chamber,conspiracy_climate_piggyback,chemtrails_gates_2018_2021,3.8,3.8,4.0,6.0,5,3.6471,3.6391,5.0,4.0,1.0065,0.7872,153,-0.1528999999999998
echo_chamber,conspiracy_climate_piggyback,sai_geoengineering,0.4167,0.4,1.5000000000000002,,6,2.4631,2.4731,5.0,,1.4987,0.5425,149,2.0463999999999998
echo_chamber,conspiracy_climate_piggyback,paris_agreement,1.5,1.5,2.0,,2,2.5035,2.4825,5.0,,0.9832,0.579,143,1.0034999999999998
echo_chamber,conspiracy_climate_piggyback,climate_consensus,5.0,5.0,5.0,6.0,7,4.7344,4.7324,5.0,3.0,0.0859,0.7889,128,-0.26560000000000006
echo_chamber,conspiracy_climate_piggyback,polar_bears,0.0,0.0,0.0,,5,0.3897,0.3849,2.0,,0.386,0.6124,136,0.3897
echo_chamber,conspiracy_depopulation,scopex_2017,1.9615,1.9063,3.0,,13,3.4488,3.456,5.0,4.0,1.8701,0.0056,127,1.4872999999999998
echo_chamber,conspiracy_depopulation,chemtrails_gates_2018_2021,3.3333,3.4,3.5,,6,4.9371,4.943,5.0,1.0,1.1846,0.6827,143,1.6038000000000001
echo_chamber,conspiracy_depopulation,sai_geoengineering,0.375,0.5,3.0,,8,1.0963,1.1112,3.0,,1.0741,0.5294,135,0.7213
echo_chamber,conspiracy_depopulation,paris_agreement,1.3333,1.3333,2.0,,3,4.4476,4.4403,5.0,3.0,1.3566,-0.205,143,3.1143000000000005
echo_chamber,conspiracy_depopulation,climate_consensus,5.0,5.0,5.0,6.0,6,5.0,5.0,5.0,1.0,0.1295,1.0,139,0.0
echo_chamber,conspiracy_depopulation,polar_bears,0.0,0.0,0.0,,8,0.913,0.9151,2.0,,0.9094,0.25,138,0.913
echo_chamber,conspiracy_haarp_weather,chemtrails_gates_2018_2021,2.8847,2.8846,5.0,6.0,137,4.625,4.6185,5.0,1.0,0.8721,0.6347,104,1.7403
echo_chamber,conspiracy_haarp_weather,sai_geoengineering,0.4876,0.5434,4.0,,105,1.9574,1.9659,5.0,,1.5106,0.4495,141,1.4698
echo_chamber,conspiracy_haarp_weather,paris_agreement,3.4,3.5625,5.0,,15,3.814,3.8439,5.0,3.0,1.3527,0.3256,129,0.41400000000000015
echo_chamber,conspiracy_haarp_weather,climate_consensus,4.5625,4.375,5.0,4.0,8,5.0,5.0,5.0,1.0,0.0172,1.0,145,0.4375
echo_chamber,conspiracy_haarp_weather,polar_bears,0.0,0.0,0.0,,5,0.5429,0.5359,3.0,,0.5429,,140,0.5429
echo_chamber,environmental_concern,scopex_2017,0.0,0.0,0.0,,136,0.1773,0.1752,1.0,,0.1596,1.0,141,0.1773
echo_chamber,environmental_concern,chemtrails_gates_2018_2021,0.0108,0.0116,0.4999999999999999,,139,1.875,1.8812,3.0,,1.0858,0.8538,120,1.8642
echo_chamber,environmental_concern,paris_agreement,0.0139,0.025,0.9999999999999998,,72,0.4786,0.4583,2.0,,0.3929,0.7357,140,0.4647
echo_chamber,environmental_concern,climate_consensus,0.0,0.0,0.0,,134,0.625,0.6314,2.0,,0.6213,1.0,136,0.625
echo_chamber,environmental_concern,polar_bears,0.0,0.0,0.0,,136,1.2336,1.2381,2.0,,1.219,-0.1345,137,1.2336
echo_chamber,mitigation_first_policy,scopex_2017,0.0,0.0,0.0,,143,0.066,0.0566,1.0,,0.066,,106,0.066
echo_chamber,mitigation_first_policy,chemtrails_gates_2018_2021,0.0,0.0,0.0,,143,0.1691,0.1604,2.0,,0.1529,1.0,136,0.1691
echo_chamber,mitigation_first_policy,paris_agreement,0.0459,0.0446,0.9999999999999998,,98,1.1653,1.1592,2.0,,1.1488,0.6124,121,1.1194
echo_chamber,mitigation_first_policy,climate_consensus,0.0,0.0,0.0,,132,0.5923,0.5916,2.0,,0.5808,0.8062,130,0.5923
echo_chamber,mitigation_first_policy,polar_bears,0.0,0.0,0.0,,138,0.6071,0.5789,2.0,,0.6071,,28,0.6071
echo_chamber,ozone_stratosphere_specialist,scopex_2017,0.0,0.0,0.0,,140,0.0071,0.0083,1.0,,0.0071,,140,0.0071
echo_chamber,ozone_stratosphere_specialist,chemtrails_gates_2018_2021,0.385,0.3922,1.5000000000000002,,147,1.9209,1.9347,5.0,,1.0144,0.9639,139,1.5359
echo_chamber,ozone_stratosphere_specialist,paris_agreement,0.0213,0.0221,0.9999999999999998,,141,0.6615,0.4548,3.0,,0.4662,0.5993,65,0.6402
echo_chamber,science_journalist,scopex_2017,0.0,0.0,0.0,,139,0.146,0.1479,1.0,,0.146,,137,0.146
echo_chamber,science_journalist,paris_agreement,0.0414,0.0383,1.5000000000000002,,133,0.4615,0.4206,1.0,,0.4359,1.0,39,0.42010000000000003
hierarchical,biodiversity_food_security,scopex_2017,0.0,0.0,0.0,,3,0.5439,0.5426,1.0,,0.5263,1.0,57,0.5439
hierarchical,biodiversity_food_security,chemtrails_gates_2018_2021,0.0,0.0,0.0,,3,1.8857,1.8933,2.0,,0.9429,1.0,70,1.8857
hierarchical,biodiversity_food_security,paris_agreement,0.0,0.0,0.0,,5,0.3881,0.3997,2.0,,0.403,,67,0.3881
hierarchical,biodiversity_food_security,polar_bears,0.0,0.0,0.0,,10,0.8235,0.8473,3.0,,0.8235,,68,0.8235
hierarchical,climate_action_advocate,chemtrails_gates_2018_2021,1.0,1.0,0.9999999999999998,,3,1.9298,1.9523,2.0,,1.0,0.9718,57,0.9298
hierarchical,climate_justice_youth,chemtrails_gates_2018_2021,1.0,1.0,0.9999999999999998,,5,2.0,2.0,2.0,,1.0,1.0,68,1.0
hierarchical,climate_justice_youth,sai_geoengineering,0.25,0.25,0.4999999999999999,,4,1.3684,1.2113,3.0,,1.3289,0.8027,38,1.1184
hierarchical,climate_justice_youth,climate_consensus,0.0,0.0,0.0,,4,1.6197,1.5893,3.0,,1.4577,0.9545,71,1.6197
hierarchical,climate_justice_youth,polar_bears,0.0,0.0,0.0,,4,0.9286,0.9599,3.0,,0.9357,,70,0.9286
hierarchical,climate_scientist,scopex_2017,0.0,0.0,0.0,,3,0.0,0.0,0.0,,0.0,,64,0.0
hierarchical,climate_scientist,polar_bears,0.0,0.0,0.0,,2,1.5,1.4312,2.0,,1.5,,58,1.5
hierarchical,conspiracy_believer,scopex_2017,2.3333,2.3251,5.0,,54,3.5775,3.5885,5.0,7.0,1.7183,0.3659,71,1.2442000000000002
hierarchical,conspiracy_believer,chemtrails_gates_2018_2021,3.6468,3.6625,5.0,1.0,62,3.0,3.0524,5.0,7.0,0.8657,0.8827,35,-0.6467999999999998
hierarchical,conspiracy_believer,sai_geoengineering,1.6064,1.7306,3.5,,47,1.5873,1.6209,4.0,,1.5397,-0.0908,63,-0.019100000000000117
hierarchical,conspiracy_believer,paris_agreement,4.2909,4.3532,5.0,3.0,66,4.6667,4.6772,5.0,2.0,0.4413,0.233,75,0.3757999999999999
hierarchical,conspiracy_believer,climate_consensus,4.9057,4.9306,5.0,2.0,53,5.0,5.0,5.0,1.0,0.0,,70,0.0942999999999996
hierarchical,conspiracy_believer,polar_bears,0.3188,0.3028,5.0,,69,1.129,1.0697,5.0,,0.9274,,62,0.8102
hierarchical,conspiracy_climate_piggyback,scopex_2017,1.9778,2.0534,5.0,,45,2.5231,2.5165,5.0,7.0,1.44,0.5825,65,0.5452999999999999
hierarchical,conspiracy_climate_piggyback,chemtrails_gates_2018_2021,3.324,3.3462,4.5,4.0,50,3.7941,3.8901,5.0,5.0,0.9368,0.7624,68,0.47009999999999996
hierarchical,conspiracy_climate_piggyback,sai_geoengineering,0.1172,0.1159,1.5000000000000002,,64,1.7778,1.7677,4.0,,1.5069,0.4061,72,1.6606
hierarchical,conspiracy_climate_piggyback,polar_bears,0.0,0.0,0.0,,64,0.7059,0.6442,3.0,,0.7059,,51,0.7059
hierarchical,conspiracy_depopulation,scopex_2017,2.0351,2.0199,5.0,,57,4.1029,4.1538,5.0,1.0,1.6691,-0.0022,68,2.0678
hierarchical,conspiracy_depopulation,climate_consensus,4.1583,4.1461,5.0,1.0,72,4.9437,4.9353,5.0,1.0,0.1775,0.6124,71,0.7854000000000001
hierarchical,conspiracy_haarp_weather,scopex_2017,2.5016,2.4244,5.0,,61,3.6986,3.7034,5.0,5.0,1.7342,0.1673,73,1.197
hierarchical,conspiracy_haarp_weather,sai_geoengineering,1.5207,1.5502,4.0,,58,1.2667,1.3131,4.0,,1.2111,0.5635,45,-0.254
hierarchical,conspiracy_haarp_weather,paris_agreement,3.7808,3.773,5.0,4.0,73,3.3,3.3531,5.0,6.0,1.266,0.4333,50,-0.48080000000000034
hierarchical,conspiracy_haarp_weather,polar_bears,0.0,0.0,0.0,,62,0.8636,0.9809,3.0,,0.8295,0.9031,44,0.8636
hierarchical,environmental_concern,scopex_2017,0.0,0.0,0.0,,2,0.0,0.0,0.0,,0.0,,68,0.0
hierarchical,environmental_concern,sai_geoengineering,0.0,0.0,0.0,,4,1.0377,1.0128,2.0,,1.0377,0.875,53,1.0377
hierarchical,environmental_concern,paris_agreement,0.0,0.0,0.0,,4,0.2609,0.2472,2.0,,0.2609,,46,0.2609
hierarchical,environmental_concern,climate_consensus,0.0,0.0,0.0,,2,0.6825,0.6563,2.0,,0.6587,0.8708,63,0.6825
hierarchical,environmental_concern,polar_bears,0.0,0.0,0.0,,4,0.6275,0.4551,2.0,,0.6275,,51,0.6275
hierarchical,mitigation_first_policy,scopex_2017,0.0,0.0,0.0,,5,0.4655,0.4598,1.0,,0.4655,,58,0.4655
hierarchical,mitigation_first_policy,paris_agreement,0.3333,0.3333,0.9999999999999998,,3,0.3784,0.3656,2.0,,0.3784,,74,0.04510000000000003
hierarchical,ozone_stratosphere_specialist,chemtrails_gates_2018_2021,0.0,0.0,0.0,,2,2.0143,2.0211,3.0,,1.0714,0.8876,70,2.0143
hierarchical,ozone_stratosphere_specialist,sai_geoengineering,0.0,0.0,0.0,,4,0.9667,0.9884,2.0,,0.9667,0.6124,60,0.9667
hierarchical,ozone_stratosphere_specialist,climate_consensus,0.0,0.0,0.0,,6,1.0,1.0134,2.0,,0.9766,0.8062,64,1.0
hierarchical,science_journalist,scopex_2017,0.0,0.0,0.0,,3,0.0,0.0,0.0,,0.0,,69,0.0
hierarchical,science_journalist,chemtrails_gates_2018_2021,0.0,0.0,0.0,,3,0.0769,0.0947,1.0,,0.0615,1.0,65,0.0769
hierarchical,science_journalist,sai_geoengineering,0.0,0.0,0.0,,3,1.2903,1.3012,3.0,,1.2742,0.9186,62,1.2903
hierarchical,science_journalist,polar_bears,0.0,0.0,0.0,,75,1.129,1.1364,3.0,,1.0806,0.4177,62,1.129
linear_chain,biodiversity_food_security,scopex_2017,0.5,0.5,0.9999999999999998,,6,0.75,0.75,2.0,,0.625,-0.0153,8,0.25
linear_chain,biodiversity_food_security,chemtrails_gates_2018_2021,1.0,1.0,0.9999999999999998,,5,2.0,2.0,2.0,,1.1,0.9359,8,1.0
linear_chain,biodiversity_food_security,sai_geoengineering,0.0,0.0,0.0,,5,0.8333,0.8333,2.0,,0.8333,0.6124,6,0.8333
linear_chain,biodiversity_food_security,paris_agreement,0.0,0.0,0.0,,8,0.375,0.375,2.0,,0.375,,8,0.375
linear_chain,biodiversity_food_security,polar_bears,0.0,0.0,0.0,,7,1.5,1.5,3.0,,1.5,,8,1.5
linear_chain,climate_action_advocate,scopex_2017,0.0,0.0,0.0,,8,1.0,1.0,1.0,,1.0,,8,1.0
linear_chain,climate_action_advocate,chemtrails_gates_2018_2021,0.9375,0.9375,0.9999999999999998,,8,2.0,2.0,2.0,,1.0,1.0,6,1.0625
linear_chain,climate_action_advocate,sai_geoengineering,0.0,0.0,0.0,,2,1.5,1.5,3.0,,1.375,0.7041,8,1.5
linear_chain,climate_action_advocate,paris_agreement,0.0,0.0,0.0,,8,0.125,0.125,1.0,,0.125,,8,0.125
linear_chain,climate_action_advocate,climate_consensus,0.0,0.0,0.0,,3,1.25,1.25,3.0,,1.1875,0.4082,8,1.25
linear_chain,climate_action_advocate,polar_bears,0.0,0.0,0.0,,8,1.125,1.125,3.0,,1.125,,8,1.125
linear_chain,climate_justice_youth,scopex_2017,1.0625,1.0625,2.5,,8,3.0,3.0,4.0,,2.25,0.239,8,1.9375
linear_chain,climate_justice_youth,chemtrails_gates_2018_2021,0.875,0.875,0.9999999999999998,,8,2.0,2.0,2.0,,1.0,1.0,8,1.125
linear_chain,climate_justice_youth,sai_geoengineering,0.0,0.0,0.0,,8,1.75,1.75,3.0,,1.4375,0.971,8,1.75
linear_chain,climate_justice_youth,paris_agreement,0.0,0.0,0.0,,3,0.0,0.0,0.0,,0.0,,8,0.0
linear_chain,climate_justice_youth,climate_consensus,0.75,0.75,1.5000000000000002,,8,0.5,0.5,1.0,,0.5,,2,-0.25
linear_chain,climate_scientist,scopex_2017,0.0,0.0,0.0,,8,0.5,0.5,1.0,,0.5,,8,0.5
linear_chain,climate_scientist,chemtrails_gates_2018_2021,0.0,0.0,0.0,,8,0.0,0.0,0.0,,0.0,,6,0.0
linear_chain,climate_scientist,sai_geoengineering,0.0,0.0,0.0,,8,1.0,1.0,2.0,,1.0,,8,1.0
linear_chain,climate_scientist,climate_consensus,0.0,0.0,0.0,,8,0.5,0.5,1.0,,0.5,,8,0.5
linear_chain,climate_scientist,polar_bears,0.0,0.0,0.0,,8,2.0,2.0,2.0,,2.0,,8,2.0
linear_chain,conspiracy_believer,scopex_2017,1.5625,1.5625,3.0,,8,3.75,3.75,5.0,,2.5,-0.147,4,2.1875
linear_chain,conspiracy_believer,chemtrails_gates_2018_2021,3.0,3.0,4.0,5.0,5,3.75,3.75,5.0,6.0,0.625,0.5901,8,0.75
linear_chain,conspiracy_believer,sai_geoengineering,0.0,0.0,0.0,,8,1.0,1.0,3.0,,1.375,,8,1.0
linear_chain,conspiracy_believer,climate_consensus,5.0,5.0,5.0,1.0,8,4.375,4.375,5.0,2.0,0.0,,8,-0.625
linear_chain,conspiracy_believer,polar_bears,0.0,0.0,0.0,,8,0.25,0.25,2.0,,0.25,,8,0.25
linear_chain,conspiracy_climate_piggyback,chemtrails_gates_2018_2021,2.9625,2.9625,4.0,,8,4.0,4.0,4.0,1.0,1.4375,0.9094,8,1.0375
linear_chain,conspiracy_climate_piggyback,sai_geoengineering,0.0,0.0,0.0,,2,0.875,0.875,2.0,,0.875,,8,0.875
linear_chain,conspiracy_climate_piggyback,paris_agreement,3.1667,3.1667,5.0,4.0,6,4.5,4.5,5.0,1.0,0.7625,0.6045,8,1.3333
linear_chain,conspiracy_climate_piggyback,polar_bears,0.0,0.0,0.0,,8,0.875,0.875,2.0,,0.875,,8,0.875
linear_chain,conspiracy_depopulation,scopex_2017,1.875,1.875,5.0,,8,3.875,3.875,5.0,,1.5625,0.4941,8,2.0
linear_chain,conspiracy_depopulation,chemtrails_gates_2018_2021,3.5625,3.5625,4.0,2.0,8,4.5,4.5,5.0,1.0,1.0625,0.5064,8,0.9375
linear_chain,conspiracy_depopulation,sai_geoengineering,0.0,0.0,0.0,,8,2.2857,2.2857,3.0,,1.8571,0.5407,7,2.2857
linear_chain,conspiracy_depopulation,polar_bears,0.0,0.0,0.0,,8,1.625,1.625,2.0,,1.5625,-0.4082,8,1.625
linear_chain,conspiracy_haarp_weather,scopex_2017,2.425,2.425,5.0,,8,3.875,3.875,5.0,5.0,2.575,0.5803,8,1.4500000000000002
linear_chain,conspiracy_haarp_weather,chemtrails_gates_2018_2021,3.65,3.65,4.0,5.0,8,4.0,4.0,4.0,1.0,1.5,0.9364,2,0.3500000000000001
linear_chain,conspiracy_haarp_weather,sai_geoengineering,0.125,0.125,0.9999999999999998,,8,2.5,2.5,3.0,,1.8125,0.5715,8,2.375
linear_chain,conspiracy_haarp_weather,paris_agreement,4.75,4.75,5.0,6.0,8,4.25,4.25,5.0,6.0,1.9375,0.1361,8,-0.5
linear_chain,conspiracy_haarp_weather,climate_consensus,5.0,5.0,5.0,1.0,5,5.0,5.0,5.0,1.0,0.0,,8,0.0
linear_chain,conspiracy_haarp_weather,polar_bears,0.0,0.0,0.0,,8,0.75,0.75,2.0,,0.75,,8,0.75
linear_chain,environmental_concern,scopex_2017,0.0,0.0,0.0,,8,0.0,0.0,0.0,,0.0,,8,0.0
linear_chain,environmental_concern,chemtrails_gates_2018_2021,1.1429,1.1429,2.0,,7,1.75,1.75,2.0,,0.875,1.0,8,0.6071
linear_chain,environmental_concern,paris_agreement,0.0,0.0,0.0,,8,1.625,1.625,2.0,,1.625,,8,1.625
linear_chain,environmental_concern,climate_consensus,0.0,0.0,0.0,,3,1.375,1.375,2.0,,1.1875,0.8062,8,1.375
linear_chain,environmental_concern,polar_bears,0.0,0.0,0.0,,8,0.75,0.75,2.0,,0.75,,8,0.75
linear_chain,mitigation_first_policy,scopex_2017,0.0,0.0,0.0,,3,0.75,0.75,1.0,,0.75,,8,0.75
linear_chain,mitigation_first_policy,chemtrails_gates_2018_2021,0.3125,0.3125,0.4999999999999999,,8,1.0,1.0,1.0,,0.625,1.0,8,0.6875
linear_chain,mitigation_first_policy,sai_geoengineering,0.0,0.0,0.0,,8,1.375,1.375,2.0,,1.375,,8,1.375
linear_chain,mitigation_first_policy,climate_consensus,0.1875,0.1875,0.9999999999999998,,8,1.0,1.0,2.0,,1.0,,8,0.8125
linear_chain,ozone_stratosphere_specialist,scopex_2017,0.0,0.0,0.0,,8,0.25,0.25,1.0,,0.125,1.0,8,0.25
linear_chain,ozone_stratosphere_specialist,chemtrails_gates_2018_2021,0.5,0.5,0.4999999999999999,,8,1.375,1.375,2.0,,0.6875,1.0,8,0.875
linear_chain,ozone_stratosphere_specialist,sai_geoengineering,0.0,0.0,0.0,,3,1.5,1.5,2.0,,1.5,,8,1.5
linear_chain,ozone_stratosphere_specialist,paris_agreement,0.0,0.0,0.0,,8,0.6667,0.6667,2.0,,0.6667,,6,0.6667
linear_chain,ozone_stratosphere_specialist,climate_consensus,0.0,0.0,0.0,,8,1.1429,1.1429,2.0,,1.1429,,7,1.1429
linear_chain,ozone_stratosphere_specialist,polar_bears,0.25,0.25,0.4999999999999999,,6,0.875,0.875,2.0,,0.875,,8,0.625
linear_chain,science_journalist,scopex_2017,0.0,0.0,0.0,,8,0.0,0.0,0.0,,0.0,,7,0.0
linear_chain,science_journalist,chemtrails_gates_2018_2021,0.0,0.0,0.0,,8,0.0,0.0,0.0,,0.0,,3,0.0
linear_chain,science_journalist,sai_geoengineering,0.0,0.0,0.0,,8,1.375,1.375,2.0,,1.375,,8,1.375
polarized,biodiversity_food_security,climate_consensus,0.2474,0.2478,0.9999999999999998,,114,0.0,0.0,0.0,,0.0,,3,-0.2474
polarized,climate_action_advocate,sai_geoengineering,0.0,0.0,0.0,,3,1.0,1.0,2.0,,1.0,,4,1.0
polarized,climate_action_advocate,paris_agreement,0.0,0.0,0.0,,4,1.0,1.0,1.0,,1.0,,4,1.0
polarized,climate_action_advocate,climate_consensus,0.0,0.0,0.0,,5,0.375,0.26,1.0,,0.375,,16,0.375
polarized,climate_justice_youth,scopex_2017,0.0,0.0,0.0,,6,2.5,2.5,3.0,,2.0,0.5103,2,2.5
polarized,climate_justice_youth,sai_geoengineering,0.0,0.0,0.0,,2,1.0,1.0,2.0,,1.0,,4,1.0
polarized,climate_justice_youth,paris_agreement,0.0413,0.0426,0.9999999999999998,,109,0.7778,0.9029,1.0,,0.7778,,27,0.7365
polarized,climate_justice_youth,climate_consensus,0.0,0.0,0.0,,109,0.1389,0.1318,2.0,,0.1296,1.0,108,0.1389
polarized,climate_scientist,scopex_2017,0.016,0.0147,0.9999999999999998,,125,0.0,0.0,0.0,,0.0,,3,-0.016
polarized,climate_scientist,chemtrails_gates_2018_2021,0.0159,0.0135,0.4999999999999999,,126,0.25,0.3333,1.0,,0.25,,4,0.2341
polarized,climate_scientist,paris_agreement,0.0124,0.0107,0.9999999999999998,,121,1.0,1.0,1.0,,0.25,1.0,2,0.9876
polarized,climate_scientist,climate_consensus,0.0,0.0,0.0,,119,0.0,0.0,0.0,,0.0,,2,0.0
polarized,climate_scientist,polar_bears,0.0,0.0,0.0,,75,2.0,2.0,2.0,,2.0,,2,2.0
polarized,conspiracy_believer,scopex_2017,2.7867,2.7718,5.0,,75,3.6667,3.6429,5.0,7.0,2.0556,0.6125,9,0.8799999999999999
polarized,conspiracy_believer,sai_geoengineering,0.2222,0.1667,0.9999999999999998,,18,2.0,1.8,3.0,,1.5,-0.1514,6,1.7778
polarized,conspiracy_believer,paris_agreement,4.6,4.4286,5.0,4.0,10,5.0,5.0,5.0,6.0,0.0,,2,0.40000000000000036
polarized,conspiracy_believer,climate_consensus,5.0,5.0,5.0,7.0,2,5.0,5.0,5.0,4.0,0.0,,2,0.0
polarized,conspiracy_believer,polar_bears,0.0,0.0,0.0,,8,2.5,2.5,3.0,,2.5,,2,2.5
polarized,conspiracy_climate_piggyback,scopex_2017,2.5846,2.4678,5.0,,65,2.6667,2.6667,4.0,,1.0,0.1651,3,0.08210000000000006
polarized,conspiracy_climate_piggyback,chemtrails_gates_2018_2021,3.0455,3.0119,4.0,8.0,11,4.0,4.0,5.0,6.0,0.9,0.75,5,0.9544999999999999
polarized,conspiracy_climate_piggyback,paris_agreement,2.7615,2.7188,5.0,,13,4.5,4.5,5.0,,1.8833,0.0526,6,1.7385000000000002
polarized,conspiracy_climate_piggyback,polar_bears,0.0,0.0,0.0,,6,0.5,0.5,2.0,,0.0,1.0,4,0.5
polarized,conspiracy_depopulation,scopex_2017,2.0,2.0,2.5,,3,4.1364,4.0805,5.0,3.0,2.9409,0.2684,66,2.1364
polarized,conspiracy_depopulation,sai_geoengineering,0.125,0.125,0.4999999999999999,,4,1.1111,1.125,3.0,,1.1111,,9,0.9861
polarized,conspiracy_depopulation,paris_agreement,4.75,4.75,5.0,5.0,4,4.8571,4.8,5.0,3.0,0.7143,,7,0.10709999999999997
polarized,conspiracy_depopulation,climate_consensus,4.75,4.75,5.0,3.0,8,5.0,5.0,5.0,4.0,0.0,,4,0.25
polarized,conspiracy_depopulation,polar_bears,0.0,0.0,0.0,,3,0.6667,0.6667,2.0,,0.6667,,6,0.6667
polarized,conspiracy_haarp_weather,scopex_2017,2.425,2.6167,3.2,8.0,4,4.6364,4.7917,5.0,3.0,1.8818,0.3031,11,2.2114000000000003
polarized,conspiracy_haarp_weather,chemtrails_gates_2018_2021,3.3,3.3,4.0,8.0,5,3.6667,3.6667,5.0,6.0,0.75,0.8325,6,0.36670000000000025
polarized,conspiracy_haarp_weather,sai_geoengineering,1.0,1.0,0.9999999999999998,,3,2.4,2.375,4.0,8.0,1.6,0.2156,5,1.4
polarized,conspiracy_haarp_weather,paris_agreement,4.025,4.025,5.0,7.0,4,5.0,5.0,5.0,6.0,2.3333,,3,0.9749999999999996
polarized,conspiracy_haarp_weather,climate_consensus,4.8,4.8,5.0,6.0,5,5.0,5.0,5.0,5.0,0.0,,4,0.20000000000000018
polarized,environmental_concern,scopex_2017,0.0,0.0,0.0,,115,0.0,0.0,0.0,,0.0,,121,0.0
polarized,environmental_concern,chemtrails_gates_2018_2021,0.0952,0.1122,0.4999999999999999,,126,0.0098,0.0125,1.0,,0.0049,1.0,102,-0.0854
polarized,environmental_concern,sai_geoengineering,0.0,0.0,0.0,,122,0.876,0.8893,2.0,,0.8926,,121,0.876
polarized,environmental_concern,paris_agreement,0.0319,0.0327,0.9999999999999998,,94,1.0,1.0054,2.0,,1.0101,,99,0.9681
polarized,environmental_concern,climate_consensus,0.0,0.0,0.0,,119,0.2992,0.3346,2.0,,0.2992,,127,0.2992
polarized,environmental_concern,polar_bears,0.0,0.0,0.0,,111,0.7245,0.7172,2.0,,0.7245,,98,0.7245
polarized,mitigation_first_policy,chemtrails_gates_2018_2021,0.0,0.0,0.0,,109,0.1111,0.111,1.0,,0.0833,1.0,108,0.1111
polarized,mitigation_first_policy,sai_geoengineering,0.0,0.0,0.0,,67,0.9823,0.9801,2.0,,0.9912,,113,0.9823
polarized,mitigation_first_policy,paris_agreement,0.0049,0.0089,0.4999999999999999,,103,0.7978,0.7626,2.0,,0.7865,1.0,89,0.7928999999999999
polarized,mitigation_first_policy,climate_consensus,0.0,0.0,0.0,,126,0.4299,0.45,2.0,,0.4159,0.8062,107,0.4299
polarized,mitigation_first_policy,polar_bears,0.0,0.0,0.0,,123,1.2083,1.2183,2.0,,1.2058,-0.4082,120,1.2083
polarized,ozone_stratosphere_specialist,scopex_2017,0.0,0.0,0.0,,126,0.0175,0.0132,1.0,,0.0175,,114,0.0175
polarized,ozone_stratosphere_specialist,chemtrails_gates_2018_2021,0.851,0.8792,1.5000000000000002,,104,2.0085,2.016,3.0,,1.1085,0.9154,118,1.1575000000000002
polarized,ozone_stratosphere_specialist,sai_geoengineering,0.0105,0.0139,0.9999999999999998,,95,1.1935,1.1947,3.0,,1.1653,0.6486,124,1.183
polarized,ozone_stratosphere_specialist,paris_agreement,0.192,0.263,3.0,,112,0.6495,0.5943,2.0,,0.6093,0.8222,97,0.45749999999999996
polarized,ozone_stratosphere_specialist,climate_consensus,0.0,0.0,0.0,,120,0.9773,0.9585,2.0,,0.9659,0.6124,88,0.9773
polarized,ozone_stratosphere_specialist,polar_bears,0.0,0.0,0.0,,124,1.5405,1.5208,3.0,,1.4459,0.3345,37,1.5405
polarized,science_journalist,scopex_2017,0.0,0.0,0.0,,74,0.6696,0.6789,2.0,,0.6374,1.0,115,0.6696
polarized,science_journalist,chemtrails_gates_2018_2021,0.0365,0.0364,0.4999999999999999,,115,0.0,0.0,0.0,,0.0,,126,-0.0365
polarized,science_journalist,paris_agreement,0.0785,0.0819,1.5000000000000002,,121,0.8017,0.8304,2.0,,0.5017,0.723,116,0.7232
polarized,science_journalist,climate_consensus,0.0041,0.0035,0.4999999999999999,,122,0.9304,0.9408,2.0,,0.9,0.5332,115,0.9263
polarized,science_journalist,polar_bears,0.0,0.0,0.0,,121,0.9917,0.9912,2.0,,0.9917,,121,0.9917
random_er,biodiversity_food_security,chemtrails_gates_2018_2021,1.0,1.0,0.9999999999999998,,110,2.0069,2.0069,3.0,,1.0194,0.9851,144,1.0069
random_er,biodiversity_food_security,paris_agreement,0.0,0.0,0.0,,115,0.415,0.4142,2.0,,0.4082,0.8062,147,0.415
random_er,biodiversity_food_security,climate_consensus,0.1953,0.2028,0.9999999999999998,,106,1.9301,1.934,3.0,,1.2622,0.9402,143,1.7348
random_er,biodiversity_food_security,polar_bears,0.0,0.0,0.0,,102,0.9577,0.9737,2.0,,0.9613,,142,0.9577
random_er,climate_action_advocate,chemtrails_gates_2018_2021,1.0183,1.0167,2.0,,109,1.9781,1.9812,3.0,,0.9854,0.9914,137,0.9598
random_er,climate_action_advocate,sai_geoengineering,0.0,0.0,0.0,,103,1.1168,1.1806,3.0,,1.073,0.6569,137,1.1168
random_er,climate_action_advocate,paris_agreement,0.0116,0.0125,0.9999999999999998,,86,0.3955,0.395,2.0,,0.3694,1.0,134,0.3839
random_er,climate_justice_youth,scopex_2017,0.1719,0.1911,3.0,,96,2.4388,2.4979,5.0,,1.6942,0.5173,139,2.2669
random_er,climate_justice_youth,chemtrails_gates_2018_2021,0.6667,0.7355,0.9999999999999998,,57,2.0,2.0,2.0,,1.0106,0.9918,142,1.3333
random_er,climate_justice_youth,sai_geoengineering,0.3158,0.3166,1.5000000000000002,,57,0.6204,0.632,3.0,,0.6204,,137,0.3045999999999999
random_er,climate_justice_youth,paris_agreement,0.0,0.0,0.0,,95,0.1221,0.1145,2.0,,0.1221,,131,0.1221
random_er,climate_justice_youth,climate_consensus,0.2206,0.2257,2.0,,102,1.7333,1.7363,4.0,,1.4074,0.8906,135,1.5127000000000002
random_er,climate_scientist,scopex_2017,0.0,0.0,0.0,,132,0.0,0.0,0.0,,0.0,,123,0.0
random_er,climate_scientist,chemtrails_gates_2018_2021,0.1222,0.1246,0.4999999999999999,,126,0.0085,0.0069,1.0,,0.0085,,117,-0.1137
random_er,climate_scientist,sai_geoengineering,0.0294,0.0277,2.0,,136,1.4174,1.4414,2.0,,1.4043,0.9186,115,1.388
random_er,climate_scientist,climate_consensus,0.0,0.0,0.0,,137,0.6667,0.7857,2.0,,0.6667,,9,0.6667
random_er,climate_scientist,polar_bears,0.0064,0.0049,0.4999999999999999,,78,1.9231,1.9286,2.0,,1.9231,,13,1.9167
random_er,conspiracy_believer,scopex_2017,1.9468,1.9739,5.0,,141,4.3204,4.3214,5.0,1.0,2.732,0.1987,103,2.3736
random_er,conspiracy_believer,climate_consensus,4.4839,4.4778,5.0,3.0,155,5.0,5.0,5.0,1.0,0.0,,92,0.5160999999999998
random_er,conspiracy_climate_piggyback,scopex_2017,2.0136,2.0131,5.0,,169,2.7312,2.7235,5.0,8.0,1.2699,0.2391,93,0.7176
random_er,conspiracy_climate_piggyback,chemtrails_gates_2018_2021,3.248,3.2449,5.0,3.0,150,4.4889,4.4375,5.0,1.0,1.5089,0.7837,45,1.2409
random_er,conspiracy_climate_piggyback,sai_geoengineering,0.7647,0.7684,3.5,,153,2.6176,2.656,4.0,,1.8529,0.6043,34,1.8529
random_er,conspiracy_climate_piggyback,polar_bears,0.0,0.0,0.0,,161,2.1081,2.1825,4.0,,1.473,0.4994,37,2.1081
random_er,conspiracy_depopulation,scopex_2017,1.0254,0.9842,5.0,,118,2.6612,2.6611,5.0,,1.9504,0.2509,121,1.6358
random_er,conspiracy_depopulation,chemtrails_gates_2018_2021,3.1017,2.9736,5.0,6.0,119,3.9531,3.9521,5.0,4.0,0.9367,0.6558,128,0.8513999999999999
random_er,conspiracy_depopulation,sai_geoengineering,0.1061,0.0938,0.9999999999999998,,115,1.0556,1.0406,3.0,,1.0437,0.7597,126,0.9495000000000001
random_er,conspiracy_depopulation,paris_agreement,3.7019,3.1976,5.0,4.0,104,4.5462,4.548,5.0,2.0,1.7832,-0.2171,119,0.8442999999999996
random_er,conspiracy_depopulation,climate_consensus,4.904,4.3248,5.0,2.0,125,4.9224,4.9358,5.0,2.0,0.1724,0.9544,116,0.01839999999999975
random_er,conspiracy_haarp_weather,scopex_2017,2.6412,2.6344,5.0,,114,2.1164,2.1195,5.0,,1.3568,0.4468,146,-0.5247999999999999
random_er,conspiracy_haarp_weather,sai_geoengineering,0.1458,0.1511,1.5000000000000002,,120,1.5333,1.5369,4.0,,1.0815,0.5623,135,1.3875000000000002
random_er,conspiracy_haarp_weather,paris_agreement,3.7798,3.7943,5.0,3.0,124,4.5969,4.6103,5.0,1.0,1.224,0.2248,129,0.8170999999999999
random_er,environmental_concern,scopex_2017,0.0,0.0,0.0,,113,0.0377,0.0366,1.0,,0.0236,1.0,106,0.0377
random_er,environmental_concern,chemtrails_gates_2018_2021,1.0071,1.0078,2.0,,141,1.8468,1.8569,2.0,,1.1108,0.8505,111,0.8396999999999999
random_er,mitigation_first_policy,scopex_2017,0.1,0.1003,0.4999999999999999,,55,0.3729,0.3673,1.0,,0.3712,1.0,118,0.27290000000000003
random_er,mitigation_first_policy,chemtrails_gates_2018_2021,0.0894,0.0901,0.4999999999999999,,123,0.2017,0.2038,1.0,,0.1471,1.0,119,0.1123
random_er,mitigation_first_policy,sai_geoengineering,0.0252,0.025,2.0,,119,1.1485,1.1468,3.0,,1.1485,,101,1.1233
random_er,mitigation_first_policy,paris_agreement,0.0103,0.0083,0.9999999999999998,,116,1.4262,1.4305,3.0,,1.4057,0.5946,122,1.4159
random_er,mitigation_first_policy,polar_bears,0.0045,0.0045,0.4999999999999999,,111,0.7917,0.7925,3.0,,0.7917,,120,0.7872
random_er,ozone_stratosphere_specialist,polar_bears,0.0,0.0,0.0,,31,0.7984,0.7952,4.0,,0.7742,0.0559,124,0.7984
random_er,science_journalist,chemtrails_gates_2018_2021,0.0361,0.0821,0.4999999999999999,,97,0.1278,0.1207,1.0,,0.1105,1.0,133,0.0917
random_er,science_journalist,sai_geoengineering,0.0,0.0,0.0,,20,0.8846,0.8808,2.0,,0.8962,1.0,130,0.8846
random_er,science_journalist,paris_agreement,0.0099,0.0089,0.9999999999999998,,101,0.7273,0.8214,2.0,,0.7273,,11,0.7173999999999999
random_er,science_journalist,polar_bears,0.0,0.0,0.0,,123,1.0,0.7696,2.0,,1.0,,31,1.0
ring,biodiversity_food_security,chemtrails_gates_2018_2021,1.0,1.0,0.9999999999999998,,8,2.0,2.0,2.0,,1.0,1.0,4,1.0
ring,biodiversity_food_security,paris_agreement,0.5625,0.5625,0.9999999999999998,,8,0.4286,0.4286,1.0,,0.5714,,7,-0.13390000000000002
ring,biodiversity_food_security,climate_consensus,0.1167,0.1167,0.7000000000000001,,6,0.5,0.5,1.0,,0.5,,8,0.3833
ring,biodiversity_food_security,polar_bears,0.0,0.0,0.0,,8,1.75,1.75,2.0,,1.75,,4,1.75
ring,climate_action_advocate,chemtrails_gates_2018_2021,1.0,1.0,0.9999999999999998,,8,2.0,2.0,2.0,,1.0375,0.9844,8,1.0
ring,climate_action_advocate,sai_geoengineering,0.0,0.0,0.0,,8,1.25,1.25,3.0,,1.0,0.75,8,1.25
ring,climate_action_advocate,climate_consensus,0.375,0.375,0.9999999999999998,,8,1.5,1.5,3.0,,1.1875,1.0,8,1.125
ring,climate_action_advocate,polar_bears,0.0,0.0,0.0,,4,1.25,1.25,2.0,,1.25,,8,1.25
ring,climate_justice_youth,chemtrails_gates_2018_2021,0.625,0.625,0.9999999999999998,,4,2.0,2.0,2.0,,1.0625,0.9515,8,1.375
ring,climate_justice_youth,sai_geoengineering,0.0625,0.0625,0.4999999999999999,,8,0.75,0.75,3.0,,0.75,,8,0.6875
ring,climate_justice_youth,paris_agreement,0.0,0.0,0.0,,3,0.5,0.5,1.0,,0.5,,2,0.5
ring,climate_justice_youth,climate_consensus,0.5625,0.5625,0.9999999999999998,,8,1.0,1.0,2.0,,1.0,,2,0.4375
ring,climate_justice_youth,polar_bears,0.0,0.0,0.0,,8,1.125,1.125,2.0,,1.125,,8,1.125
ring,climate_scientist,scopex_2017,0.0,0.0,0.0,,3,0.0,0.0,0.0,,0.0,,3,0.0
ring,climate_scientist,chemtrails_gates_2018_2021,0.0,0.0,0.0,,8,0.0,0.0,0.0,,0.0,,7,0.0
ring,climate_scientist,paris_agreement,0.0,0.0,0.0,,8,0.75,0.75,2.0,,0.625,0.6124,8,0.75
ring,climate_scientist,climate_consensus,0.0,0.0,0.0,,8,0.75,0.75,1.0,,0.75,,8,0.75
ring,climate_scientist,polar_bears,0.0,0.0,0.0,,8,2.0,2.0,2.0,,2.0,,8,2.0
ring,conspiracy_believer,scopex_2017,1.5625,1.5625,3.0,,8,3.75,3.75,5.0,7.0,1.625,0.8889,8,2.1875
ring,conspiracy_believer,climate_consensus,5.0,5.0,5.0,1.0,5,5.0,5.0,5.0,1.0,0.0,,8,0.0
ring,conspiracy_believer,polar_bears,0.0,0.0,0.0,,5,1.875,1.875,5.0,6.0,0.625,,8,1.875
ring,conspiracy_climate_piggyback,chemtrails_gates_2018_2021,3.5625,3.5625,4.5,4.0,8,3.75,3.75,4.0,6.0,0.625,0.7361,8,0.1875
ring,conspiracy_climate_piggyback,sai_geoengineering,0.1875,0.1875,0.9999999999999998,,8,1.125,1.125,2.0,,1.125,,8,0.9375
ring,conspiracy_climate_piggyback,paris_agreement,3.25,3.25,5.0,8.0,8,2.625,2.625,3.0,,1.275,0.3739,8,-0.625
ring,conspiracy_climate_piggyback,climate_consensus,5.0,5.0,5.0,1.0,8,5.0,5.0,5.0,1.0,0.0,,8,0.0
ring,conspiracy_climate_piggyback,polar_bears,0.0,0.0,0.0,,8,0.625,0.625,2.0,,0.625,,8,0.625
ring,conspiracy_depopulation,chemtrails_gates_2018_2021,3.025,3.025,4.0,6.0,8,4.25,4.25,5.0,2.0,1.375,0.619,4,1.225
ring,conspiracy_depopulation,sai_geoengineering,0.25,0.25,0.9999999999999998,,8,2.125,2.125,3.0,,2.0,0.4082,8,1.875
ring,conspiracy_depopulation,paris_agreement,3.5875,3.5875,5.0,6.0,8,5.0,5.0,5.0,1.0,1.75,-0.4729,8,1.4125
ring,conspiracy_depopulation,polar_bears,0.0,0.0,0.0,,6,1.0,1.0,1.0,,1.0,,2,1.0
ring,conspiracy_haarp_weather,chemtrails_gates_2018_2021,3.375,3.375,4.0,7.0,8,3.875,3.875,4.0,2.0,1.375,0.9414,8,0.5
ring,conspiracy_haarp_weather,sai_geoengineering,2.0625,2.0625,4.0,,8,2.5,2.5,4.0,,1.4375,0.583,8,0.4375
ring,conspiracy_haarp_weather,climate_consensus,4.75,4.75,5.0,1.0,8,5.0,5.0,5.0,1.0,0.1875,,8,0.25
ring,conspiracy_haarp_weather,polar_bears,0.0,0.0,0.0,,8,0.25,0.25,1.0,,0.25,,8,0.25
ring,environmental_concern,scopex_2017,0.0,0.0,0.0,,8,0.0,0.0,0.0,,0.0,,8,0.0
ring,environmental_concern,chemtrails_gates_2018_2021,1.0,1.0,0.9999999999999998,,8,1.125,1.125,2.0,,0.625,1.0,8,0.125
ring,environmental_concern,sai_geoengineering,0.1875,0.1875,0.9999999999999998,,8,2.0,2.0,2.0,,2.0,,3,1.8125
ring,environmental_concern,paris_agreement,0.25,0.25,0.4999999999999999,,2,0.125,0.125,1.0,,0.125,,8,-0.125
ring,environmental_concern,climate_consensus,0.25,0.25,0.4999999999999999,,8,0.375,0.375,2.0,,0.375,,8,0.125
ring,environmental_concern,polar_bears,0.0,0.0,0.0,,8,0.875,0.875,2.0,,0.875,,8,0.875
ring,mitigation_first_policy,scopex_2017,0.0,0.0,0.0,,8,0.0,0.0,0.0,,0.0,,8,0.0
ring,mitigation_first_policy,chemtrails_gates_2018_2021,0.5,0.5,0.4999999999999999,,8,1.0,1.0,1.0,,0.6875,1.0,8,0.5
ring,mitigation_first_policy,paris_agreement,0.0,0.0,0.0,,8,1.5,1.5,2.0,,1.5,,8,1.5
ring,mitigation_first_policy,climate_consensus,0.0,0.0,0.0,,2,0.875,0.875,2.0,,0.875,,8,0.875
ring,mitigation_first_policy,polar_bears,0.0,0.0,0.0,,8,0.5,0.5,2.0,,0.5,,8,0.5
ring,ozone_stratosphere_specialist,scopex_2017,0.0,0.0,0.0,,7,0.0,0.0,0.0,,0.0,,8,0.0
ring,ozone_stratosphere_specialist,chemtrails_gates_2018_2021,1.0625,1.0625,1.5000000000000002,,8,1.875,1.875,2.0,,1.0,1.0,8,0.8125
ring,ozone_stratosphere_specialist,sai_geoengineering,0.0,0.0,0.0,,8,1.125,1.125,2.0,,1.125,,8,1.125
ring,ozone_stratosphere_specialist,climate_consensus,0.0625,0.0625,0.4999999999999999,,8,0.625,0.625,2.0,,0.625,,8,0.5625
ring,science_journalist,scopex_2017,0.0,0.0,0.0,,8,0.0,0.0,0.0,,0.0,,5,0.0
ring,science_journalist,chemtrails_gates_2018_2021,0.5,0.5,0.4999999999999999,,3,1.0,1.0,1.0,,0.5,1.0,8,0.5
ring,science_journalist,sai_geoengineering,0.0625,0.0625,0.4999999999999999,,8,1.625,1.625,2.0,,1.625,,8,1.5625
ring,science_journalist,climate_consensus,0.0,0.0,0.0,,8,1.375,1.375,2.0,,1.3125,0.6124,8,1.375
ring,science_journalist,polar_bears,0.0,0.0,0.0,,8,0.375,0.375,1.0,,0.375,,8,0.375
scale_free,biodiversity_food_security,scopex_2017,0.0677,0.0665,0.9999999999999998,,155,1.2258,1.2283,4.0,,1.0142,0.6921,155,1.1581
scale_free,biodiversity_food_security,chemtrails_gates_2018_2021,0.9968,0.9982,2.0,,156,1.9871,1.9896,2.0,,1.0065,0.9949,155,0.9903000000000001
scale_free,biodiversity_food_security,paris_agreement,0.0497,0.0537,1.2,,145,0.5229,0.5175,2.0,,0.5229,,153,0.4732
scale_free,biodiversity_food_security,climate_consensus,0.2142,0.2163,0.9999999999999998,,155,1.5034,1.5131,3.0,,1.4282,0.6793,149,1.2892000000000001
scale_free,biodiversity_food_security,polar_bears,0.0,0.0,0.0,,162,0.8333,0.8333,2.0,,0.8333,,18,0.8333
scale_free,climate_action_advocate,scopex_2017,0.1293,0.1302,0.4999999999999999,,147,0.2517,0.2591,2.0,,0.2313,0.8449,147,0.12239999999999998
scale_free,climate_action_advocate,chemtrails_gates_2018_2021,0.8312,0.8358,2.0,,154,1.8636,1.8662,2.0,,0.9286,0.9813,154,1.0324
scale_free,climate_action_advocate,sai_geoengineering,0.3533,0.3565,2.0,,150,0.7754,0.7726,2.0,,0.779,,138,0.4221
scale_free,climate_action_advocate,paris_agreement,0.0439,0.0433,0.9999999999999998,,148,0.0736,0.0734,1.0,,0.0736,,163,0.029699999999999997
scale_free,climate_action_advocate,climate_consensus,0.261,0.2616,0.9999999999999998,,159,1.4264,1.4223,3.0,,1.2853,0.9356,129,1.1654
scale_free,climate_justice_youth,scopex_2017,0.2919,0.2902,2.5,,149,2.1613,2.1538,5.0,,1.7761,0.4812,155,1.8694000000000002
scale_free,climate_justice_youth,chemtrails_gates_2018_2021,0.9452,0.9452,0.9999999999999998,,146,1.8591,1.8588,2.0,,1.0671,0.926,149,0.9138999999999999
scale_free,climate_justice_youth,climate_consensus,0.1007,0.0999,0.9999999999999998,,149,1.777,1.7838,3.0,,1.4054,0.9657,148,1.6763
scale_free,climate_justice_youth,polar_bears,0.0035,0.0033,0.4999999999999999,,143,1.2848,1.2773,3.0,,1.2848,,151,1.2812999999999999
scale_free,climate_scientist,sai_geoengineering,0.0064,0.0062,0.9999999999999998,,156,1.1389,1.1481,2.0,,1.1146,1.0,144,1.1325
scale_free,climate_scientist,paris_agreement,0.0255,0.0257,0.9999999999999998,,157,1.1224,1.1224,2.0,,1.102,0.7093,147,1.0969
scale_free,climate_scientist,climate_consensus,0.0,0.0,0.0,,147,0.4924,0.5007,2.0,,0.4924,,132,0.4924
scale_free,climate_scientist,polar_bears,0.0,0.0,0.0,,150,1.5097,1.5127,2.0,,1.5097,,155,1.5097
scale_free,conspiracy_believer,scopex_2017,1.9246,1.9344,5.0,,138,4.3355,4.334,5.0,2.0,1.8,0.0594,152,2.4109
scale_free,conspiracy_believer,chemtrails_gates_2018_2021,3.1606,3.1681,5.0,7.0,132,3.8875,3.8863,5.0,1.0,1.0538,0.7584,160,0.7269000000000001
scale_free,conspiracy_believer,climate_consensus,4.9958,4.9952,5.0,1.0,118,4.9677,4.9674,5.0,1.0,0.0323,,155,-0.028100000000000236
scale_free,conspiracy_believer,polar_bears,0.131,0.1313,2.5,,145,0.2237,0.226,2.0,,0.2237,,152,0.0927
scale_free,conspiracy_climate_piggyback,chemtrails_gates_2018_2021,2.6082,2.6112,4.5,8.0,159,4.013,4.0172,5.0,3.0,1.1935,0.7193,154,1.4047999999999998
scale_free,conspiracy_climate_piggyback,sai_geoengineering,0.6747,0.6738,3.0,,154,1.2338,1.2307,4.0,,1.0584,0.4395,154,0.5591
scale_free,conspiracy_climate_piggyback,paris_agreement,1.7647,1.7606,5.0,,156,2.1634,2.1583,5.0,,0.8758,0.7459,153,0.3987000000000003
scale_free,conspiracy_climate_piggyback,climate_consensus,4.9679,4.9681,5.0,1.0,156,4.1007,4.1075,5.0,4.0,0.1475,0.5295,139,-0.8672000000000004
scale_free,conspiracy_climate_piggyback,polar_bears,0.0,0.0,0.0,,152,0.274,0.2746,4.0,,0.274,,146,0.274
scale_free,conspiracy_depopulation,chemtrails_gates_2018_2021,2.957,2.9503,4.5,6.0,149,3.6824,3.6932,5.0,4.0,0.9223,0.7324,148,0.7254
scale_free,conspiracy_depopulation,sai_geoengineering,0.0174,0.0174,0.9999999999999998,,144,1.2,1.217,4.0,,1.1516,0.5375,155,1.1825999999999999
scale_free,conspiracy_depopulation,paris_agreement,3.7434,3.7513,5.0,1.0,145,4.9552,4.9569,5.0,1.0,1.6493,-0.2996,134,1.2117999999999998
scale_free,conspiracy_depopulation,polar_bears,0.1905,0.1252,2.5,,84,0.5,0.625,2.0,,0.5,,10,0.3095
scale_free,conspiracy_haarp_weather,scopex_2017,2.0953,2.101,5.0,,150,4.3373,4.3378,5.0,2.0,1.4807,0.1028,166,2.242
scale_free,conspiracy_haarp_weather,chemtrails_gates_2018_2021,3.18,3.181,5.0,6.0,150,3.75,3.7531,5.0,3.0,0.8301,0.766,156,0.5699999999999998
scale_free,conspiracy_haarp_weather,paris_agreement,3.774,3.7869,5.0,2.0,150,4.4558,4.4524,5.0,1.0,1.2381,0.4783,147,0.6818
scale_free,conspiracy_haarp_weather,climate_consensus,4.7438,4.7647,5.0,3.0,121,4.9706,4.9709,5.0,1.0,0.1066,0.5934,136,0.2267999999999999
scale_free,environmental_concern,scopex_2017,0.0,0.0,0.0,,5,0.0,0.0,0.0,,0.0,,7,0.0
scale_free,environmental_concern,polar_bears,0.0,0.0,0.0,,6,1.5,1.5,2.0,,1.5,,2,1.5
scale_free,mitigation_first_policy,chemtrails_gates_2018_2021,0.0233,0.0234,0.4999999999999999,,129,0.0134,0.0136,1.0,,0.0067,1.0,149,-0.0099
scale_free,mitigation_first_policy,sai_geoengineering,0.0134,0.0119,2.0,,149,0.784,0.7685,2.0,,0.776,0.6124,125,0.7706000000000001
scale_free,mitigation_first_policy,paris_agreement,0.0469,0.0453,2.0,,128,0.6822,0.68,2.0,,0.686,0.9031,129,0.6353
scale_free,mitigation_first_policy,polar_bears,0.0447,0.0441,0.4999999999999999,,123,0.993,0.996,2.0,,0.993,,142,0.9483
scale_free,ozone_stratosphere_specialist,scopex_2017,0.2,0.125,0.9999999999999998,,5,0.2,0.125,1.0,,0.2,,5,0.0
scale_free,ozone_stratosphere_specialist,chemtrails_gates_2018_2021,1.3333,1.3125,2.5,,6,1.5714,1.6,2.0,,1.2143,0.7674,7,0.23809999999999998
scale_free,ozone_stratosphere_specialist,polar_bears,0.0,0.0,0.0,,5,1.25,1.3333,2.0,,1.25,,4,1.25
scale_free,science_journalist,scopex_2017,0.0032,0.0035,0.4999999999999999,,154,0.5238,0.5293,2.0,,0.4592,0.7694,147,0.5206000000000001
scale_free,science_journalist,polar_bears,0.0,0.0,0.0,,128,0.9079,0.9119,2.0,,0.9079,1.0,152,0.9079
small_world,biodiversity_food_security,scopex_2017,0.0,0.0,0.0,,14,0.5,0.5,1.0,,0.5,,2,0.5
small_world,biodiversity_food_security,sai_geoengineering,0.1875,0.2143,1.5000000000000002,,8,1.3333,1.0,2.0,,1.3333,,3,1.1458
small_world,biodiversity_food_security,paris_agreement,0.0,0.0,0.0,,8,1.0,1.0,1.0,,1.0,,4,1.0
small_world,climate_action_advocate,scopex_2017,0.1026,0.1022,0.4999999999999999,,156,1.075,1.0763,3.0,,0.9956,0.4686,160,0.9723999999999999
small_world,climate_action_advocate,chemtrails_gates_2018_2021,0.9266,0.9275,0.9999999999999998,,143,1.8117,1.8222,2.0,,0.9286,0.9634,154,0.8851000000000001
small_world,climate_action_advocate,sai_geoengineering,0.0073,0.0074,0.6000000000000005,,150,0.6242,0.6203,3.0,,0.6242,,157,0.6169
small_world,climate_action_advocate,polar_bears,0.0,0.0,0.0,,138,0.9926,0.9992,3.0,,1.0,,135,0.9926
small_world,climate_justice_youth,scopex_2017,0.8129,0.8114,5.0,,139,1.527,1.5394,5.0,,1.2196,0.49,148,0.7141
small_world,climate_justice_youth,chemtrails_gates_2018_2021,1.0068,1.0078,2.0,,147,1.9324,1.9321,3.0,,1.0459,0.9292,148,0.9256
small_world,climate_justice_youth,sai_geoengineering,0.0,0.0,0.0,,90,0.913,0.9127,3.0,,0.8447,0.2464,161,0.913
small_world,climate_justice_youth,paris_agreement,0.0,0.0,0.0,,16,0.1097,0.1053,2.0,,0.1097,,155,0.1097
small_world,climate_justice_youth,climate_consensus,0.0,0.0,0.0,,5,1.2484,1.24,3.0,,1.1273,0.9899,161,1.2484
small_world,climate_justice_youth,polar_bears,0.0556,0.0417,0.4999999999999999,,9,0.9276,0.9357,3.0,,0.9178,-0.3687,152,0.872
small_world,climate_scientist,scopex_2017,0.0,0.0,0.0,,7,0.0,0.0,0.0,,0.0,,6,0.0
small_world,climate_scientist,chemtrails_gates_2018_2021,0.0,0.0,0.0,,104,0.0,0.0,0.0,,0.0,,2,0.0
small_world,climate_scientist,sai_geoengineering,0.0014,0.0013,0.2000000000000001,,141,0.5,0.5,1.0,,0.5,,2,0.4986
small_world,climate_scientist,paris_agreement,0.0222,0.0321,0.9999999999999998,,135,1.0,1.0,2.0,,1.0,,5,0.9778
small_world,climate_scientist,climate_consensus,0.0,0.0,0.0,,141,0.0,0.0,0.0,,0.0,,11,0.0
small_world,climate_scientist,polar_bears,0.0,0.0,0.0,,146,1.6438,1.6398,2.0,,1.6438,,160,1.6438
small_world,conspiracy_believer,scopex_2017,2.072,2.0668,5.0,,132,3.9796,3.9768,5.0,1.0,2.2109,0.0568,147,1.9076
small_world,conspiracy_believer,chemtrails_gates_2018_2021,3.1455,3.1553,4.5,3.0,134,3.8125,4.3429,5.0,3.0,1.1563,0.7418,16,0.6669999999999998
small_world,conspiracy_believer,sai_geoengineering,0.3779,0.4043,4.0,,140,2.4,2.375,3.0,,2.1,-0.186,10,2.0221
small_world,conspiracy_believer,climate_consensus,4.7712,4.7787,5.0,2.0,153,4.726,4.7213,5.0,3.0,0.0068,,146,-0.04520000000000035
small_world,conspiracy_believer,polar_bears,0.0,0.0,0.0,,153,0.5576,0.5642,4.0,,0.5576,,165,0.5576
small_world,conspiracy_climate_piggyback,scopex_2017,1.4544,1.4546,5.0,,149,2.7237,2.7223,5.0,,1.352,0.3404,152,1.2693
small_world,conspiracy_climate_piggyback,chemtrails_gates_2018_2021,3.2088,3.2123,4.5,3.0,137,4.8077,4.8064,5.0,2.0,1.6615,0.8032,156,1.5988999999999995
small_world,conspiracy_climate_piggyback,polar_bears,0.0,0.0,0.0,,144,0.7778,0.9286,2.0,,0.7778,,9,0.7778
small_world,conspiracy_depopulation,chemtrails_gates_2018_2021,0.6913,0.6942,4.5,,149,4.22,4.2252,5.0,1.0,0.8613,0.66,150,3.5286999999999997
small_world,conspiracy_depopulation,sai_geoengineering,0.1094,0.1117,3.0,,160,1.0362,1.0314,4.0,,0.9935,0.6846,138,0.9268000000000001
small_world,conspiracy_depopulation,paris_agreement,3.5803,3.5864,5.0,3.0,152,4.4194,4.4107,5.0,1.0,1.7671,0.0427,155,0.8391000000000006
small_world,conspiracy_depopulation,polar_bears,0.0128,0.0126,0.4999999999999999,,156,1.2095,1.2079,2.0,,1.2095,,148,1.1967
small_world,conspiracy_haarp_weather,scopex_2017,2.6479,2.6748,5.0,,140,3.9481,3.9504,5.0,4.0,1.9089,-0.0666,135,1.3002000000000002
small_world,conspiracy_haarp_weather,chemtrails_gates_2018_2021,3.142,3.141,5.0,6.0,143,3.2568,3.2569,5.0,6.0,0.7095,0.8434,148,0.11480000000000024
small_world,conspiracy_haarp_weather,sai_geoengineering,0.193,0.199,3.0,,142,1.5274,1.535,4.0,,1.263,0.3862,146,1.3344
small_world,conspiracy_haarp_weather,paris_agreement,3.3115,3.3024,5.0,5.0,156,4.0132,4.0097,5.0,2.0,1.1395,0.4422,152,0.7017000000000002
small_world,conspiracy_haarp_weather,climate_consensus,4.9375,4.9348,5.0,1.0,136,4.1712,4.1866,5.0,3.0,0.163,0.8226,146,-0.7663000000000002
small_world,conspiracy_haarp_weather,polar_bears,0.0098,0.0099,0.4999999999999999,,153,0.6533,0.6509,3.0,,0.6467,0.3125,150,0.6435
small_world,mitigation_first_policy,scopex_2017,0.0,0.0,0.0,,7,0.8146,0.8156,1.0,,0.8046,1.0,151,0.8146
small_world,mitigation_first_policy,chemtrails_gates_2018_2021,0.05,0.05,0.2000000000000001,,4,0.1579,0.1596,1.0,,0.1434,1.0,152,0.10790000000000001
small_world,mitigation_first_policy,paris_agreement,0.0,0.0,0.0,,8,1.0373,1.0392,2.0,,1.0466,1.0,161,1.0373
small_world,mitigation_first_policy,climate_consensus,0.0,0.0,0.0,,12,1.4026,1.3953,2.0,,1.2857,0.6763,154,1.4026
small_world,mitigation_first_policy,polar_bears,0.0,0.0,0.0,,7,0.7975,0.802,2.0,,0.7975,,158,0.7975
small_world,ozone_stratosphere_specialist,scopex_2017,0.0,0.0,0.0,,6,0.0,0.0,0.0,,0.0,,3,0.0
small_world,ozone_stratosphere_specialist,chemtrails_gates_2018_2021,0.8333,0.8333,1.5000000000000002,,6,2.6,2.6667,3.0,,1.1,0.9826,5,1.7667000000000002
small_world,ozone_stratosphere_specialist,sai_geoengineering,0.0,0.0,0.0,,2,1.5,1.5,2.0,,1.0,0.6124,2,1.5
small_world,ozone_stratosphere_specialist,paris_agreement,0.0,0.0,0.0,,6,0.3333,0.3333,1.0,,0.3333,,3,0.3333
small_world,ozone_stratosphere_specialist,climate_consensus,0.0,0.0,0.0,,12,0.0,0.0,0.0,,0.0,,4,0.0
small_world,science_journalist,scopex_2017,0.0,0.0,0.0,,158,0.0,0.0,0.0,,0.0,,141,0.0
small_world,science_journalist,chemtrails_gates_2018_2021,0.0032,0.0037,0.4999999999999999,,154,0.0197,0.0201,1.0,,0.0132,1.0,152,0.016499999999999997
small_world,science_journalist,sai_geoengineering,0.0132,0.0134,0.9999999999999998,,152,0.8882,0.9147,2.0,,0.8882,1.0,152,0.875
